-- --------------------------------------------------------
-- 호스트:                          127.0.0.1
-- 서버 버전:                        10.11.7-MariaDB - mariadb.org binary distribution
-- 서버 OS:                        Win64
-- HeidiSQL 버전:                  12.6.0.6765
-- --------------------------------------------------------

/*!40101 SET @OLD_CHARACTER_SET_CLIENT=@@CHARACTER_SET_CLIENT */;
/*!40101 SET NAMES utf8 */;
/*!50503 SET NAMES utf8mb4 */;
/*!40103 SET @OLD_TIME_ZONE=@@TIME_ZONE */;
/*!40103 SET TIME_ZONE='+00:00' */;
/*!40014 SET @OLD_FOREIGN_KEY_CHECKS=@@FOREIGN_KEY_CHECKS, FOREIGN_KEY_CHECKS=0 */;
/*!40101 SET @OLD_SQL_MODE=@@SQL_MODE, SQL_MODE='NO_AUTO_VALUE_ON_ZERO' */;
/*!40111 SET @OLD_SQL_NOTES=@@SQL_NOTES, SQL_NOTES=0 */;


-- happypaws 데이터베이스 구조 내보내기
DROP DATABASE IF EXISTS `happypaws`;
CREATE DATABASE IF NOT EXISTS `happypaws` /*!40100 DEFAULT CHARACTER SET utf8mb4 COLLATE utf8mb4_general_ci */;
USE `happypaws`;

-- 테이블 happypaws.seq_prq_no 구조 내보내기
DROP TABLE IF EXISTS `seq_prq_no`;
CREATE TABLE IF NOT EXISTS `seq_prq_no` (
  `next_not_cached_value` bigint(21) NOT NULL,
  `minimum_value` bigint(21) NOT NULL,
  `maximum_value` bigint(21) NOT NULL,
  `start_value` bigint(21) NOT NULL COMMENT 'start value when sequences is created or value if RESTART is used',
  `increment` bigint(21) NOT NULL COMMENT 'increment value',
  `cache_size` bigint(21) unsigned NOT NULL,
  `cycle_option` tinyint(1) unsigned NOT NULL COMMENT '0 if no cycles are allowed, 1 if the sequence should begin a new cycle when maximum_value is passed',
  `cycle_count` bigint(21) NOT NULL COMMENT 'How many cycles have been done'
) ENGINE=InnoDB SEQUENCE=1;

-- 테이블 happypaws.cmty_comment 구조 내보내기
DROP TABLE IF EXISTS `cmty_comment`;
CREATE TABLE IF NOT EXISTS `cmty_comment` (
  `cmty_cmt_seq` int(11) NOT NULL AUTO_INCREMENT,
  `cmty_seq` int(11) NOT NULL,
  `cmty_cmt_parent_seq` int(11) DEFAULT NULL,
  `cmty_cmt_id` varchar(20) NOT NULL,
  `cmty_cmt_content` varchar(500) NOT NULL,
  `cmty_cmt_date` varchar(20) NOT NULL,
  `cmty_cmt_del` varchar(2) DEFAULT 'N',
  PRIMARY KEY (`cmty_cmt_seq`)
) ENGINE=InnoDB AUTO_INCREMENT=131 DEFAULT CHARSET=utf8mb4 COLLATE=utf8mb4_general_ci;

-- 테이블 데이터 happypaws.cmty_comment:~110 rows (대략적) 내보내기
DELETE FROM `cmty_comment`;
INSERT INTO `cmty_comment` (`cmty_cmt_seq`, `cmty_seq`, `cmty_cmt_parent_seq`, `cmty_cmt_id`, `cmty_cmt_content`, `cmty_cmt_date`, `cmty_cmt_del`) VALUES
	(1, 8, NULL, 'user1234', '일단 첫번째 댓글 테스트', '2024-11-01 14:50:38', 'N'),
	(2, 8, NULL, 'user1234', '두번째 댓글입니다.\n\n이거는 띄어쓰기가 있습니다.\n후우우....', '2024-11-01 15:07:09', 'N'),
	(3, 8, NULL, 'user1234', '띄어쓰기는 제대로 구현되지가 않는군여', '2024-11-01 15:07:21', 'N'),
	(4, 8, NULL, 'user1234', 'ㅠㅠ', '2024-11-01 15:17:05', 'N'),
	(5, 8, 1, 'user1234', '첫번째 댓글의 댓글', '2024-11-01 15:46:31', 'N'),
	(6, 8, 4, 'user1234', 'ㅠㅠ의 댓글', '2024-11-01 15:47:15', 'N'),
	(7, 8, 1, 'user1234', '첫번째 댓글의 두번째 답글', '2024-11-01 15:51:34', 'N'),
	(8, 8, 5, 'user1234', '첫번째 댓글의 댓글의 댓글', '2024-11-01 15:51:45', 'N'),
	(9, 8, 7, 'user1234', '너한테는 삭제가 없다?', '2024-11-01 16:09:10', 'N'),
	(12, 10, NULL, 'user1234', '자유게시판 1', '2024-11-05 11:43:46', 'Y'),
	(13, 10, 12, 'user1234', '잘 안되지만 자유게시판 1-1', '2024-11-05 11:47:18', 'N'),
	(14, 10, 13, 'user1234', '자유게시판 1-1-1 입니다.', '2024-11-05 13:16:27', 'N'),
	(15, 10, NULL, 'user1234', '자유게시판2', '2024-11-05 13:41:44', 'Y'),
	(16, 10, 14, 'user1234', '자유게시판 1-1-1-1 입니다.', '2024-11-05 14:46:17', 'Y'),
	(17, 10, NULL, 'user1234', '자유게시판3 입니다.', '2024-11-05 14:48:06', 'N'),
	(18, 10, 17, 'user1234', '자유게시판 3-3', '2024-11-05 14:48:14', 'N'),
	(19, 10, NULL, 'user1234', '성공했어!!!', '2024-11-05 16:22:18', 'N'),
	(20, 10, 18, 'user1234', '자유게시판 3-3-3', '2024-11-05 16:30:42', 'N'),
	(21, 10, 20, 'test1234', '댓글수정완료!', '2024-11-06 10:09:17', 'Y'),
	(22, 10, 21, 'user1234', '넌 뭐야??', '2024-11-06 10:21:35', 'N'),
	(23, 18, NULL, 'user5678', '넵!', '2024-11-08 16:24:39', 'N'),
	(24, 19, NULL, 'user1234', '야돈 귀엽다!', '2024-11-12 18:00:11', 'N'),
	(25, 15, NULL, 'user1234', '여기도 일단 댓글을 달자', '2024-11-14 10:57:12', 'N'),
	(26, 85, NULL, 'admin', '따봉도치야, 고마워!', '2024-11-18 15:15:27', 'N'),
	(27, 17, NULL, 'admin', '우와 너무 귀여워요', '2024-11-18 15:55:30', 'N'),
	(28, 20, NULL, 'admin', '우왕 귀여웡', '2024-11-18 15:56:07', 'N'),
	(29, 85, 26, 'user1234', '따봉도치!!!', '2024-11-18 17:48:24', 'N'),
	(30, 85, NULL, 'Kitten', '따봉도치야 고마워!', '2024-11-19 18:05:18', 'N'),
	(31, 85, NULL, 'test12345', '따봉도치야 고마워!!', '2024-11-19 18:07:06', 'N'),
	(32, 30, NULL, 'Kitten', '진짜진짜? 거짓말~~~!', '2024-11-21 10:38:45', 'N'),
	(33, 87, NULL, 'Kitten', '추천합니다\n', '2024-11-21 10:39:08', 'N'),
	(34, 31, NULL, 'Kitten', '리드줄? \n산책?\n네에?', '2024-11-21 10:39:18', 'N'),
	(35, 92, NULL, 'Kitten', '피추(피카추 추천이라는 뜻)', '2024-11-21 15:27:28', 'N'),
	(36, 91, NULL, 'Kitten', '고양이가 최고죠~~~', '2024-11-21 15:27:43', 'N'),
	(37, 86, NULL, 'Kitten', 'ㄱㅇㅇ', '2024-11-21 15:27:59', 'N'),
	(38, 90, NULL, 'Kitten', '관리자님 글삭하세요', '2024-11-21 15:28:12', 'N'),
	(39, 91, 36, 'Kitten', '맞습니다. 고양이가 최고입니다. 괜히 우주고양이가 홈페이지 메인 사진인게 아닙니다.', '2024-11-21 15:28:26', 'N'),
	(40, 91, 39, 'Kitten', '고양이 고양이 고양이 고양이 고양이....', '2024-11-21 15:29:31', 'N'),
	(41, 93, NULL, 'jisu4175', '반응주세요', '2024-11-21 16:30:01', 'N'),
	(42, 93, NULL, 'jisu4175', '안녕하ㅛ세ㅐ요', '2024-11-21 16:30:06', 'N'),
	(43, 93, 41, 'jisu4175', '헤헤헤헤', '2024-11-21 16:30:23', 'N'),
	(44, 92, NULL, 'jisu4175', '피카피카', '2024-11-21 16:37:11', 'N'),
	(45, 92, NULL, 'jisu4175', '근데 저는 파이리가 좋아요', '2024-11-21 16:37:24', 'N'),
	(46, 94, NULL, 'test12345', 'ㅋㅋㅋㅋㅋㅋㅋㅋㅋㅋㅋㅋㅋㅋㅋㅋ', '2024-11-21 17:30:40', 'N'),
	(47, 85, NULL, 'testkkk', '따봉도치야, 고마워!', '2024-11-21 17:51:49', 'N'),
	(48, 90, 38, 'test12345', '넹..', '2024-11-22 11:10:02', 'Y'),
	(49, 90, 38, 'test12345', '넹..', '2024-11-22 11:10:02', 'N'),
	(50, 90, 38, 'test12345', '??', '2024-11-22 11:10:21', 'N'),
	(51, 87, 33, 'test12345', '넵', '2024-11-22 11:10:34', 'N'),
	(52, 90, NULL, 'Kitten', '아이폰 안댐 ㅠㅠ', '2024-11-22 11:58:26', 'N'),
	(53, 90, NULL, 'Kitten', '헐', '2024-11-22 11:58:30', 'Y'),
	(54, 90, NULL, 'Kitten', '헐', '2024-11-22 11:58:34', 'Y'),
	(55, 98, NULL, 'Kitten', '맛있겠다…', '2024-11-22 16:01:22', 'N'),
	(56, 97, NULL, 'Kitten', '몇년 전에 쓰시던 건가요?\n그리고 패드 정보점요', '2024-11-22 16:02:01', 'N'),
	(57, 99, NULL, 'jisu4175', '헐', '2024-11-22 16:03:22', 'N'),
	(58, 99, NULL, 'jisu4175', '저 알아요', '2024-11-22 16:03:35', 'N'),
	(59, 100, NULL, 'Kitten', '진짜 인정하는 바입니다', '2024-11-22 16:03:37', 'N'),
	(60, 99, 58, 'Kitten', '너무예뻐… 최고에요!', '2024-11-22 16:04:09', 'N'),
	(61, 101, NULL, 'jisu4175', '넹😀', '2024-11-22 16:05:16', 'N'),
	(62, 101, NULL, 'jisu4175', '소통하며 지내요~', '2024-11-22 16:05:22', 'N'),
	(63, 96, NULL, 'jisu4175', 'ㅇㅈ~', '2024-11-22 16:05:45', 'N'),
	(64, 102, NULL, 'user1234', 'sad 쿵야', '2024-11-22 16:07:13', 'N'),
	(65, 101, 62, 'user1234', '댓글 감사합니다아아아...!', '2024-11-22 16:07:28', 'N'),
	(66, 100, NULL, 'user1234', '블랙 핑크 인 유얼 에리아~', '2024-11-22 16:07:41', 'N'),
	(67, 100, 66, 'Kitten', '이젠 달려야지 몰어뜨케~', '2024-11-22 16:08:14', 'N'),
	(68, 100, 67, 'user1234', '난 철없어, 겁없어 man', '2024-11-22 16:08:36', 'N'),
	(69, 100, 68, 'user1234', 'Middle finger up, F-U pay me', '2024-11-22 16:08:45', 'N'),
	(70, 100, 69, 'user1234', '\'90s baby, I pump up the jam\n달려봐, 달려봐, 오빠야 Lambo\n오늘은 너와 나 젊음을 gamble\n감히 날 막지마, 혹시나 누가 날 막아도\nI\'ma go brr, Rambo', '2024-11-22 16:08:58', 'N'),
	(71, 100, 70, 'Kitten', '대댓글 그만 다세요 너무 이상해집니다!', '2024-11-22 16:09:29', 'N'),
	(72, 100, 71, 'user1234', '이거 그러면 최대 대댓글 어느 이상부터는 줄어들기 금지시켜야되는거아닌가요?', '2024-11-22 16:09:57', 'N'),
	(73, 100, 72, 'user1234', '그럴지도?', '2024-11-22 16:10:03', 'N'),
	(74, 100, 73, 'user1234', '어디까지가나보자\n1', '2024-11-22 16:10:13', 'N'),
	(75, 100, 74, 'user1234', '2', '2024-11-22 16:10:16', 'N'),
	(76, 100, 75, 'user1234', '3', '2024-11-22 16:10:19', 'N'),
	(77, 100, 76, 'user1234', '4', '2024-11-22 16:10:22', 'N'),
	(78, 100, 77, 'user1234', '5', '2024-11-22 16:10:24', 'N'),
	(79, 100, 78, 'user1234', '6', '2024-11-22 16:10:27', 'N'),
	(80, 100, 79, 'user1234', '7', '2024-11-22 16:10:30', 'N'),
	(81, 100, 80, 'user1234', '8', '2024-11-22 16:10:32', 'N'),
	(82, 100, 81, 'user1234', '9', '2024-11-22 16:10:34', 'N'),
	(83, 100, 82, 'user1234', '10', '2024-11-22 16:10:37', 'N'),
	(84, 100, 83, 'user1234', '11', '2024-11-22 16:10:45', 'N'),
	(85, 100, 84, 'user1234', '12', '2024-11-22 16:10:47', 'N'),
	(86, 100, 85, 'user1234', '13', '2024-11-22 16:10:50', 'N'),
	(87, 100, 86, 'user1234', '14', '2024-11-22 16:10:52', 'N'),
	(88, 100, 87, 'user1234', '15', '2024-11-22 16:10:56', 'N'),
	(89, 100, 88, 'user1234', '16', '2024-11-22 16:10:58', 'N'),
	(90, 100, 89, 'user1234', '17', '2024-11-22 16:11:02', 'N'),
	(91, 99, NULL, 'test12345', '알기만 해여!! 보진 않았어여!!', '2024-11-22 16:17:41', 'N'),
	(92, 99, 91, 'Kitten', '왜 안보셨나요 ㅠㅠㅠㅠㅠㅠ', '2024-11-22 16:17:54', 'N'),
	(93, 99, NULL, 'jisu4175', '저 캐캐체 좋아했음요', '2024-11-22 16:17:55', 'N'),
	(94, 99, 91, 'jisu4175', '진짜 왜 안봤어요', '2024-11-22 16:18:39', 'N'),
	(95, 99, 91, 'jisu4175', '아무 몰라요?', '2024-11-22 16:18:45', 'N'),
	(96, 103, NULL, 'test12345', '아다다다다다다닫다다다다다다아다다다다다다닫다다다다다\n다아다다다다다다닫다다다다다다아다다다다다다닫다다다다다다아다다다다다다닫다다다다다다아다다다다다다닫다다다다다다', '2024-11-22 16:23:30', 'N'),
	(97, 104, NULL, 'Kitten', '해추(happypaws 추천이라는 뜻)', '2024-11-22 16:49:33', 'N'),
	(98, 104, NULL, 'jisu4175', '한국을 사랑하셔야합니다 여러뷴', '2024-11-22 16:49:56', 'N'),
	(99, 107, NULL, 'user1234', '감사합니다!!', '2024-11-25 12:10:51', 'N'),
	(100, 99, 95, 'test12345', 'ㅠㅠ', '2024-11-25 12:12:43', 'N'),
	(101, 107, NULL, 'jisu4175', '감사합니다!!!!\n\n-옆마을 사람', '2024-11-25 12:29:19', 'N'),
	(102, 98, NULL, 'jisu4175', '헐 저도요\n', '2024-11-25 12:46:50', 'N'),
	(103, 87, NULL, 'jisu4175', '밑에있는거 이누야샤임\n', '2024-11-25 12:47:36', 'N'),
	(104, 85, NULL, 'jisu4175', '따봉도치야 고마워!', '2024-11-25 12:47:46', 'N'),
	(105, 19, NULL, 'jisu4175', '따봉 드립니다\n', '2024-11-25 12:52:35', 'N'),
	(106, 107, NULL, 'test12345', '감사합니다!', '2024-11-25 12:57:11', 'N'),
	(107, 107, NULL, 'Kitten', '감사합니다아아... ⌯ᵔ⩊ᵔ⌯ಣ\n모두모두 지금까지 고생 많으셨습니다아아...! ฅ(՞៸៸> ᗜ < ៸៸՞)ฅ', '2024-11-25 12:58:02', 'N'),
	(108, 108, NULL, 'Kitten', 'Happy ~', '2024-11-25 12:58:39', 'N'),
	(109, 96, NULL, 'Kitten', 'fff', '2024-11-25 12:59:31', 'Y'),
	(110, 86, NULL, 'Kitten', '뭐지? 왜 아까 왜 왜 왜 왜 왜 왜.... 커뮤니티 목록으로 돌아갈 때 잘 안된 거였지...?', '2024-11-25 13:00:06', 'Y'),
	(111, 99, 94, 'Kitten', '그러니까요! 왜 안 본 거야!', '2024-11-25 13:00:30', 'N'),
	(112, 108, NULL, 'Kitten', '바보같애...', '2024-11-25 13:00:55', 'N'),
	(113, 113, NULL, 'jisu4175', '인정', '2024-11-25 14:23:25', 'N'),
	(114, 113, NULL, 'jisu4175', 'ㅇㅈ', '2024-11-25 14:23:28', 'N'),
	(115, 113, NULL, 'jisu4175', '인정하는 바입니다', '2024-11-25 14:23:35', 'N'),
	(116, 111, NULL, 'Kitten', '내한해죠요', '2024-11-25 14:32:18', 'Y'),
	(117, 111, NULL, 'Kitten', '첫번째 댓글이 좀 그런거겠지?\n', '2024-11-25 14:32:45', 'Y'),
	(118, 115, NULL, 'Kitten', '와.... 이건 데빌구가 맞다. ', '2024-11-25 14:33:23', 'N'),
	(119, 114, NULL, 'Kitten', '피그미다', '2024-11-25 14:33:38', 'N'),
	(120, 111, NULL, 'jisu4175', '한국어를 잘 하시네요', '2024-11-25 15:05:48', 'N'),
	(121, 116, NULL, 'user004', '감사합니다.', '2024-11-25 15:12:40', 'Y'),
	(122, 116, 121, 'user004', '열심히 할게요!', '2024-11-25 15:12:47', 'N'),
	(123, 116, 122, 'user004', '화이팅!', '2024-11-25 15:13:02', 'Y'),
	(124, 110, NULL, 'user004', '감사합니다!', '2024-11-25 15:54:51', 'Y'),
	(125, 110, 124, 'user004', '열심히 할게요!', '2024-11-25 15:54:59', 'N'),
	(126, 110, 125, 'user004', '행복하세요!', '2024-11-25 15:55:06', 'Y'),
	(127, 111, 120, 'Kitten', 'ㅋㅋㅋㅋㅋㅋㅋㅋㅋㅋㅋ', '2024-11-25 16:11:15', 'N'),
	(128, 112, NULL, 'Kitten', 'ㅁㄴㅇㄹ', '2024-11-25 16:11:20', 'Y'),
	(129, 118, NULL, 'Kitten', 'ㅅㄷㄴㅅ', '2024-11-25 16:11:47', 'Y'),
	(130, 119, NULL, 'admin', '1', '2024-11-25 17:08:02', 'N');

-- 테이블 happypaws.cmty_up 구조 내보내기
DROP TABLE IF EXISTS `cmty_up`;
CREATE TABLE IF NOT EXISTS `cmty_up` (
  `cmty_up_id` int(11) NOT NULL AUTO_INCREMENT,
  `cmty_seq` int(11) NOT NULL,
  `us_id` varchar(20) NOT NULL,
  `created_at` timestamp NULL DEFAULT current_timestamp(),
  PRIMARY KEY (`cmty_up_id`),
  UNIQUE KEY `cmty_seq` (`cmty_seq`,`cmty_up_id`)
) ENGINE=InnoDB AUTO_INCREMENT=46 DEFAULT CHARSET=utf8mb4 COLLATE=utf8mb4_general_ci;

-- 테이블 데이터 happypaws.cmty_up:~17 rows (대략적) 내보내기
DELETE FROM `cmty_up`;
INSERT INTO `cmty_up` (`cmty_up_id`, `cmty_seq`, `us_id`, `created_at`) VALUES
	(3, 8, 'user1234', '2024-11-05 00:37:18'),
	(12, 14, 'admin', '2024-11-07 02:12:25'),
	(13, 10, 'admin', '2024-11-07 09:02:52'),
	(15, 18, 'user1234', '2024-11-08 05:50:01'),
	(17, 10, 'user1234', '2024-11-12 07:08:17'),
	(19, 19, 'user1234', '2024-11-12 09:00:10'),
	(20, 85, 'user1234', '2024-11-14 05:54:34'),
	(21, 85, 'admin', '2024-11-18 06:15:14'),
	(23, 92, 'Kitten', '2024-11-21 06:27:06'),
	(25, 91, 'Kitten', '2024-11-21 06:27:49'),
	(27, 87, 'test12345', '2024-11-22 02:10:48'),
	(28, 87, 'Kitten', '2024-11-22 02:55:15'),
	(29, 90, 'Kitten', '2024-11-22 02:58:11'),
	(32, 104, 'jisu4175', '2024-11-22 07:41:35'),
	(33, 104, 'Kitten', '2024-11-22 07:49:28'),
	(34, 100, 'jisu4175', '2024-11-22 07:54:46'),
	(37, 107, 'user008', '2024-11-25 02:03:34'),
	(39, 107, 'user1234', '2024-11-25 03:10:52'),
	(40, 19, 'jisu4175', '2024-11-25 03:52:23'),
	(41, 107, 'Kitten', '2024-11-25 03:56:45'),
	(42, 107, 'test12345', '2024-11-25 03:57:21');

-- 테이블 happypaws.community 구조 내보내기
DROP TABLE IF EXISTS `community`;
CREATE TABLE IF NOT EXISTS `community` (
  `cmty_seq` int(11) NOT NULL AUTO_INCREMENT,
  `cmty_id` varchar(20) NOT NULL,
  `cmty_title` varchar(255) NOT NULL,
  `cmty_content` text NOT NULL,
  `cmty_date` varchar(20) NOT NULL,
  `cmty_category` varchar(20) NOT NULL,
  `cmty_count` int(11) DEFAULT 0,
  `cmty_del` varchar(2) DEFAULT 'N',
  PRIMARY KEY (`cmty_seq`)
) ENGINE=InnoDB AUTO_INCREMENT=120 DEFAULT CHARSET=utf8mb4 COLLATE=utf8mb4_general_ci;

-- 테이블 데이터 happypaws.community:~66 rows (대략적) 내보내기
DELETE FROM `community`;
INSERT INTO `community` (`cmty_seq`, `cmty_id`, `cmty_title`, `cmty_content`, `cmty_date`, `cmty_category`, `cmty_count`, `cmty_del`) VALUES
	(1, 'user5678', '고양이와의 첫 산책 도전', '<p>실내에서만 지내던 고양이와 처음으로 산책을 시도해봤어요. 목줄에 익숙해지는 것이 어려워서 처음에는 많이 당황했지만, 점점 고양이도 밖의 세상에 흥미를 가지기 시작했어요.</p><p>물론 강아지와 달리 고양이는 산책에 대해 낯설어했지만, 새로운 냄새와 소리에 호기심을 보이는 모습이 너무 귀여웠어요. 산책은 짧았지만 고양이와 새로운 경험을 함께 해서 기뻤습니다.</p><p>다른 고양이 집사님들도 천천히 시도해보세요. 고양이도 즐길 수 있는 산책이 있을 거예요!!</p>', '2024-10-19 21:07:14', 'General', 1, 'Y'),
	(2, 'user1234', '반려견과의 첫 카페 방문', '<p>반려견과 함께 처음으로 반려동물 동반 카페에 다녀왔어요. 처음이라 긴장했지만, 카페에 다른 강아지들도 많아서 그런지 금방 적응하고 즐거워하는 모습을 보였어요.</p><p>카페에서 제공한 강아지용 간식을 맛있게 먹고, 다른 강아지들과도 교류하면서 즐거운 시간을 보냈답니다. 앞으로도 자주 방문하고 싶어요!</p>', '2024-10-20 12:22:24', 'General', 20, 'N'),
	(3, 'user5678', '강아지와 함께하는 겨울 대비', '<p>겨울이 다가오면서 강아지와 함께 준비해야 할 것들이 많아지고 있어요. 따뜻한 옷과 발 보호용 신발을 준비했는데, 처음 신발을 신겨줬을 때 강아지가 걷는 모습을 보고 웃음이 터졌습니다.</p><p>강아지가 추운 날씨에 산책할 때 발이 시리지 않도록 신발을 적응시키는 것도 정말 중요하다고 생각해요. 처음엔 어색해해도 점점 익숙해질 거랍니다.</p><p>여러분도 겨울 대비 잘하고 계신가요? 반려동물의 건강을 위해 준비를 철저히 하세요!</p>', '2024-10-22 18:50:23', 'General', 17, 'N'),
	(4, 'user1234', '강아지와 고양이의 상호작용 방법', '<p>저희 집에는 강아지와 고양이가 함께 살고 있는데, 두 반려동물의 상호작용을 지켜보는 것이 너무 재미있어요. 처음에는 서로 경계하던 아이들이 이제는 같은 공간에서 자주 함께 있는 모습을 보입니다.</p><p>특히, 고양이가 강아지에게 다가와 그루밍을 해주는 모습은 정말 사랑스러워요. 반려동물들 간의 신뢰가 쌓이는 것을 볼 때마다 마음이 따뜻해집니다.</p><p>두 반려동물을 함께 키우시는 분들도 참을성을 가지고 기다려 보세요. 언젠가 서로를 친구로 받아들일 거예요!</p>', '2024-10-23 18:24:24', 'General', 18, 'N'),
	(5, 'user5678', '입양한 고양이의 새로운 취미', '<p>최근에 입양한 고양이가 새로운 취미를 가지게 되었습니다. 바로 창밖을 보면서 새들을 관찰하는 것인데요, 하루 종일 창가에 앉아있는 모습을 보면 너무나 평화로워 보입니다.</p><p>고양이를 위해 창가에 작은 쿠션을 놓아주었더니, 이제는 그곳이 가장 좋아하는 장소가 되었답니다. 반려묘가 좋아하는 공간을 만들어주는 것도 정말 중요한 것 같아요.</p><p>여러분의 반려동물은 어떤 취미를 가지고 있나요? 함께 공유해요!</p>', '2024-10-25 09:30:24', 'General', 11, 'N'),
	(6, 'user1234', '반려견과의 산책 중 유용한 팁', '<p>반려견과 산책을 할 때마다 느끼는 것이지만, 산책을 즐겁게 하려면 준비물이 중요하다는 것을 깨달았어요. 특히 리드줄, 물병, 그리고 간식은 꼭 챙기는 편입니다.</p><p>그리고 산책 도중 다른 강아지와 만났을 때에는 천천히 접근하도록 유도하고 있어요. 이를 통해 반려견도 다른 반려동물과의 교류에 점점 익숙해지고 있답니다.</p><p>산책은 반려견의 건강과 스트레스 해소에 정말 좋으니 모두 열심히 산책 다니세요!</p>', '2024-10-26 08:07:21', 'General', 17, 'N'),
	(7, 'test1234', '강아지와의 첫 훈련 성공기', '<p>입양한 강아지와 함께 기본적인 훈련을 시작한 지 두 달이 되어갑니다. 처음에는 "앉아", "기다려" 같은 명령어도 잘 알아듣지 못했는데, 지금은 간식을 보이면 곧바로 훈련을 수행한답니다.</p><p>특히 칭찬과 보상을 통해 강아지가 점점 더 자신감을 갖게 되는 것을 보니 너무 기뻐요. 훈련이 끝난 후 강아지가 자랑스럽게 꼬리를 흔드는 모습이 정말 귀엽습니다.</p><p>훈련이 필요하신 분들께서는 인내심을 가지고 꾸준히 해보세요. 시간이 지나면 변화가 느껴질 거예요!</p>', '2024-10-27 14:24:45', 'General', 22, 'N'),
	(8, 'user5678', '고양이와 강아지의 놀이 시간 조절', '<p>고양이와 강아지를 함께 키우다 보니 놀이 시간을 어떻게 조절해야 할지 고민이 됩니다. 각각의 반려동물이 스트레스를 받지 않고 놀이할 수 있도록, 매일 시간을 나누어 놀아주고 있습니다.</p><p>처음에는 강아지가 너무 활발해서 고양이가 힘들어했지만, 점점 서로의 성격을 이해하고 적응해가는 모습이 너무 사랑스럽네요. 각 반려동물의 성격을 잘 파악하고 배려하는 것이 중요한 것 같아요.</p><p>여러분의 반려동물들도 서로 잘 지내나요? 좋은 팁이 있다면 공유해주세요!</p>', '2024-10-30 07:07:07', 'General', 17, 'N'),
	(9, 'user1234', '자유게시판 글!!!', '<p>안녕하세요!! 반가워요!!!</p>', '2024-11-01 12:11:20', 'General', 29, 'N'),
	(10, 'test1234', '강아지 훈련 중 있었던 일', '<p>입양 후 기초 훈련을 시작한 지 2주가 지났습니다. 간단한 명령어인 "앉아"와 "기다려"를 배우는 중인데, 생각보다 강아지가 잘 따라줘서 기쁘네요.</p><p>특히 간식을 줄 때마다 점점 더 집중력이 좋아지고 있는 것 같아요. 훈련은 인내심과 칭찬이 정말 중요한 것 같아요.</p><p>여러분의 반려견도 훈련을 받고 있나요? 함께 경험을 공유해요!</p>', '2024-11-02 02:24:42', 'General', 10, 'N'),
	(11, 'user1234', '자유게시판 테스트', '<p>자유 게시판 테스트!!</p><p>안녕하세요 반갑습니다!!</p><p><br></p><p>안녕!!</p>', '2024-11-05 10:34:09', 'General', 68, 'N'),
	(12, 'test1234', '반려동물 용품 추천합니다', '<p>입양 후 준비한 반려동물 용품 중 가장 유용했던 몇 가지를 공유하려고 해요. 먼저 물그릇과 밥그릇은 정말 중요한데, 쉽게 넘쳐버리지 않는 디자인을 선택하는 게 좋더라구요.</p><p>그리고 실내에서 사용하는 간이 화장실과 배변 패드도 필수였어요. 또, 강아지가 좋아하는 장난감도 몇 가지 준비해줬는데 그중에 공놀이 장난감이 특히 효과적이었어요.</p><p>혹시 다른 용품 추천도 필요하시면 언제든 물어봐 주세요!</p>', '2024-11-05 15:12:42', 'General', 8, 'N'),
	(13, 'user1234', '글씨 여러줄!', '<p class="ql-align-right">아</p><p>에</p><p>이</p><p>오</p><p>우</p><p><br></p>', '2024-11-06 12:59:00', 'General', 24, 'N'),
	(14, 'user1234', '1', '<p>1</p>', '2024-11-06 12:59:10', 'General', 1, 'Y'),
	(15, 'user1234', '고양이와 강아지의 우정 이야기', '<p>저희 집에는 고양이 한 마리와 강아지 한 마리가 함께 살고 있어요. 처음에는 서로에게 적응하기 힘들어했지만, 지금은 아주 절친이 되었답니다.</p><p>고양이는 높은 곳에서 강아지를 내려다보면서 장난을 걸고, 강아지는 그런 고양이를 쫓아다니며 놀아요. 가끔 서로를 그루밍해주는 모습을 보면 정말 행복합니다.</p><p>두 반려동물이 서로 의지하고 있는 모습에 마음이 따뜻해져요.</p>', '2024-11-07 12:40:40', 'General', 10, 'N'),
	(16, 'user1234', '귀여운 아냐사진 하나 투척해요!!', '<p class="ql-align-center">아냐사진입니다!</p><p class="ql-align-center">귀여운 아냐사진 하나 투척하고 갑니닷!! 많관부!!</p><p><br></p><img src="/resources/boarduploads/36875aca-1bfd-4a95-8596-dd751e574533_3da47866-2d16-4c4c-99f4-592e026b4336_ezgif.com-video-to-gif-converter.gif" style="width: 383px; height: auto; display: block; margin-left: auto; margin-right: auto; text-align: center;" class="ql-align-center"><p><br></p><p><br></p><p><br></p><img src="/resources/boarduploads/dd6fca20-c65a-4aa8-9375-fb61d019c669_19a3c33e-7454-4e83-ab9b-7456e22bcd11_0001841947_001_20240915075507907.gif" style="width: 350px; height: auto; display: block; margin-left: auto; margin-right: auto; text-align: center;" class="ql-align-center"><p><br></p><p><br></p>', '2024-11-08 09:40:19', 'General', 1, 'N'),
	(17, 'user1234', '피츄 귀엽죠!!!', '<p><img src="/resources/boarduploads/5ce8c457-fd96-4111-b810-7250f3c2ad5d_피츄.png" style="max-width: 450px; width: 100%;"></p>', '2024-11-08 10:08:29', 'General', 20, 'N'),
	(18, 'test1234', '우리 강아지의 하루 일과 공유해요', '<p>안녕하세요, 오늘은 강아지와 함께한 하루를 공유해보려고 해요. 아침 일찍 산책을 시작으로 하루를 시작했습니다.</p><p>산책 후에는 좋아하는 간식을 먹고, 나른하게 낮잠을 자더라구요. 오후에는 근처 공원에서 공놀이도 했는데 정말 신나했어요.</p><p>저녁에는 저와 함께 TV를 보며 쉴 수 있는 시간을 가졌답니다. 강아지와의 하루가 매일매일 소중하고 특별해요.</p><p>여러분의 반려동물 하루는 어떤가요?</p>', '2024-11-08 10:22:24', 'General', 15, 'N'),
	(19, 'user1234', '저희 회사 로고인데 어떠신가요??', '<img src="/resources/boarduploads/212150e7-4f99-4362-8319-2b3b6fcb64a0_logo.png" style="max-width: 450px; width: 100%; display: block; margin-left: auto; margin-right: auto; text-align: center;" class="ql-align-center"><p><br></p><p><br></p><p>저희 회사 로고에요!!!</p>', '2024-11-08 14:49:53', 'General', 2, 'N'),
	(20, 'user5678', '후우!!! 안녕하세요!!', '<img src="/resources/boarduploads/6cdbb6ca-2e8b-4874-9af4-0105e3455ed6_야돈.jpg" style="max-width: 450px; width: 100%;"><p><br></p><p>ㅎㅎ..</p>', '2024-11-08 16:59:47', 'General', 82, 'N'),
	(21, 'test1234', '잃어버린 반려견 찾기 후기', '<p>며칠 전에 잃어버린 반려견을 찾았어요. 정말 많이 걱정했었지만 다행히 이웃의 도움으로 무사히 돌아왔습니다. 이번 일을 계기로 강아지의 목걸이에 이름표를 달아주었어요.</p><p>반려동물을 잃어버리는 것은 정말 마음 아픈 일이지만, 끝까지 포기하지 않는 것이 중요한 것 같아요. 모두들 반려동물의 안전을 잘 챙기세요!</p>', '2024-10-21 15:24:32', 'FoundReview', 19, 'N'),
	(22, 'user5678', '잃어버린 반려묘를 찾은 후기', '<p>며칠 전에 잃어버린 반려묘를 드디어 찾았어요. 정말 힘든 시간들이었지만, 포기하지 않고 주변 이웃들과 함께 찾은 덕분에 무사히 돌아왔답니다.</p><p>고양이는 다소 야위었지만 건강에는 큰 문제가 없었어요. 이번 일을 계기로 반려묘의 목걸이에 GPS를 장착해야겠다고 결심했답니다.</p><p>혹시나 반려묘를 잃어버린 분들께 조금이라도 도움이 되었으면 좋겠습니다. 모두 힘내세요!</p>', '2024-10-28 01:00:40', 'FoundReview', 19, 'N'),
	(23, 'user5678', '고양이 찾기 후기와 팁', '<p>며칠 전 집을 나가버린 고양이를 찾기 위해 정말 많은 노력을 기울였습니다. 다행히 근처 공원에서 발견했는데, 너무 놀란 나머지 도망치지 않도록 천천히 다가갔어요.</p><p>고양이를 찾을 때 중요한 점은 급하게 다가가지 않는 것과, 고양이가 좋아하는 간식을 준비해두는 것이었어요. 이런 작은 것들이 고양이를 다시 안전하게 집으로 데려오는 데 큰 도움이 되었답니다.</p><p>혹시 잃어버린 반려동물을 찾고 계신 분들께 조금이라도 도움이 되었으면 좋겠어요.</p>', '2024-11-03 23:30:20', 'FoundReview', 18, 'N'),
	(24, 'user5678', '잃어버린 강아지를 찾았습니다.', '<p>며칠 전 잃어버린 강아지를 드디어 찾았어요. 처음에는 정말 당황스럽고 힘들었지만, 주변 이웃들이 많이 도와주셔서 무사히 찾을 수 있었습니다.</p><p>강아지는 많이 겁에 질려 있었지만, 집에 오자마자 곧바로 안정되었어요. 잃어버린 동안 무슨 일이 있었는지 모르지만, 앞으로는 더 잘 지켜줘야겠다고 다짐했어요.</p><p>다른 분들도 혹시 잃어버린 반려동물을 찾고 계시다면 포기하지 말고 주변의 도움을 받으세요.</p>', '2024-11-06 15:32:49', 'FoundReview', 25, 'N'),
	(25, 'user1234', '잃어버린 고양이를 찾았습니다!', '<p>지난주에 잃어버린 고양이를 드디어 찾았어요. 정말 너무 걱정하고 힘들었던 시간이었는데 기적적으로 돌아왔답니다.</p><p>이웃 주민분들께서 고양이를 봤다고 연락을 주셔서 무사히 데리고 왔어요. 아직도 꿈만 같은 일이에요.</p><p>고양이는 약간 야위었지만, 다행히 건강에 큰 문제는 없었어요. 이번 일을 통해 지역 커뮤니티의 따뜻함을 다시 한 번 느꼈답니다.</p><p>모두들 관심 가져주셔서 정말 감사합니다.</p>', '2024-11-10 14:34:40', 'FoundReview', 21, 'N'),
	(26, 'test1234', '반려동물과의 첫 가족 사진 촬영', '<p>가족들과 함께 반려동물과 첫 가족 사진을 찍었어요. 강아지가 카메라 앞에서 어떻게 행동할지 걱정되었지만, 생각보다 얌전히 앉아서 촬영을 잘 마칠 수 있었어요.</p><p>가끔씩 고개를 갸우뚱하는 모습이 너무 귀엽더라구요. 이번 가족 사진은 우리 가족에게 정말 소중한 추억이 될 것 같아요.</p><p>다른 분들도 반려동물과 함께 가족 사진을 찍어보세요! 정말 특별한 경험이 될 거예요.</p>', '2024-10-24 16:40:24', 'AdoptionReview', 16, 'N'),
	(27, 'user1234', '강아지와의 첫 물놀이 후기', '<p>이번 주말에 강아지와 함께 첫 물놀이를 다녀왔습니다. 처음 물에 들어가는 것이라 많이 두려워했지만, 저와 함께 물속에서 조금씩 적응하면서 즐거워하는 모습을 보였어요.</p><p>특히 물속에서 공을 쫓아가며 노는 모습을 보니 정말 기뻤습니다. 물놀이를 통해 강아지와 더 친해진 느낌이 들어요.</p><p>여러분도 반려동물과 함께 물놀이를 시도해보세요! 다만 안전하게 준비하는 것이 중요하답니다.</p>', '2024-10-29 17:50:30', 'AdoptionReview', 13, 'N'),
	(28, 'user5678', '새로운 강아지와의 적응 과정', '<p>새로 입양한 강아지가 우리 집에 온 지 일주일이 지났습니다. 처음에는 집 안 구석구석을 탐색하느라 정신이 없더니, 이제는 익숙해졌는지 자기 자리를 찾아가더라구요.</p><p>특히 잠잘 때 제 옆에 와서 누워 있는 모습을 보면 너무나 사랑스럽습니다. 앞으로 더 많은 시간을 함께 보내며 추억을 쌓아가고 싶어요.</p>', '2024-10-31 21:29:59', 'AdoptionReview', 15, 'N'),
	(29, 'user1234', '반려동물과의 캠핑 도전 후기', '<p>반려견과 함께 캠핑을 다녀왔습니다. 처음에는 어떻게 준비해야 할지 몰라서 걱정이 많았는데, 다행히 모든 것이 잘 준비되어 즐거운 시간을 보냈어요.</p><p>특히 강아지가 새로운 환경에서도 잘 적응하는 모습을 보면서 정말 뿌듯했습니다. 캠핑장에서 자유롭게 뛰어다니는 강아지를 보니 너무 행복했어요.</p><p>반려견과 함께하는 캠핑을 고민하시는 분들께 추천드리고 싶어요!</p>', '2024-11-01 11:30:00', 'AdoptionReview', 1, 'N'),
	(30, 'user1234', '나중에 css 할꺼임', '<p>할꺼임</p>', '2024-11-01 16:40:49', 'AdoptionReview', 3, 'Y'),
	(31, 'user1234', '입양 후 반려견과의 첫 산책 후기', '<p>오늘은 드디어 강아지와 첫 산책을 다녀왔어요. 처음이라 조금 두려워했지만, 금세 산책의 재미를 알게 된 것 같아요.</p><p>산책 중 다른 강아지들을 보자 흥분하는 모습을 보이기도 했지만, 차분히 달래면서 무사히 산책을 마쳤습니다. 앞으로도 매일 산책을 다니며 강아지의 건강을 잘 챙겨주려구요.</p><p>첫 산책을 준비하시는 분들께서는 리드줄을 꼭 안전하게 착용하셔야 해요!</p>', '2024-11-04 02:24:50', 'AdoptionReview', 2, 'N'),
	(32, 'test1234', '글써보기', '<p>글 써보기</p><p>흠냐!!</p>', '2024-11-06 15:47:01', 'AdoptionReview', 34, 'N'),
	(33, 'user5678', '강아지와 함께한 첫 여행 후기', '<p>입양한 지 3개월 된 강아지와 첫 여행을 다녀왔습니다. 처음에는 긴장한 모습이었지만, 시간이 지나면서 즐거워하는 모습을 보여주었어요.</p><p>특히 바닷가에서 모래를 파는 모습은 너무 귀엽고 인상 깊었어요. 반려견과의 여행은 준비할 게 많았지만 그만큼 소중한 추억이 된 것 같아요.</p><p>다음번엔 캠핑도 도전해보고 싶어요. 반려견과 함께하는 여행에 대해 궁금한 점이 있으시면 질문해 주세요!</p>', '2024-11-09 08:24:32', 'AdoptionReview', 2, 'N'),
	(34, 'test1234', '입양 후 강아지의 첫날 이야기', '<p>오늘은 강아지를 입양한 첫날이었어요. 처음 우리 집에 온 강아지는 낯설어하면서도 호기심 가득한 눈빛을 보였답니다.</p><p>특히 소파에 올라가려고 노력하는 모습이 너무 귀엽더라구요. 낯선 환경에서 잘 적응할 수 있을지 걱정되었지만 생각보다 차분하게 행동해서 놀랐어요.</p><p>처음에는 조금 겁을 먹었는지 소심하게 움직이더니, 몇 시간이 지나니 꼬리를 흔들며 저희 가족에게 다가오기 시작했어요.</p><p>앞으로 이 아이와 함께 할 시간이 기대됩니다.</p>', '2024-11-11 11:11:11', 'AdoptionReview', 17, 'N'),
	(84, 'user1234', '맛점하세요!!', '<img src="/resources/boarduploads/9cb6489a-a31b-47f4-8402-0a63333372dd_화면 캡처 2024-11-14 144905.png" style="max-width: 450px; width: 100%; display: block; margin-left: auto; margin-right: auto; text-align: center;"><p><br></p><p class="ql-align-center">맛점하세요!!</p>', '2024-11-14 14:49:43', 'General', 1, 'N'),
	(85, 'user1234', '귀여운 고슴도치 사진 보고 가세요!!! 행운이 가득', '<img src="/resources/boarduploads/9023f85c-ee09-4a70-bc3e-8330b5c026bc_따봉도치.png" style="max-width: 450px; width: 100%;"><p><br></p>', '2024-11-14 14:54:16', 'General', 17, 'N'),
	(86, 'test12345', '오늘 하루도 화이팅!!', '<p>오늘 하루도 화이팅 이에요!!</p><p><br></p><p><img src="/resources/boarduploads/bfb9f503-c30d-4694-a0ee-e238f5fee145_병아리.gif" style="max-width: 450px; width: 100%;"></p>', '2024-11-20 09:53:19', 'General', 10, 'N'),
	(87, 'test12345', '행복하세요~!', '<p><img src="/resources/boarduploads/cbc68d7b-4fe9-4245-a755-76f8f8f103a6_IMG_1416.jpg" style="max-width: 450px; width: 100%; display: block; margin-left: auto; margin-right: auto; text-align: center;"></p>', '2024-11-20 10:18:32', 'General', 15, 'N'),
	(88, 'admin', '진짜 이게 말이 되나? ', '<p><img src="/resources/boarduploads/10a1b721-9476-4ef1-9880-5dd9ca42c983_프사2.png">ㅋㅋㅋ</p>', '2024-11-20 10:53:31', 'General', 3, 'Y'),
	(89, 'admin', '사진 안됨!~', '<p><img src="/resources/boarduploads/f15d43e4-57e3-47de-bc71-382676ee23f8_프사.png" style="max-width: 450px; width: 100%;">ㅋㅋㅋ</p>', '2024-11-20 10:54:11', 'General', 2, 'Y'),
	(90, 'admin', '하하하', '<p>오~~~~</p><p><br></p><p>좋은데~!!!</p><p><br></p>', '2024-11-20 11:00:30', 'General', 6, 'N'),
	(91, 'Kitten', '여러분들은 고양이랑 강아지랑 어떤 동물이 더 좋으세요?', '<p><img src="/resources/boarduploads/0ab01ce9-75f8-405c-b844-b0dd39db6663_프사.png" style="max-width: 450px; width: 289.297px; display: block; margin-left: auto; margin-right: auto; text-align: center; height: auto;"></p><p class="ql-align-center">고양이? 강아지? </p><p class="ql-align-center">저는 무조건...</p><p class="ql-align-center">고양이라고 생각합니다</p><p class="ql-align-center">왜냐면 고양이는 무적이기 때문이지요</p><p class="ql-align-center"><img src="/resources/boarduploads/1a803033-af52-41dc-b6de-20ea6231a2ed_프사2.png" style="max-width: 450px; width: 100%;"></p><p class="ql-align-center">간혹 강아지가 더 좋다는 사람들도 있다고는 하지만...</p><p class="ql-align-center">이해할 수 있습니다</p><p class="ql-align-center">사람의 취향은 다양한 것이기 때문에...</p><p class="ql-align-center"><br></p><p class="ql-align-center"><img src="/resources/boarduploads/284e28d2-38a4-4898-9100-1140789902f6_슬로건.png" style="max-width: 450px; width: 100%;"></p><p class="ql-align-center"><br></p><p class="ql-align-center">고양이 만세~</p>', '2024-11-21 15:19:47', 'General', 2, 'Y'),
	(92, 'Kitten', '댄싱 피카츄', '<p><img src="/resources/boarduploads/650823e4-984e-45a4-9779-8f14423d8951_Shi2Xbbh6wW__z8JkYG7yADrZqQZQ-7HSe6gePs_8nk_mMCVbutNBpYPnq9Z75InmjkZjjGSENDPoXbTCQApUQ.gif" style="max-width: 450px; width: 100%;"></p><p>헤이 부기우기 밤밤 렛츠고 부기우기 움 움 🎵 ＼ ٩( ᐛ )و /／</p><p>헤이 부기우기 밤밤 렛츠고 부기우기 움 움 🎵 ＼ ٩( ᐛ )و /／</p><p>헤이 부기우기 밤밤 렛츠고 부기우기 움 움 🎵 ＼ ٩( ᐛ )و /／</p><p>헤이 부기우기 밤밤 렛츠고 부기우기 움 움 🎵 ＼ ٩( ᐛ )و /／</p><p>헤이 부기우기 밤밤 렛츠고 부기우기 움 움 🎵 ＼ ٩( ᐛ )و /／</p><p>헤이 부기우기 밤밤 렛츠고 부기우기 움 움 🎵 ＼ ٩( ᐛ )و /／</p><p>헤이 부기우기 밤밤 렛츠고 부기우기 움 움 🎵 ＼ ٩( ᐛ )و /／</p><p>헤이 부기우기 밤밤 렛츠고 부기우기 움 움 🎵 ＼ ٩( ᐛ )و /／</p><p>헤이 부기우기 밤밤 렛츠고 부기우기 움 움 🎵 ＼ ٩( ᐛ )و /／</p><p>헤이 부기우기 밤밤 렛츠고 부기우기 움 움 🎵 ＼ ٩( ᐛ )و /／</p><p>헤이 부기우기 밤밤 렛츠고 부기우기 움 움 🎵 ＼ ٩( ᐛ )و /／</p><p>헤이 부기우기 밤밤 렛츠고 부기우기 움 움 🎵 ＼ ٩( ᐛ )و /／</p><p>헤이 부기우기 밤밤 렛츠고 부기우기 움 움 🎵 ＼ ٩( ᐛ )و /／</p><p>헤이 부기우기 밤밤 렛츠고 부기우기 움 움 🎵 ＼ ٩( ᐛ )و /／</p><p>헤이 부기우기 밤밤 렛츠고 부기우기 움 움 🎵 ＼ ٩( ᐛ )و /／</p><p>헤이 부기우기 밤밤 렛츠고 부기우기 움 움 🎵 ＼ ٩( ᐛ )و /／</p><p>헤이 부기우기 밤밤 렛츠고 부기우기 움 움 🎵 ＼ ٩( ᐛ )و /／</p><p>헤이 부기우기 밤밤 렛츠고 부기우기 움 움 🎵 ＼ ٩( ᐛ )و /／</p><p>헤이 부기우기 밤밤 렛츠고 부기우기 움 움 🎵 ＼ ٩( ᐛ )و /／</p><p>헤이 부기우기 밤밤 렛츠고 부기우기 움 움 🎵 ＼ ٩( ᐛ )و /／</p><p>헤이 부기우기 밤밤 렛츠고 부기우기 움 움 🎵 ＼ ٩( ᐛ )و /／</p><p>헤이 부기우기 밤밤 렛츠고 부기우기 움 움 🎵 ＼ ٩( ᐛ )و /／</p><p>헤이 부기우기 밤밤 렛츠고 부기우기 움 움 🎵 ＼ ٩( ᐛ )و /／</p><p>헤이 부기우기 밤밤 렛츠고 부기우기 움 움 🎵 ＼ ٩( ᐛ )و /／</p><p>헤이 부기우기 밤밤 렛츠고 부기우기 움 움 🎵 ＼ ٩( ᐛ )و /／</p><p>헤이 부기우기 밤밤 렛츠고 부기우기 움 움 🎵 ＼ ٩( ᐛ )و /／</p><p>헤이 부기우기 밤밤 렛츠고 부기우기 움 움 🎵 ＼ ٩( ᐛ )و /／</p><p>헤이 부기우기 밤밤 렛츠고 부기우기 움 움 🎵 ＼ ٩( ᐛ )و /／</p><p>헤이 부기우기 밤밤 렛츠고 부기우기 움 움 🎵 ＼ ٩( ᐛ )و /／</p><p>헤이 부기우기 밤밤 렛츠고 부기우기 움 움 🎵 ＼ ٩( ᐛ )و /／</p><p>헤이 부기우기 밤밤 렛츠고 부기우기 움 움 🎵 ＼ ٩( ᐛ )و /／</p><p>헤이 부기우기 밤밤 렛츠고 부기우기 움 움 🎵 ＼ ٩( ᐛ )و /／</p><p>헤이 부기우기 밤밤 렛츠고 부기우기 움 움 🎵 ＼ ٩( ᐛ )و /／</p><p>헤이 부기우기 밤밤 렛츠고 부기우기 움 움 🎵 ＼ ٩( ᐛ )و /／</p><p>헤이 부기우기 밤밤 렛츠고 부기우기 움 움 🎵 ＼ ٩( ᐛ )و /／</p><p>헤이 부기우기 밤밤 렛츠고 부기우기 움 움 🎵 ＼ ٩( ᐛ )و /／</p><p>헤이 부기우기 밤밤 렛츠고 부기우기 움 움 🎵 ＼ ٩( ᐛ )و /／</p><p>헤이 부기우기 밤밤 렛츠고 부기우기 움 움 🎵 ＼ ٩( ᐛ )و /／</p><p>헤이 부기우기 밤밤 렛츠고 부기우기 움 움 🎵 ＼ ٩( ᐛ )و /／</p><p>헤이 부기우기 밤밤 렛츠고 부기우기 움 움 🎵 ＼ ٩( ᐛ )و /／</p><p>헤이 부기우기 밤밤 렛츠고 부기우기 움 움 🎵 ＼ ٩( ᐛ )و /／</p><p>헤이 부기우기 밤밤 렛츠고 부기우기 움 움 🎵 ＼ ٩( ᐛ )و /／</p><p>헤이 부기우기 밤밤 렛츠고 부기우기 움 움 🎵 ＼ ٩( ᐛ )و /／</p><p>헤이 부기우기 밤밤 렛츠고 부기우기 움 움 🎵 ＼ ٩( ᐛ )و /／</p><p>헤이 부기우기 밤밤 렛츠고 부기우기 움 움 🎵 ＼ ٩( ᐛ )و /／</p><p>헤이 부기우기 밤밤 렛츠고 부기우기 움 움 🎵 ＼ ٩( ᐛ )و /／</p><p>헤이 부기우기 밤밤 렛츠고 부기우기 움 움 🎵 ＼ ٩( ᐛ )و /／</p><p>헤이 부기우기 밤밤 렛츠고 부기우기 움 움 🎵 ＼ ٩( ᐛ )و /／</p><p>헤이 부기우기 밤밤 렛츠고 부기우기 움 움 🎵 ＼ ٩( ᐛ )و /／</p><p>헤이 부기우기 밤밤 렛츠고 부기우기 움 움 🎵 ＼ ٩( ᐛ )و /／</p><p>헤이 부기우기 밤밤 렛츠고 부기우기 움 움 🎵 ＼ ٩( ᐛ )و /／</p><p>헤이 부기우기 밤밤 렛츠고 부기우기 움 움 🎵 ＼ ٩( ᐛ )و /／</p><p>헤이 부기우기 밤밤 렛츠고 부기우기 움 움 🎵 ＼ ٩( ᐛ )و /／</p><p>헤이 부기우기 밤밤 렛츠고 부기우기 움 움 🎵 ＼ ٩( ᐛ )و /／</p><p>헤이 부기우기 밤밤 렛츠고 부기우기 움 움 🎵 ＼ ٩( ᐛ )و /／</p>', '2024-11-21 15:24:03', 'General', 12, 'Y'),
	(93, 'jisu4175', '안녕하세요', '<p>옆 마을에서 놀러왔어요~^^</p><p><img src="/resources/boarduploads/d87d37a2-2d40-487c-89ef-1ca5d5ab756e_aaaa.png" style="max-width: 450px; width: 100%;"></p><p>저는 시고르자브종이 좋아요 그냥 그렇다고요</p>', '2024-11-21 16:29:10', 'General', 5, 'Y'),
	(94, 'jisu4175', '안녕하세요', '<p>옆 나라에서 파견나왔습니다^^</p>', '2024-11-21 16:29:32', 'General', 3, 'Y'),
	(95, 'jisu4175', '헤헹', '<p>ㄴㄴㄴㄴㄴㄴ</p>', '2024-11-21 16:29:42', 'General', 1, 'Y'),
	(96, 'Kitten', '뉴진스 해린도 고양이죠?', '<p><img src="/resources/boarduploads/4b557139-e5fd-44d9-942c-13035b2443d7_IMG_6646.png" style="max-width: 450px; width: 100%;"></p><p>제가알기론 그렇거든요</p>', '2024-11-22 15:57:28', 'General', 6, 'N'),
	(97, 'kim45678', '글쓴이', '<p><img src="/resources/boarduploads/2bca80e4-a482-4e35-8ab5-592cb7087f1e_1000002920.jpg" style="max-width: 450px; width: 100%;">저희핸드폰을 찾아주세여</p><p>ㅛ</p>', '2024-11-22 15:57:43', 'General', 10, 'N'),
	(98, 'kim45678', '오늘 저녁추천드립니다', '<p>동그니 숫불 둠알이치킨<img src="/resources/boarduploads/4b4eb5a1-93bf-48b0-831f-500f4283f310_1000002827.jpg" style="max-width: 450px; width: 100%;"></p>', '2024-11-22 15:59:12', 'General', 9, 'N'),
	(99, 'Kitten', '캐릭캐릭체인지 보신 분??', '<p><img src="/resources/boarduploads/35290785-2be5-4133-854c-4bb00b805793_IMG_6427.jpeg" style="max-width: 450px; width: 232px; height: auto;"></p><p>저때는 캐캐체랑 슈가슈가룬을 봣거든요</p>', '2024-11-22 16:00:04', 'General', 2, 'N'),
	(100, 'jisu4175', '지가 똑똑히 봣슈', '<p>빔프로젝터가 너무 핑크핑크<img src="/resources/boarduploads/675049f1-6bf9-4320-a5a6-7740123f1858_20211008_024958.jpg" style="max-width: 450px; width: 100%;"></p>', '2024-11-22 16:03:06', 'General', 11, 'Y'),
	(101, 'Kitten', '여러분 댓글좀 달아주세요', '<p>소통을 하자구요</p>', '2024-11-22 16:03:12', 'General', 1, 'Y'),
	(102, 'jisu4175', '암쏘새드', '<p>쿵야쿵야</p><p><img src="/resources/boarduploads/54b542d4-4d43-4722-96d7-f4eef458f14a_20241012_013309.jpg" style="max-width: 450px; width: 100%;"></p>', '2024-11-22 16:05:07', 'General', 7, 'Y'),
	(103, 'jisu4175', '헤헤헤', '<p><img src="/resources/boarduploads/4ee38dfd-6a4f-41ef-9f79-73a33ce1a9cf_다운로드파일_20220412_235610.jpg" style="max-width: 450px; width: 100%;"></p>', '2024-11-22 16:08:01', 'General', 8, 'Y'),
	(104, 'jisu4175', '컴퓨터로 돌아왔습니다', '<p><span style="color: rgb(97, 94, 93);">아름다운 이 땅에 금수강산에 단군 할아버지가 터잡으시고 홍익인간 뜻으로 나라 세우니 대대손손 훌륭한 인물도 많아 고구려 세운 동명왕 백제 온조왕 알에서 나온 혁거세 만주 벌판 달려라 광개토대왕 신라 장군 이사부 백결 선생 떡방아 삼천 궁녀 의자왕 황산벌의 계백 맞서 싸운 관창 역사는 흐른다 말목 자른 김유신 통일 문무왕 원효대사 해골물 혜초 천축국 바다의 왕자 장보고 발해 대조영 귀주대첩 강감찬 서희 거란족 무단 정치 정중부 화포 최무선 죽림칠현 김부식 지눌국사 조계종 의천 천태종 대마도 정벌 이종무 일편단심 정몽주 목화씨는 문익점 해동공자 최충 삼국유사 일연 역사는 흐른다 황금을 보기를 돌같이 하라 최영 장군의 말씀 받들자 황희 정승 맹사성 과학 장영실 신숙주와 한명회 역사는 안다 십만 양병 이율곡 주리 이퇴계 신사임당 오죽헌 잘 싸운다 곽재우 조헌 김시민 나라 구한 이순신 태정태세문단세 사육신과 생육신 몸바쳐서 논개 행주치마 권율 역사는 흐른다 번쩍번쩍 홍길동 의적 임꺽정 대쪽같은 삼학사 어사 박문수 삼년 공부 한석봉 단원 풍속도 방랑 시인 김삿갓 지도 김정호 영조대왕 신문고 정조 규장각 목민심서 정약용 녹두 장군 전봉준 순교 김대건 서화가무 황진이 못살겠다 홍경래 삼일천하 김옥균 안중근은 애국 이완용은 매국 역사는 흐른다 별 헤는 밤 윤동주 종두 지석영 삼십삼인 손병희 만세 만세 유관순 도산 안창호 어린이날 방정환 이수일과 심순애 장군의 아들 김두한 날자꾸나 이상 황소 그림 중섭 역사는 흐른다</span></p>', '2024-11-22 16:31:35', 'General', 10, 'Y'),
	(105, 'jisu4175', '갱얼쥐~~', '<p><img src="/resources/boarduploads/e856f3fa-8fdf-45d4-8833-1b18fa1f1991_70d4d7d75a26ea700e80ce61f6075c9d.jpg" style="max-width: 450px; width: 100%;"></p><p><br></p><p>키키</p>', '2024-11-22 16:56:02', 'General', 5, 'Y'),
	(106, 'jisu4175', '헤헤', '<p><img src="/resources/boarduploads/4ec67ac1-41c4-4293-8021-c26b62a6abf2_685fb12a5aa969687d72302b058e2c1c.jpeg" style="max-width: 450px; width: 100%;"></p>', '2024-11-22 16:57:08', 'General', 8, 'Y'),
	(107, 'ikarosala', '안녕하세요. 쌤입니다.', '<p><img src="/resources/boarduploads/225eed75-9291-48b4-869c-468878f5c474_1000055417.jpg" style="max-width: 450px; width: 100%; display: block; margin-left: auto; margin-right: auto; text-align: center;"></p><p><br></p><p class="ql-align-center">여러분들 모두 프로젝트 작업 하시느라</p><p class="ql-align-center">정말 많이 고생하셨습니다.</p><p class="ql-align-center">그래도 정말 보람있게 이쁘게 잘 나왔네요.</p><p class="ql-align-center">고생 끝이 머지 않았으니</p><p class="ql-align-center">조금만 다들 힘내요!!!</p><p class="ql-align-center">홧팅입니다!!!^^</p>', '2024-11-25 10:35:58', 'General', 3, 'N'),
	(108, 'jisu4175', '모두 행복하세요~~', '<p><br></p><p>헤헤<img src="/resources/boarduploads/8208cebb-af73-4d0f-984a-4ea5116cd6b4_39987915_2110814685834838_3169254890249650176_n.jpg" style="max-width: 450px; width: 100%;"></p>', '2024-11-25 12:51:22', 'General', 3, 'N'),
	(109, 'Kitten', '‧₊˚(˘ᵕ˘)˚₊‧  ', '<p><img src="/resources/boarduploads/12da49da-43e9-4004-877f-ffe40e4d167f_181220_sb51.jpg" style="max-width: 450px; width: 100%;"></p>', '2024-11-25 13:06:16', 'General', 1, 'Y'),
	(110, 'Kitten', '‧₊˚(˘ᵕ˘)˚₊‧  버프! ', '<p class="ql-align-center"><img src="/resources/boarduploads/e00f9837-0965-431f-92f5-f8955bd48ff9_181220_sb51.jpg" style="max-width: 450px; width: 100%;"></p><p class="ql-align-center">(۶•̀ᴗ•́)۶버프를 걸어드리겠습니다! </p><p class="ql-align-center">҉ ٩(๑&gt;ω&lt;๑)۶҉</p>', '2024-11-25 13:07:26', 'General', 8, 'N'),
	(111, '3797564548', '안녕하세요 아리아나 그란데입니다.', '<p><br></p><p><img src="/resources/boarduploads/71222a56-3ba0-4205-b854-f0d99035cf82_화면 캡처 2024-11-25 131313.png" style="max-width: 450px; width: 100%;"></p><p>캐롤 한 곡 부르러 왔습니다. </p><p>산타텔미~໒꒰ྀི ๑ ´ ˘ ` ू ꒱ྀིა</p><p>음음음음음음~</p>', '2024-11-25 13:14:46', 'General', 11, 'N'),
	(112, 'Kitten', '헤이 부기우기 뱅뱅', '<p>렛츠고 부기우기 붐붐 ! ٩( ᐛ )و</p><p><br></p><p>헤이 부기우기 뱅뱅</p><p>렛츠고 부기우기 붐붐 ! ٩( ᐛ )و</p><p><br></p><p>헤이 부기우기 뱅뱅</p><p>렛츠고 부기우기 붐붐 ! ٩( ᐛ )و</p><p><br></p><p>헤이 부기우기 뱅뱅</p><p>렛츠고 부기우기 붐붐 ! ٩( ᐛ )و</p><p><br></p><p>헤이 부기우기 뱅뱅</p><p>렛츠고 부기우기 붐붐 ! ٩( ᐛ )و</p><p><br></p><p>헤이 부기우기 뱅뱅</p><p>렛츠고 부기우기 붐붐 ! ٩( ᐛ )و</p>', '2024-11-25 13:16:30', 'General', 11, 'N'),
	(113, 'Kitten', '한지수 짱', '<p>뜨아보옹</p>', '2024-11-25 14:22:53', 'General', 2, 'Y'),
	(114, 'jisu4175', '숭배하라', '<p>돼지신<img src="/resources/boarduploads/03f1fbc5-e8fc-4268-baf8-cc1dfba54fc3_다운로드파일.jpg" style="max-width: 450px; width: 100%;"></p>', '2024-11-25 14:31:01', 'General', 4, 'Y'),
	(115, 'jisu4175', '데빌구', '<p><img src="/resources/boarduploads/792ba05c-1d82-41a9-b561-80a18c72d607_057d0d62f408fdf3f457b1d1e8a1fac25460966555315844748.gif" style="max-width: 450px; width: 100%;"></p>', '2024-11-25 14:31:40', 'General', 3, 'Y'),
	(116, 'jisu4175', '발표 되게 잘 하신당', '<p>파이팅~~~</p>', '2024-11-25 15:05:23', 'General', 2, 'Y'),
	(117, 'user004', '테스트1', '<p>테스트1</p>', '2024-11-25 15:13:37', 'General', 2, 'Y'),
	(118, 'Kitten', 'ㅅㄷㄴㅅ', '<p>ㅅㄷㄴㅅ</p>', '2024-11-25 16:11:45', 'General', 3, 'Y'),
	(119, 'admin', '1', '<p>1</p>', '2024-11-25 17:07:58', 'General', 1, 'Y');

-- 테이블 happypaws.findpet 구조 내보내기
DROP TABLE IF EXISTS `findpet`;
CREATE TABLE IF NOT EXISTS `findpet` (
  `fp_seq` int(11) NOT NULL AUTO_INCREMENT,
  `fp_id` varchar(100) NOT NULL,
  `fp_code` varchar(20) NOT NULL,
  `fp_title` varchar(200) NOT NULL,
  `fp_ph` varchar(15) NOT NULL,
  `fp_img` varchar(255) NOT NULL,
  `fp_place` varchar(200) NOT NULL,
  `fp_time` varchar(50) NOT NULL,
  `fp_category` varchar(100) NOT NULL,
  `fp_breed` varchar(50) NOT NULL DEFAULT '0',
  `fp_content` text NOT NULL,
  `fp_date` varchar(20) NOT NULL DEFAULT '0',
  `fp_cnt` int(11) NOT NULL DEFAULT 0,
  `fp_login` char(1) DEFAULT 'N' CHECK (`fp_ok` in ('Y','N')),
  `fp_ok` char(1) DEFAULT 'N' CHECK (`fp_ok` in ('Y','N')),
  `fp_del` char(1) DEFAULT 'N' CHECK (`fp_del` in ('Y','N')),
  PRIMARY KEY (`fp_seq`)
) ENGINE=InnoDB AUTO_INCREMENT=47 DEFAULT CHARSET=utf8mb4 COLLATE=utf8mb4_general_ci;

-- 테이블 데이터 happypaws.findpet:~35 rows (대략적) 내보내기
DELETE FROM `findpet`;
INSERT INTO `findpet` (`fp_seq`, `fp_id`, `fp_code`, `fp_title`, `fp_ph`, `fp_img`, `fp_place`, `fp_time`, `fp_category`, `fp_breed`, `fp_content`, `fp_date`, `fp_cnt`, `fp_login`, `fp_ok`, `fp_del`) VALUES
	(1, 'user001', 'user001', '길 잃은 강아지를 발견했습니다', '010-7785-9854', 'ad8e64e8-8657-4dbe-9d69-56e1a0dac84d_말라뮤트.jpg', '서울시 영등포구', '2024-10-24', 'dog', '말라뮤트', '서울시 영등포구에서 말라뮤트 강아지를 발견했습니다', '2024-10-24', 0, 'Y', 'N', 'N'),
	(2, '비회원', '1111', '길 잃은 고양이를 발견했습니다', '010-5467-2345', '6e9ca276-d401-4b9c-b7a6-b30dc99456dc_페르시안.jpg', '경기도 의왕시', '2024-10-25', 'cat', '페르시안', '경기도 의왕시에서 페르시안 고양이를 발견했어요.', '2024-10-25', 0, 'N', 'N', 'N'),
	(3, 'user002', 'user002', '고양이를 발견했습니다', '010-9897-4567', '3b9f3ac3-ef2d-40e6-a9db-8e512c3ed5ef_샴.jpg', '서울시 강남구', '2024-10-26', 'cat', '샴', '서울시 강남구에서 샴 고양이를 발견했습니다.', '2024-10-26', 2, 'Y', 'N', 'N'),
	(4, 'user003', 'user003', '요크셔테리어를 발견했어요', '010-5678-1234', 'c7a7b4c3-3d4b-4562-85a1-b4d78c634dd8_요크셔테리어.jpg', '부산시 해운대구', '2024-10-27', 'dog', '요크셔테리어', '부산시 해운대구에서 요크셔테리어를 발견했습니다.', '2024-10-27', 0, 'Y', 'N', 'N'),
	(5, 'user004', 'user004', '실종된 페럿을 발견했어요', '010-2222-1234', '123abc45-6789-4b12-8def-0fab12c345de_페럿.jpg', '대구시 달서구', '2024-10-28', 'small', '페럿', '대구시 달서구에서 페럿을 발견했어요.', '2024-10-28', 0, 'Y', 'N', 'N'),
	(6, '비회원', '1111', '길 잃은 도베르만 발견', '010-3333-1234', 'aa1bb2cc-3344-4455-6667-8888ffcc1111_도베르만.jpg', '인천시 연수구', '2024-10-29', 'dog', '도베르만', '인천시 연수구에서 도베르만 강아지를 발견했습니다.', '2024-10-29', 0, 'N', 'N', 'N'),
	(7, 'user005', 'user005', '길 잃은 고슴도치를 발견했습니다', '010-9999-4321', 'ffeec123-4567-8901-bcde-2345678cde90_고슴도치.jpg', '서울시 노원구', '2024-10-30', 'small', '고슴도치', '서울시 노원구에서 고슴도치를 발견했습니다.', '2024-10-30', 0, 'Y', 'N', 'N'),
	(8, 'user006', 'user006', '강아지 잃어버렸나요?', '010-7788-5566', 'qwer12ty-1234-56er-7890-qwer23ty4567_골든리트리버.jpg', '광주시 북구', '2024-10-31', 'dog', '골든리트리버', '광주시 북구에서 골든리트리버 강아지를 발견했습니다.', '2024-10-31', 0, 'Y', 'N', 'N'),
	(9, 'user007', 'user007', '강아지를 발견했어요', '010-8876-2312', 'o5d95g6g-45l2-67tr-f8ue-a48q3d4k1g82_푸들.jpg', '울산시 중구', '2024-11-01', 'dog', '푸들', '울산시 중구에서 푸들을 발견했습니다.', '2024-11-01', 0, 'Y', 'N', 'N'),
	(10, '비회원', '1111', '작은 고양이를 발견했습니다', '010-4488-2244', 'fgdd1a2b-3456-cd8f-9b6b-1ce293ab56fg_스코티쉬폴드.jpg', '서울시 종로구', '2024-11-02', 'cat', '스코티쉬폴드', '서울시 종로구에서 스코티쉬폴드 고양이를 발견했어요.', '2024-11-02', 0, 'N', 'N', 'N'),
	(11, 'user008', 'user008', '새끼 강아지를 발견했습니다', '010-2255-6789', 'abcdefg1-2345-6789-hijk-0a1b2c3d4ef5_비글.jpg', '서울시 중랑구', '2024-11-03', 'dog', '비글', '서울시 중랑구에서 비글 강아지를 발견했습니다.', '2024-11-03', 0, 'Y', 'N', 'N'),
	(12, 'user009', 'user009', '고양이를 발견했어요', '010-9988-5567', '1122aabb-3344-cc55-dd66-778899eebbcc_러시안블루.jpg', '경기도 고양시', '2024-11-04', 'cat', '러시안블루', '경기도 고양시에서 러시안블루 고양이를 발견했습니다.', '2024-11-04', 2, 'Y', 'N', 'N'),
	(13, 'user010', 'user010', '작은 동물을 발견했습니다', '010-2255-3321', 'a1b2c3d4-e5f6-7890-gh12-34ijk567lmno_햄스터.jpg', '대전시 유성구', '2024-11-05', 'small', '햄스터', '대전시 유성구에서 햄스터를 발견했습니다.', '2024-11-05', 0, 'Y', 'N', 'N'),
	(14, '비회원', '1111', '길 잃은 고양이를 봤습니다', '010-5577-1122', 'pp9988gg-cc12-34ff-56hh-77jjkklm99nn_뱅갈.jpg', '부산시 사하구', '2024-11-06', 'cat', '뱅갈', '부산시 사하구에서 뱅갈 고양이를 발견했어요.', '2024-11-06', 0, 'N', 'N', 'N'),
	(15, 'user011', 'user011', '강아지를 찾고 있습니다', '010-1234-7766', 'tt5566u3-9945-44ed-0007-56yhh3uu2de3_슈나우저.jpg', '인천시 남동구', '2024-11-07', 'dog', '슈나우저', '인천시 남동구에서 슈나우저 강아지를 발견했습니다.', '2024-11-07', 3, 'Y', 'N', 'N'),
	(16, 'user012', 'user012', '고양이를 찾고 있어요', '010-2244-6688', 'uy1122p5-3344-5687-mn89-12345xy6z8w9_아비시니안.jpg', '서울시 서초구', '2024-11-08', 'cat', '아비시니안', '서울시 서초구에서 아비시니안 고양이를 발견했습니다.', '2024-11-08', 0, 'Y', 'N', 'N'),
	(17, 'user013', 'user013', '길 잃은 강아지를 도와주세요', '010-6677-2255', 'jkl442t7-2233-7789-4456-98234lpwe99d_불독.jpg', '경기도 안산시', '2024-11-09', 'dog', '불독', '경기도 안산시에서 불독 강아지를 발견했습니다.', '2024-11-09', 2, 'Y', 'N', 'N'),
	(18, '비회원', '1111', '강아지를 봤습니다', '010-5588-7755', 'lmnp345b-1267-vv89-wxyz-12345opqre90_포메라니안.jpg', '대구시 수성구', '2024-11-10', 'dog', '포메라니안', '대구시 수성구에서 포메라니안 강아지를 발견했어요.', '2024-11-10', 0, 'N', 'N', 'N'),
	(19, 'user014', 'user014', '고양이를 찾고 있어요', '010-3344-6677', 'mnop123q-8945-rf34-667g-678rfewas897_샴.jpg', '서울시 강동구', '2024-11-11', 'cat', '샴', '서울시 강동구에서 샴 고양이를 발견했습니다.', '2024-11-11', 1, 'Y', 'N', 'N'),
	(20, 'user015', 'user015', '길 잃은 강아지 발견!', '010-8899-6677', 'xz221133-44hj-88kl-lm23-998fe7g99gh3_코카스파니엘.jpg', '부산시 남구', '2024-11-12', 'dog', '코카스파니엘', '부산시 남구에서 코카스파니엘 강아지를 발견했습니다.', '2024-11-12', 1, 'Y', 'N', 'N'),
	(21, '비회원', '1111', '작은 고양이를 발견했습니다', '010-4433-2255', 'tgr7788r-1234-9087-fgh1-238ddwqe45g5_먼치킨.jpg', '울산시 남구', '2024-11-13', 'cat', '먼치킨', '울산시 남구에서 먼치킨 고양이를 발견했어요.', '2024-11-13', 1, 'N', 'N', 'N'),
	(22, 'user016', 'user016', '길 잃은 강아지를 봤어요', '010-4455-6677', '45dcgfd7-78rf-445d-87r9-56723rfvs777_닥스훈트.jpg', '경기도 용인시', '2024-11-14', 'dog', '닥스훈트', '경기도 용인시에서 닥스훈트 강아지를 발견했습니다.', '2024-11-14', 0, 'Y', 'N', 'N'),
	(23, 'user022', 'user022', '고양이를 봤어요', '010-4488-7788', '5aa7bfe2-9911-44fd-9877-a56rddwerty5_터키시앙고라.jpg', '부산시 강서구', '2024-11-15', 'cat', '터키시앙고라', '부산시 강서구에서 터키시앙고라 고양이를 발견했습니다.', '2024-11-15', 100, 'Y', 'Y', 'N'),
	(24, '비회원', '1111', '셰퍼드를 발견했습니다', '010-8899-6677', 'km53l90a-1234-12la-6d9f-2384dcfe2bna_셰퍼드.jpg', '광주시 서구', '2024-11-16', 'dog', '셰퍼드', '광주시 서구에서 셰퍼드 강아지를 발견했습니다.', '2024-11-16', 10, 'N', 'Y', 'N'),
	(25, 'user018', 'user018', '강아지를 찾고 있어요', '010-4567-7889', 'op123da8-5677-ef43-4567-098dafga23g9_치와와.jpg', '경기도 수원시', '2024-11-17', 'dog', '치와와', '경기도 수원시에서 치와와를 발견했습니다.', '2024-11-17', 13, 'Y', 'N', 'N'),
	(26, 'user019', 'user019', '앵무새를 발견했습니다', '010-7766-5544', 'af786b6a-87r5-57d7-a74e-222x33ccd000_뉴기니아앵무.jpg', '서울시 마포구', '2024-11-18', 'etc', '뉴기니아 앵무', '서울시 마포구에서 뉴기니아 앵무를 발견했습니다.', '2024-11-18', 8, 'Y', 'N', 'N'),
	(27, 'user020', 'user020', '길 잃은 웰시코기를 봤습니다', '010-4433-5533', 'ewd445yy-2348-908d-76gd-678ddfver123_웰시코기.jpg', '대구시 중구', '2024-11-19', 'dog', '웰시코기', '대구시 중구에서 웰시코기을 발견했습니다.', '2024-11-19', 21, 'Y', 'Y', 'N'),
	(28, '비회원', '1111', '길 잃은 동물 발견', '010-9988-4455', 'abcd4ef5-6789-4e7d-9ef1-234c3d7e8fcd_말티즈.jpg', '서울시 은평구', '2024-11-20', 'dog', '말티즈', '서울시 은평구에서 말티즈를 발견했습니다.', '2024-11-20', 162, 'N', 'N', 'N'),
	(29, 'user021', 'user021', '시바견을 발견했어요', '010-2299-9988', '4d5e6b7a-89c0-234d-f9a2-674rvbex99ht_시바견.jpg', '서울시 성동구', '2024-11-20', 'dog', '시바견', '서울시 성동구에서 시바견을 발견했습니다.', '2024-11-20', 68, 'Y', 'Y', 'N'),
	(30, 'user017', 'user017', '아기하마를 발견했습니다', '010-1122-3344', 'd1370fbd-0e05-4f60-9fd1-f249213969ac_무뎅.png', '인천시 미추홀구', '2024-11-21', 'etc', '하마', '인천시 미추홀구에서 아기하마를 발견했습니다.', '2024-11-21', 45, 'Y', 'Y', 'Y'),
	(39, 'testkkk', 'testkkk', '길가다가 아파트 단지에서 고양이를 발견했어요', '010-5358-9945', '36fc7322-0d9d-4795-9438-c5effd7da100_KakaoTalk_20241121_161031325.jpg', '우리집 근처', '2024-11-18', 'cat', '길고양이', '제가 사는 아파트 단지 근처에 사는 냥이에요!\r\n귀엽죠!', '2024-11-21', 14, 'N', 'N', 'Y'),
	(40, 'jisu4175', 'jisu4175', 'ㄷ', '010-1236-4567', 'a1d84d4d-1f78-4a3a-a896-379e53adf7c4_Kakao.png', 'ㅇㅇㅇㅇㅇㅇㅇ', '2024-11-14', 'dog', '으ㅏ웋', 'ㅇㅇㅇㅇㄷㅇㄷㅇㅇ', '2024-11-21', 4, 'N', 'N', 'Y'),
	(41, '테스트', 'asdf1234', '테스트', '010-1111-1111', 'b4ab04ee-272b-4750-9b2b-02daac4a7d21_피카츄.gif', '테스트', '2024-11-21', 'dog', '테스트', '테스트 글입니다', '2024-11-21', 1, 'N', 'N', 'Y'),
	(42, '에이팜주인', '1111', '에이팜', '010-1111-1111', '1fc522dc-ead3-4d20-afb4-aa3f9148d881_apam.png', '블루시티', '2024-11-22', 'small', '원숭이', '에이팜아 돌아와~~~~', '2024-11-22', 2, 'N', 'N', 'Y'),
	(43, 'testkkk', 'testkkk', '길고양이를 발견했어요!!', '010-0000-0000', 'e73ca29c-048e-4605-a048-320c214d4bcb_20241118_185640.jpg', '아파트 단지', '2024-11-22', 'cat', '길고양이', '엄청 귀여운 고양이 보고가세요!!', '2024-11-22', 11, 'Y', 'N', 'Y'),
	(44, '테스트', '1111', '테스트', '010-0000-0000', '495981b4-56ac-418e-9ca9-a4298cd6dc93_HappyPawsLogo.png', '테스트', '2024-11-25', 'dog', '테스트', '테스트', '2024-11-25', 3, 'N', 'N', 'Y'),
	(45, '테스트', '1234', '테스트', '010-0000-0000', '1c1b1030-90e0-494a-a247-06f86a9cf09e_apam.png', '테스트', '2024-11-25', 'dog', '테스트', '테스트', '2024-11-25', 1, 'N', 'N', 'Y'),
	(46, 'test', 'test', 'test', '010-0000-0000', '14c38f23-f0ca-4931-ae95-45b6eaa7912e_Algorithm.jpg', 'test', '2024-11-25', 'cat', 'test', 'test', '2024-11-25', 4, 'N', 'N', 'Y');

-- 테이블 happypaws.fpcomment 구조 내보내기
DROP TABLE IF EXISTS `fpcomment`;
CREATE TABLE IF NOT EXISTS `fpcomment` (
  `fp_seq` int(11) NOT NULL,
  `fpc_seq` int(11) NOT NULL AUTO_INCREMENT,
  `fpc_id` varchar(100) NOT NULL,
  `fpc_code` varchar(20) NOT NULL,
  `fpc_content` varchar(500) NOT NULL,
  `fpc_date` varchar(20) NOT NULL,
  `fpc_login` char(1) DEFAULT 'N' CHECK (`fpc_login` in ('Y','N')),
  PRIMARY KEY (`fpc_seq`)
) ENGINE=InnoDB AUTO_INCREMENT=23 DEFAULT CHARSET=utf8mb4 COLLATE=utf8mb4_general_ci;

-- 테이블 데이터 happypaws.fpcomment:~10 rows (대략적) 내보내기
DELETE FROM `fpcomment`;
INSERT INTO `fpcomment` (`fp_seq`, `fpc_seq`, `fpc_id`, `fpc_code`, `fpc_content`, `fpc_date`, `fpc_login`) VALUES
	(30, 10, 'admin', 'admin', '아기 하마 무뎅의 주인입니다.\n정말 기적 같네요.\n이 작은 하마에게 얼마나 힘든 시간이었을지 상상도 못하겠어요. \n다시 만날 수 있어서 너무 행복합니다.', '2024-11-21', 'Y'),
	(29, 11, 'admin', 'admin', '시바 도그 엄마입니다.\n시바도그를 다시 만날 수 있게 되어서 너무 기쁘네요.\n다은님 정말 감사합니다', '2024-11-21', 'Y'),
	(30, 12, 'admin', 'admin', '하마 이름이 무뎅이었군요\r\n실종되었을 때 얼마나 걱정했을지... \r\n이제는 걱정 없이 행복한 시간 보내길 바랍니다.', '2024-11-21', 'Y'),
	(29, 13, 'admin', 'admin', '발견한 사람입니다.\r\n이 글이 도움이 되었니까 기쁘네요\r\n다시 이 친구가 집을 잃어버리지 않길 바랍니다.', '2024-11-21', 'Y'),
	(27, 14, 'admin', 'admin', '이 글 덕분에 찾을 수 있었습니다.\n유빈님 정말 감사드립니다.', '2024-11-21', 'Y'),
	(24, 15, 'admin', 'admin', '셰퍼드의 주인입니다.\r\n이 글을 보고 얼마나 다행인지 몰랐습니다.\r\n정말 감사합니다.\r\n', '2024-11-21', 'Y'),
	(23, 16, 'admin', 'admin', '터키시앙고라의 아빠입니다.\n소식 듣자마자 눈물이 나네요. \n무사히 돌아와서 정말 다행입니다.\n승현씨 정말 감사합니다.', '2024-11-21', 'Y'),
	(23, 17, 'admin', 'admin', '잘 집에 돌아갔다고 하니 정말 기쁘네요\r\n앞으로 안 잃어버리고 잘 지내길 바랍니다.', '2024-11-21', 'Y'),
	(24, 18, '비회원', '1111', '길 잃은 셰퍼드를 보고 주인을 찾아주고 싶었는데\r\n이 사이트는 비회원도 글을 쓸수 있네요\r\n무사히 주인 곁으로 돌아가서 다행이네요', '2024-11-21', 'N'),
	(42, 20, '에이팜주인', '1111', '제발 ㅠㅠㅠㅠㅠ', '2024-11-22', 'N');

-- 테이블 happypaws.lostpet 구조 내보내기
DROP TABLE IF EXISTS `lostpet`;
CREATE TABLE IF NOT EXISTS `lostpet` (
  `lp_seq` int(11) NOT NULL AUTO_INCREMENT,
  `lp_id` varchar(100) NOT NULL,
  `lp_title` varchar(200) NOT NULL,
  `lp_ph` varchar(15) NOT NULL,
  `lp_img` varchar(255) NOT NULL,
  `lp_place` varchar(200) NOT NULL,
  `lp_time` varchar(20) NOT NULL,
  `lp_category` varchar(50) NOT NULL,
  `lp_breed` varchar(100) NOT NULL,
  `lp_reward` int(20) NOT NULL DEFAULT 0,
  `lp_content` text NOT NULL,
  `lp_date` varchar(20) NOT NULL,
  `lp_cnt` int(11) NOT NULL DEFAULT 0,
  `lp_ok` char(1) NOT NULL,
  `lp_del` char(1) NOT NULL,
  PRIMARY KEY (`lp_seq`)
) ENGINE=InnoDB AUTO_INCREMENT=67 DEFAULT CHARSET=utf8mb4 COLLATE=utf8mb4_general_ci;

-- 테이블 데이터 happypaws.lostpet:~58 rows (대략적) 내보내기
DELETE FROM `lostpet`;
INSERT INTO `lostpet` (`lp_seq`, `lp_id`, `lp_title`, `lp_ph`, `lp_img`, `lp_place`, `lp_time`, `lp_category`, `lp_breed`, `lp_reward`, `lp_content`, `lp_date`, `lp_cnt`, `lp_ok`, `lp_del`) VALUES
	(1, 'user001', '강아지를 찾습니다', '010-4548-7874', '3125ac5f-11de-42f8-90e3-63e446aebe95_푸들.jpg', '서울특별시 강남구', '2023-10-01', 'dog', '푸들', 200000, '사랑하는 강아지가 사라졌어요.', '2023-10-01', 13, 'N', 'N'),
	(2, 'user002', '잃어버린 고양이', '010-4548-7874', '382db767-87be-4691-ac8c-72673674f0e2_페르시안.jpg', '부산광역시 해운대구', '2023-10-02', 'cat', '페르시안', 500000, '흰색 페르시안 고양이를 찾습니다.', '2023-10-02', 3, 'N', 'N'),
	(3, 'user003', '우리 강아지 보셨나요?', '010-4548-7874', '051e0715-2887-4b5d-b234-b10f28c94254_말티즈.jpg', '대구광역시 수성구', '2023-10-03', 'dog', '말티즈', 100000, '말티즈 강아지를 찾아요.', '2023-10-03', 4, 'N', 'N'),
	(4, 'user004', '고양이 찾습니다', '010-4548-7874', 'b279b501-fba8-47c8-901a-e911421ef873_러시안블루.jpg', '인천광역시 남동구', '2023-10-04', 'cat', '러시안블루', 700000, '러시안블루 고양이입니다.', '2023-10-04', 6, 'N', 'N'),
	(5, 'user005', '강아지를 찾아요', '010-4548-7874', '1c46eb95-5978-4b81-be10-cdcf28877237_치와와.jpg', '광주광역시 북구', '2023-10-05', 'dog', '치와와', 100000, '작고 귀여운 치와와 강아지입니다.', '2023-10-05', 4, 'N', 'N'),
	(6, 'user006', '잃어버린 기니피그 찾아요', '010-4548-7874', 'f399c1e0-9f65-4ed9-bb8c-692b389a965d_기니피그.jpg', '경기도 수원시', '2023-10-06', 'small', '기니피그', 50000, '기니피그입니다.', '2023-10-06', 6, 'N', 'N'),
	(7, 'user007', '강아지를 잃어버렸어요', '010-4548-7874', '4d6d838f-573d-4346-84ca-988164593412_비숑.jpg', '대전광역시 서구', '2023-10-07', 'dog', '비숑프리제', 300000, '털이 풍성한 비숑프리제입니다.', '2023-10-07', 4, 'N', 'N'),
	(8, 'user008', '우리 집 고양이를 찾아요', '010-4548-7874', 'eb7093be-63ac-41f9-9454-81d6f2e93493_샴.jpg', '울산광역시 중구', '2023-10-08', 'cat', '샴', 200000, '샴 고양이를 찾습니다.', '2023-10-08', 4, 'N', 'N'),
	(9, 'user009', '시츄를 잃어버렸어요', '010-5678-9012', '68df73c1-d350-4538-b57c-d9cb1bc60f8c_시츄.jpg', '인천광역시 부평구', '2023-10-09', 'dog', '시츄', 100000, '귀여운 시츄 강아지를 찾고 있습니다.', '2023-10-09', 8, 'N', 'N'),
	(10, 'user010', '강아지와 함께 돌아오세요', '010-4548-7874', '03223fc6-77fb-4a83-ae5f-991fa492c2f8_닥스훈트.jpg', '경상남도 창원시', '2023-10-10', 'dog', '닥스훈트', 100000, '긴 몸의 닥스훈트입니다.', '2023-10-10', 4, 'N', 'N'),
	(11, 'user011', '어디 있니 강아지야', '010-4548-7874', '9b79fe4a-c5db-442c-b16b-40e2a6c9b064_코카 스파니엘.jpg', '경상북도 포항시', '2023-10-11', 'dog', '코카스파니엘', 200000, '활발한 코카스파니엘 강아지입니다.', '2023-10-11', 4, 'N', 'N'),
	(12, 'user012', '고양이를 찾고 있습니다', '010-4548-7874', '54918ed5-76ba-4483-9c38-33f85743783b_뱅갈.jpg', '전라남도 여수시', '2023-10-12', 'cat', '뱅갈', 200000, '뱅갈 고양이를 찾습니다.', '2023-10-12', 5, 'N', 'N'),
	(13, 'user013', '강아지를 잃어버렸어요', '010-4548-7874', '40de85f6-8100-4249-b4b9-b23ea20752aa_포메라니안.jpg', '제주특별자치도 제주시', '2023-10-13', 'dog', '포메라니안', 100000, '작고 털이 많은 포메라니안입니다.', '2023-10-13', 7, 'N', 'N'),
	(14, 'user014', '강아지를 찾습니다', '010-4548-7874', 'bc497b39-06f9-4bae-82ea-3320393dad81_골든리트리버.jpg', '충청북도 청주시', '2023-10-14', 'dog', '골든리트리버', 600000, '친근한 골든리트리버입니다.', '2023-10-14', 4, 'N', 'N'),
	(15, 'user015', '사라진 고양이를 찾습니다', '010-4548-7874', '7d049517-f0f8-4c9b-8067-2eb884ea2af7_먼치킨.jpg', '경기도 고양시', '2023-10-15', 'cat', '먼치킨', 500000, '다리가 짧은 먼치킨 고양이입니다.', '2023-10-15', 5, 'N', 'N'),
	(16, 'user016', '강아지를 찾아요', '010-4548-7874', 'a79a67c4-2007-48d3-bf90-6a528c6894e3_시바견.jpg', '세종특별자치시', '2023-10-16', 'dog', '시바', 500000, '시바견 강아지입니다.', '2023-10-16', 4, 'N', 'N'),
	(17, 'user017', '하이랜더를 찾습니다', '010-6789-0123', '755ff482-2352-4061-a313-dde1cf60e763_하이랜더.jpg', '대전광역시 유성구', '2023-10-17', 'cat', '하이랜더', 500000, '귀여운 하이랜더 고양이를 찾고 있습니다.', '2023-10-17', 8, 'N', 'N'),
	(18, 'user018', '고양이가 사라졌습니다', '010-4548-7874', '2ecb62bf-5d90-4c60-8b00-c893335030cb_아메리칸 쇼트헤어.jpg', '충청남도 천안시', '2023-10-18', 'cat', '아메리칸쇼트헤어', 200000, '사랑스러운 아메리칸쇼트헤어입니다.', '2023-10-18', 4, 'N', 'N'),
	(19, 'user019', '강아지를 찾고 있어요', '010-4548-7874', '75e6e80e-aed1-44d5-9e53-f61ceca46ff1_슈나우저.jpg', '경기도 안산시', '2023-10-19', 'dog', '슈나우저', 500000, '귀여운 슈나우저 강아지입니다.', '2023-10-19', 5, 'N', 'N'),
	(20, 'user020', '우리 고양이를 찾습니다', '010-4548-7874', '4c28c60e-b434-432c-b464-b081adf0653c_스코티시폴드.jpg', '부산광역시 사하구', '2023-10-20', 'cat', '스코티시폴드', 100000, '접힌 귀가 특징입니다.', '2023-10-20', 7, 'N', 'N'),
	(21, 'user021', '강아지와 다시 만나고 싶어요', '010-4548-7874', 'ad8e64e8-8657-4dbe-9d69-56e1a0dac84d_말라뮤트.jpg', '대전광역시 유성구', '2023-10-21', 'dog', '말라뮤트', 1000000, '큰 말라뮤트 강아지입니다.', '2023-10-21', 6, 'N', 'N'),
	(22, 'user022', '우리 고양이 찾았으면 좋겠어요', '010-4548-7874', '40c3bbe5-6811-4297-91e1-968f7ac06ca3_터키시앙고라.jpg', '광주광역시 남구', '2023-10-22', 'cat', '터키시앙고라', 600000, '털이 부드러운 터키시앙고라입니다.', '2023-10-22', 6, 'N', 'N'),
	(23, 'user023', '잃어버린 웰시코기를 찾습니다', '010-4548-7874', '613f6963-89bf-48fb-85e0-5653afed568f_웰시코기.jpg', '강원도 원주시', '2023-10-23', 'dog', '웰시코기', 500000, '웰시코기를 잃어버렸습니다', '2023-10-23', 18, 'N', 'N'),
	(24, 'user024', '강아지 실종', '010-4548-7874', '4b146a37-147e-4e27-9bbd-18f30d9a788a_보더콜리.jpg', '경상남도 김해시', '2023-10-24', 'dog', '보더콜리', 700000, '영리한 보더콜리 강아지입니다.', '2023-10-24', 7, 'N', 'N'),
	(25, 'user025', '달마시안을 잃어버렸어요', '010-4548-7874', 'a1319140-8f4e-4664-a28a-68ad91246544_달마시안.jpg', '경상북도 경산시', '2023-10-25', 'dog', '달마시안', 500000, '달마시안입니다.', '2023-10-25', 18, 'N', 'N'),
	(26, 'user026', '고양이를 찾습니다', '010-4548-7874', '1c8ca276-e211-499a-b6a6-a10dc99341fb_브리티시 쇼트헤어.jpg', '전라남도 순천시', '2023-10-31', 'cat', '브리티시쇼트헤어', 700000, '회색 털의 브리티시쇼트헤어입니다.', '2023-10-31', 24, 'N', 'N'),
	(27, 'user027', '도마뱀을 찾습니다', '010-4548-7874', '9619655b-c48c-4248-b658-df0caa1a3b9b_레오파드 게코.jpg', '경기도 의왕시', '2023-11-02', 'small', '레오파드게코', 100000, '작고 반점이 있는 레오파드게코입니다.', '2023-11-02', 24, 'N', 'N'),
	(28, 'user028', '고양이를 잃어버렸어요', '010-4548-7874', 'be047809-26f5-4689-afb4-e7a536391ef5_라가머핀.jpg', '경기도 의정부시', '2023-11-03', 'cat', '라가머핀', 500000, '털이 부드러운 라가머핀 고양이입니다.', '2023-11-03', 64, 'Y', 'N'),
	(29, 'user029', '앵무새가 사라졌습니다', '010-9454-4545', 'b9a52c0d-f477-4c1a-a2d1-1c45d64434fc_왕관앵무.jpg', '서울특별시 종로구', '2023-11-06', 'etc', '왕관앵무', 500000, '노란색의 왕관앵무입니다.', '2023-11-06', 41, 'N', 'N'),
	(30, 'user030', '우리 강아지를 찾고 있습니다', '010-4548-7874', 'cd83178f-9d18-454e-896f-18fc114729a1_요크셔테리어.jpg', '경기도 남양주시', '2023-11-08', 'dog', '요크셔테리어', 300000, '작고 귀여운 요크셔테리어입니다.', '2023-11-08', 94, 'N', 'N'),
	(31, 'user1234', '고슴도치를 찾습니다', '010-2345-6789', 'f7d241b1-c02f-4954-9679-2b3b9a1bda93_고슴도치.jpg', '서울특별시 강남구', '2023-11-13', 'small', '고슴도치', 1000000, '고슴도치를 잃어버렸습니다. 작은 고슴도치입니다.', '2023-11-13', 75, 'Y', 'N'),
	(32, 'user5678', '불독을 찾아요', '010-3456-7890', 'b3d634f7-7e44-4174-81f3-20987965376e_불독.jpg', '부산광역시 해운대구', '2023-11-14', 'dog', '불독', 200000, '튼튼한 불독 강아지입니다. 수정', '2023-11-14', 67, 'N', 'N'),
	(33, 'test1234', '비글을 찾고 있어요', '010-4567-8901', 'c0c43a78-d451-478b-9a6f-9f36b3db064b_비글.jpg', '경기도 성남시', '2023-11-15', 'dog', '비글', 100000, '활발한 비글 강아지를 찾습니다.', '2023-11-15', 147, 'N', 'N'),
	(40, 'Kitten', '우리 아이를 찾아주세요11111111111111111111111111111111111111111111111111111111', '010-7777-7777', '091d074d-536d-4e70-ba27-ff0c7b5c47a9_01.png', '안양역 근처', '2024-11-20', 'dog', '비숑', 300000, '강아지를 찾아주세요…', '2024-11-21', 13, 'N', 'Y'),
	(41, 'jisu4175', '1억을 잃어버렸어요', '010-1234-5678', '062bdbb7-0b19-4395-a15e-850028813394_aaaa.png', '안양역', '2024-11-14', 'dog', '시고르자브종', 100000000, '강아지 이름이 1억이예요', '2024-11-21', 9, 'N', 'Y'),
	(42, 'jisu4175', 'ㅇ', '010-1234-5678', '6be10103-8d91-40a9-920b-09aad7cecf4f_Kakao.png', 'ㅇㅇㅇ', '2024-11-16', 'dog', 'ㅇㅇㅇ', 1000, 'ㅇㅇㅇㅇㅇㅇㅇㅇㅇㄹ아노항누ㅠㅣㅗㅇㄱㄹ', '2024-11-21', 5, 'N', 'Y'),
	(43, '43lw9rTUKraNlAqqXnM_-Rj6p23x4bz-_Km9CtTcPy8', '치킨', '010-1111-1111', 'a4446a5f-efa7-40ab-b204-684cc0fde739_1000001695.jpg', '안양시 만안구', '2024-11-22', 'dog', '치킨', 15000, '치킨실종입니더', '2024-11-22', 3, 'N', 'Y'),
	(44, '43lw9rTUKraNlAqqXnM_-Rj6p23x4bz-_Km9CtTcPy8', '치킨', '010-1111-1111', 'db2073c4-6688-4611-b6eb-e4562b340e9d_1000001695.jpg', '안양시 만안구', '2024-11-22', 'dog', '치킨', 15000, '치킨실종입니더', '2024-11-22', 2, 'N', 'Y'),
	(45, '43lw9rTUKraNlAqqXnM_-Rj6p23x4bz-_Km9CtTcPy8', '치킨', '010-1111-1111', 'a24dddb4-868a-411d-92d4-f01041c5d2b4_1000001695.jpg', '안양시 만안구', '2024-11-22', 'dog', '치킨', 15000, '치킨실종입니더', '2024-11-22', 1, 'N', 'Y'),
	(46, '43lw9rTUKraNlAqqXnM_-Rj6p23x4bz-_Km9CtTcPy8', '치킨', '010-1111-1111', 'c4d2d735-73d5-4234-bd9e-3af11dabec73_1000001695.jpg', '안양시 만안구', '2024-11-22', 'dog', '치킨', 15000, '치킨실종입니더', '2024-11-22', 1, 'N', 'Y'),
	(47, 'user1234', '카피바라를 찾습니다', '010-0000-0000', '93b01207-18ba-48c6-99f9-adb4d87346b2_images.jpeg', '안양천', '2024-11-22', 'etc', '카피바라', 1000000, '집에서 키우는 카피바라 10마리가 모두 도망갔어요', '2024-11-22', 26, 'N', 'Y'),
	(48, '43lw9rTUKraNlAqqXnM_-Rj6p23x4bz-_Km9CtTcPy8', '치킨', '010-1111-1111', '62931624-30e1-40f3-a748-ef14dc1932a1_1000001695.jpg', '안양시 만안구', '2024-11-22', 'dog', '치킨', 15000, '치킨실종입니더', '2024-11-22', 4, 'N', 'Y'),
	(49, 'test1234', '에이팜', '010-1111-1111', '19cff2a3-5a7a-45fa-8369-afbcb4fbfe18_apam.png', '포켓몬센터', '2024-11-22', 'dog', '원숭이', 100, '에이팜 돌려내!!!!!', '2024-11-22', 4, 'N', 'Y'),
	(50, 'jisu4175', '제 아이를 찾아주세요ㅜ', '010-1234-5678', '6d963348-35d8-4268-9677-28fdfe0af1af_image_20240822102550.jpg', '하이미디어학원', '2024-11-22', 'dog', '몰라요', 100000000, '찾아주세요ㅜ', '2024-11-22', 9, 'N', 'Y'),
	(51, 'jisu4175', '고양이를 잃어버렸습니다', '010-1234-5678', 'd69de838-d098-4ff6-b44e-67cf737f3f45_20230407_211303.jpg', '안영역 근처', '2024-11-22', 'cat', '고영희', 999999999, '찾아주세요ㅠ 저의 소중한 가족이예요', '2024-11-22', 15, 'N', 'Y'),
	(52, 'jisu4175', '고양이인지 강아지인지', '010-1234-5667', '857452a6-30fc-4a06-b6c8-5493d3b43547_ebb9fb29be22f6a79cc7dd9551a92ac6.gif', '인덕원역', '2024-11-22', 'dog', '갱얼쥐와 고영희', 123456, '사이 좋은 아이들인데 같이 길을 잃어버렸어요ㅠ 연락 주세\r\n요', '2024-11-22', 9, 'N', 'Y'),
	(53, 'jisu4175', '혹시 사자도 찾아주시나요', '010-1234-5678', '4ecdb501-3cb0-4413-9b7f-e5714ad3ad0e_IMG_4497.JPG', '서울동물원', '2024-11-22', 'etc', '사자', 123456789, '사자를 잃어버렸어요...', '2024-11-22', 8, 'N', 'Y'),
	(54, 'jisu4175', '불가사리 찾아주세요', '010-1234-5668', '0bd3f2bd-54d0-42b5-a88d-35994c855e8c_1363326592483737600.gif', '비키니시티', '2024-11-22', 'etc', '불가사리', 999135676, '잃어버렸어요', '2024-11-22', 8, 'N', 'Y'),
	(55, 'jisu4175', 'ㅠㅠㅜ', '010-1234-5678', 'f4d912bf-8b56-4094-973d-555f45339f70_20221120_135910.jpg', '시베리아', '2024-11-22', 'dog', '허숙희', 900000, '제 머리도 감겨주는 제 친구인데 집 나가서 아직도 연락이없\r\n네요', '2024-11-22', 8, 'N', 'Y'),
	(56, 'jisu4175', '반려모기 실종사건', '010-1234-5678', '7dd55828-57e9-4635-9383-16da535cebb3_class_8090_20220605_160804_0.webp', '하늘', '2024-11-22', 'small', '모기', 10, '집에서 키우는 반려모기인데 보신분', '2024-11-22', 12, 'N', 'Y'),
	(57, 'test12345', '하마를 찾아요', '010-2234-5242', 'abc5cd63-1b75-42a2-83ce-f2311cf66841_1.png', '우주선', '2024-11-22', 'dog', '외계인', 500, 'ㅎㅎㅎㅎㅎㅎㅎㅎㅎㅎㅎㅎㅎㅎㅎㅎㅎㅎㅎㅎㅎㅎ\r\nㅎㅎㅎㅎㅎㅎㅎㅎㅎㅎㅎㅎㅎㅎㅎㅎㅎㅎㅎㅎㅎㅎ\r\nㅎㅎㅎㅎㅎㅎㅎㅎㅎㅎㅎ무뎅아이빈다니아         \r\nㅇㅁ낭;ㄴ망;', '2024-11-22', 15, 'N', 'Y'),
	(58, 'test12345', '아기고양이 실종', '111-1111-1111', '974cac8f-04d8-4396-af16-6727a8c1a795_찾음.jpg', '안양천', '2024-11-22', 'dog', '아기고양이', 300, '히히히어ㅏㅣ머나ㅣ엄나ㅣㅇ너마ㅣㅇㄴ므ㅏ츠미ㅏ츼마느치ㅏㅁ느치ㅏㅇㅁㄴ이ㅏㅓ비ㅓ비ㅓㅂ지ㅏㅓㅂ지\r\n아ㅓㅂ지ㅏㅇㅂ저ㅣ압저ㅣ압저이ㅏㅈ버이버비ㅓ비ㅓㅂㅈ;압ㅈ;압ㅈ;앚ㅂ;압ㅈ;압ㅈ;압ㅈ;압지앚ㅂ;ㅣ앚ㅂ;\r\nㅇ밪;ㅇ밪;ㅣ', '2024-11-22', 10, 'N', 'Y'),
	(59, 'Kitten', '저의 소중한 지라치가 어느날 갑자기 사라졌어요', '010-5766-7452', '65b3190f-d3d3-4c0e-87ff-e61e5c5ab838__QUKks20Cs7M4PBT387HB2GJVMDbyiyfsfW1s1ZAFBzmW5KGIitH08SmRsCa_yeZpGDVtcvg-44c14i9MhGcuQ.gif', '하늘', '1777-07-07', 'small', '신비로운 별', 700000, '저의 소중한 지라치가 어느날 갑자기 사라졌어요', '2024-11-22', 29, 'N', 'Y'),
	(60, 'jisu4175', '이브이 칭구칭구', '010-1234-5678', '5eb20fa1-5008-4c02-805c-f5204732b9c5_HarmlessHeavyFrog-size_restricted.gif', '풀밭', '2024-11-22', 'etc', '포켓몬', 900000000, '이브이 진화 다 시켜놨는데 단체로 사라졌으요', '2024-11-22', 31, 'N', 'Y'),
	(61, 'Kitten', '와이어프레임', '010-8989-7878', '2bb6510c-73b6-4810-9eb9-421034d69a7c_IMG_6676.jpeg', '안양', '2024-11-22', 'dog', '사람', 10000, '와이어프레임! 이거 어때요? \r\n선생님께서 그려주는 거거든요~ 괜찮은 것 같아요?', '2024-11-22', 22, 'N', 'Y'),
	(62, 'Kitten', '제 친구 싸이를 잃어버렸어요', '010-5675-6756', '6cef4324-b906-45ca-9082-5675ab82b436_싸이.png', '강원도 마굿간', '1999-09-09', 'etc', '갈색 말', 300000, '그렇게 말춤을 열심히 추던 친구였는데... 우리 말이 사라졌어요. 너무너무 춤을 많이 춰 버린 나머지 그만 \r\n우주로 가버린 걸까요', '2024-11-22', 29, 'N', 'Y'),
	(63, 'jisu4175', '찾아주세요', '010-1234-5978', 'c3fc9dc4-196c-45fb-8302-d574f98052d6_3a5e5df27a6627e9055202b5bc8202e0.jpeg', '방송국', '2024-11-20', 'dog', '강아지', 101010101, '찾아주세요ㅕ', '2024-11-22', 23, 'N', 'Y'),
	(64, 'jisu4175', '찾아주세요', '010-1234-5978', 'bc103f92-e949-495f-a3e1-e88c8ee83ca6_3a5e5df27a6627e9055202b5bc8202e0.jpeg', '방송국', '2024-11-20', 'dog', '강아지', 101010101, '찾아주세요ㅕ', '2024-11-22', 1, 'N', 'Y'),
	(65, 'user1234', '테스트1', '010-0000-0000', '9aa6b046-3337-43bf-8a26-2abbc1a8ac5b_apam.png', '테스트1', '2024-11-25', 'dog', '테스트1', 10000, '테스트', '2024-11-25', 3, 'Y', 'Y'),
	(66, 'user1234', '테스트111', '010-0000-0000', '40ddc6a6-0d66-4192-894a-7eddff793c80_apam.png', '테스트111', '2024-11-25', 'dog', '테스트111', 10000, '테스트', '2024-11-25', 4, 'Y', 'Y');

-- 테이블 happypaws.lpcomment 구조 내보내기
DROP TABLE IF EXISTS `lpcomment`;
CREATE TABLE IF NOT EXISTS `lpcomment` (
  `lp_seq` int(11) NOT NULL,
  `lpc_seq` int(11) NOT NULL AUTO_INCREMENT,
  `lpc_id` varchar(100) NOT NULL,
  `lpc_content` text NOT NULL,
  `lpc_date` varchar(20) NOT NULL,
  PRIMARY KEY (`lpc_seq`) USING BTREE
) ENGINE=InnoDB AUTO_INCREMENT=114 DEFAULT CHARSET=utf8mb4 COLLATE=utf8mb4_general_ci;

-- 테이블 데이터 happypaws.lpcomment:~29 rows (대략적) 내보내기
DELETE FROM `lpcomment`;
INSERT INTO `lpcomment` (`lp_seq`, `lpc_seq`, `lpc_id`, `lpc_content`, `lpc_date`) VALUES
	(33, 80, 'admin', '성남 거주자 입니다\n저도 찾아보겠습니다', '2024-11-21'),
	(33, 81, 'admin', '성남에서 비슷한 강아지를 본적이 있는거 같아요\r\n찾으면 연락드리겠습니다', '2024-11-21'),
	(32, 82, 'admin', '내일 부산에 해운대에 가는데 발견하면 꼭 연락드리겠습니다.', '2024-11-21'),
	(31, 83, 'admin', '정말 귀여운 고슴도치인데 꼭 찾으시길 바랍니다.', '2024-11-21'),
	(31, 84, 'admin', '사례금이 백만원이라니...\r\n저도 찾아보겠습니다.', '2024-11-21'),
	(31, 85, 'admin', '찾았습니다!!!\r\n따봉도치야 고마워', '2024-11-21'),
	(28, 86, 'admin', '의정부에서 발견했습니다', '2024-11-21'),
	(28, 87, 'admin', '찾아주신분 정말 감사합니다.', '2024-11-21'),
	(30, 88, 'admin', '아직 어린 친구인데 걱정이 되네요\r\n남양주에서 발견하면 꼭 연락드릴께요', '2024-11-21'),
	(29, 89, 'admin', '종로 거주자 입니다.\r\n발견하면 연락 드리겠습니다.', '2024-11-21'),
	(31, 91, 'testkkk', '따봉도치야, 고마워!!', '2024-11-21'),
	(47, 92, 'Kitten', '빨리 찾았음 좋겠네요….', '2024-11-22'),
	(50, 93, 'kim45678', '저도찾고싶어요', '2024-11-22'),
	(50, 94, 'Kitten', '아이가 너무 아련해보여요', '2024-11-22'),
	(51, 95, 'Kitten', '이건 강호동이잔아요', '2024-11-22'),
	(52, 96, 'user1234', '얘내 진짜 착한 것 같아요 하 ......', '2024-11-22'),
	(57, 97, 'jisu4175', '저 동물의왕국에서 봤엉ㅅ!', '2024-11-22'),
	(57, 98, 'test12345', 'ㅠㅠㅠ 몇화인가여?', '2024-11-22'),
	(58, 99, 'jisu4175', '헐 어케 너무 귀여운애긴데\r\n저도 찾아벌게요', '2024-11-22'),
	(59, 100, 'jisu4175', '이쁘게 생겼당', '2024-11-22'),
	(59, 101, 'Kitten', 'ㅎㅎㅎㅎ고마워요🤍🤍🤍', '2024-11-22'),
	(61, 104, 'jisu4175', '잘 그리셨네요!', '2024-11-22'),
	(62, 105, 'jisu4175', 'zzzzzzzzzzzzzzzzz\r\nㅋㅋㅋㅋㅋㅋㅋㅋㅋㅋㅋㅋㅋㅋㅋㅋㅋㅋㅋㅋㅋㅋㅋㅋㅋㅋㅋㅋㅋㅋㅋㅋㅋㅋㅋㅋㅋㅋㅋㅋㅋㅋㅋㅋㅋㅋㅋ\r\nㅋㅋㅋㅋㅋ\r\n', '2024-11-22'),
	(62, 106, 'jisu4175', '말이예요?', '2024-11-22'),
	(62, 107, 'jisu4175', '실종된지 너무 오래됐는데', '2024-11-22'),
	(60, 108, 'Kitten', '님피아는 공주야...', '2024-11-22'),
	(56, 109, 'Kitten', '잠자리가 먹어버렸네요...아 뿔 싸...', '2024-11-22'),
	(55, 110, 'Kitten', 'ㅋㅋㅋㅋㅋㅋㅋㅋㅋㅋㅋㅋㅋㅋㅋㅋㅋㅋㅋㅋㅋㅋㅋㅋㅋㅋㅋㅋㅋㅋ', '2024-11-22'),
	(60, 111, 'jisu4175', 'ㅇㅈ...\r\n', '2024-11-22'),
	(62, 112, 'Kitten', '정신은 말이고 신체는 인간입니다...', '2024-11-25');

-- 테이블 happypaws.newfamily 구조 내보내기
DROP TABLE IF EXISTS `newfamily`;
CREATE TABLE IF NOT EXISTS `newfamily` (
  `nf_seq` int(11) NOT NULL AUTO_INCREMENT,
  `nf_id` varchar(100) NOT NULL,
  `nf_title` varchar(200) NOT NULL,
  `nf_ph` varchar(15) NOT NULL,
  `nf_img` varchar(255) NOT NULL,
  `nf_place` varchar(200) DEFAULT NULL,
  `nf_age` varchar(10) NOT NULL,
  `nf_gender` char(1) DEFAULT NULL,
  `nf_category` varchar(50) NOT NULL,
  `nf_breed` varchar(100) NOT NULL,
  `nf_content` text NOT NULL,
  `nf_date` varchar(20) NOT NULL,
  `nf_cnt` int(11) NOT NULL DEFAULT 0,
  `nf_ok` char(1) DEFAULT NULL CHECK (`nf_ok` in ('Y','N')),
  `nf_del` char(1) DEFAULT NULL CHECK (`nf_del` in ('Y','N')),
  PRIMARY KEY (`nf_seq`)
) ENGINE=InnoDB AUTO_INCREMENT=39 DEFAULT CHARSET=utf8mb4 COLLATE=utf8mb4_general_ci;

-- 테이블 데이터 happypaws.newfamily:~36 rows (대략적) 내보내기
DELETE FROM `newfamily`;
INSERT INTO `newfamily` (`nf_seq`, `nf_id`, `nf_title`, `nf_ph`, `nf_img`, `nf_place`, `nf_age`, `nf_gender`, `nf_category`, `nf_breed`, `nf_content`, `nf_date`, `nf_cnt`, `nf_ok`, `nf_del`) VALUES
	(1, 'user007', '시츄 무료분양합니다', '010-1345-5985', '1c8ca276-e211-499a-b6a6-a10dc99341fb_시츄.jpg', '서울시 송파구', '15개월', 'M', 'dog', '시츄', '15개월 시츄 무료분양합니다. 집안 사정상 키울 수 없게 되었습니다.', '2024-10-08', 3, 'N', 'N'),
	(2, 'user001', '푸들 무료분양합니다', '010-2234-5678', '4d8ca276-b3f1-499b-b5a6-c20dc99255cb_푸들.jpg', '부산시 기장군', '2살', 'F', 'dog', '푸들', '2살 푸들 무료분양합니다. 사랑이 넘치는 친구입니다.', '2024-10-09', 0, 'N', 'N'),
	(3, 'user002', '페르시안 고양이 입양하세요', '010-3456-7890', '6e9ca276-d401-4b9c-b7a6-b30dc99456dc_페르시안.jpg', '부산시 서면', '1살', 'M', 'cat', '페르시안', '1살 된 페르시안 고양이입니다. 부드러운 성격을 가진 고양이입니다.', '2024-10-10', 0, 'N', 'N'),
	(4, 'user003', '달마시안 무료분양합니다', '010-1234-5678', '3f2a1b12-8e4a-44e3-97f5-7a123456abcd_달마시안.jpg', '서울시 강남구', '3살', 'M', 'dog', '달마시안', '3살 된 활발한 달마시안입니다.', '2024-10-11', 0, 'N', 'N'),
	(5, 'user004', '도베르만 무료분양합니다', '010-8765-4321', '9a8b2c34-d5e4-4892-b4a6-8b345678efgh_도베르만.jpg', '서울시 서초구', '4살', 'F', 'dog', '도베르만', '4살 된 용감한 도베르만입니다.', '2024-10-12', 0, 'N', 'N'),
	(6, 'user005', '햄스터 무료분양합니다', '010-2345-6789', '1d3f2b3a-7e4a-46a3-87c5-1a987654ijkl_햄스터.jpg', '서울시 강북구', '6개월', 'F', 'small', '햄스터', '6개월 된 작은 햄스터입니다.', '2024-10-13', 3, 'N', 'N'),
	(7, 'user006', '라가머핀 고양이 입양하세요', '010-3456-7890', '2e3f4d5c-4e8b-42c4-95b6-4a567890mnop_라가머핀.jpg', '부산시 남구', '1살', 'F', 'cat', '라가머핀', '1살 된 부드러운 라가머핀 고양이입니다.', '2024-10-14', 0, 'N', 'N'),
	(8, 'user007', '러시안블루 고양이 입양하세요', '010-4567-8901', '4f5b6c7d-8a9b-40c5-85b6-3a123456qrst_러시안블루.jpg', '부산시 북구', '8개월', 'M', 'cat', '러시안블루', '8개월 된 조용한 러시안블루 고양이입니다.', '2024-10-15', 0, 'N', 'N'),
	(9, 'user008', '말라뮤트 무료분양합니다', '010-5678-9012', '5g6h7i8j-9b0c-43d5-a4e6-7b789012uvwx_말라뮤트.jpg', '서울시 용산구', '5살', 'F', 'dog', '말라뮤트', '5살 된 큰 말라뮤트입니다.', '2024-10-16', 0, 'N', 'N'),
	(10, 'user009', '말티즈 무료분양합니다', '010-6789-0123', '6h7i8j9k-0c1d-45e6-b5f7-8c456789yzab_말티즈.jpg', '서울시 동대문구', '2살', 'M', 'dog', '말티즈', '2살 된 작고 귀여운 말티즈입니다.', '2024-10-17', 2, 'N', 'N'),
	(11, 'user023', '먼치킨 고양이 입양하세요', '010-7890-1234', '7i8j9k0l-1d2e-46f7-c6g8-9d123456cdef_먼치킨.jpg', '부산시 해운대구', '1살', 'F', 'cat', '먼치킨', '1살 된 다리가 짧은 먼치킨입니다.', '2024-10-18', 0, 'N', 'N'),
	(12, 'user024', '비숑프리제 무료분양합니다', '010-8901-2345', '8j9k0l1m-2e3f-57g8-d7h9-0e123456ghij_비숑.jpg', '서울시 은평구', '3살', 'M', 'dog', '비숑프리제', '3살 된 털이 풍성한 비숑프리제입니다.', '2024-10-19', 0, 'N', 'N'),
	(13, 'user010', '비글 무료분양합니다', '010-9012-3456', '9k0l1m2n-3f4g-68h9-e8i0-1f456789ijkl_비글.jpg', '서울시 마포구', '2살', 'F', 'dog', '비글', '2살 된 활발한 비글입니다.', '2024-10-20', 0, 'N', 'N'),
	(14, 'user011', '브리티시헤어쇼트 고양이 입양하세요', '010-0123-4567', '0l1m2n3o-4g5h-79i0-f9j1-2g123456mnop_브리티시헤어쇼트.jpg', '부산시 금정구', '1살', 'M', 'cat', '브리티시헤어쇼트', '1살 된 영국 혈통의 브리티시헤어쇼트 고양이입니다.', '2024-10-21', 0, 'N', 'N'),
	(15, 'user012', '불독 무료분양합니다', '010-2345-6789', '1a2b3c4d-5e6f-71g8-h9i0-1j123456qrst_불독.jpg', '서울시 성북구', '3살', 'M', 'dog', '불독', '3살 된 튼튼한 불독입니다.', '2024-10-22', 0, 'N', 'N'),
	(16, 'user013', '보더콜리 무료분양합니다', '010-3456-7890', '2b3c4d5e-6f7g-81h9-0i1j-2k234567mnop_보더콜리.jpg', '서울시 강서구', '2살', 'F', 'dog', '보더콜리', '2살 된 지능 높은 보더콜리입니다.', '2024-10-23', 0, 'N', 'N'),
	(17, 'user014', '뱅갈 고양이 입양하세요', '010-4567-8901', '3c4d5e6f-7g8h-92i1-j2k3-1l345678qrst_뱅갈.jpg', '부산시 동래구', '1살', 'M', 'cat', '뱅갈', '1살 된 활동적인 뱅갈 고양이입니다.', '2024-10-24', 0, 'N', 'N'),
	(18, 'user015', '사모예드 무료분양합니다', '010-5678-9012', '4d5e6f7g-8h9i-03j4-k5l6-2m456789qrst_사모예드.jpg', '서울시 구로구', '4살', 'F', 'dog', '사모예드', '4살 된 사모예드입니다.', '2024-10-25', 0, 'N', 'N'),
	(19, 'user016', '샴 고양이 입양하세요', '010-6789-0123', '5e6f7g8h-9i0j-12k3-l4m5-3n567890qrst_샴.jpg', '부산시 기장군', '2살', 'M', 'cat', '샴', '2살 된 샴 고양이입니다.', '2024-10-26', 0, 'N', 'N'),
	(20, 'user017', '셰퍼드 무료분양합니다', '010-7890-1234', '6f7g8h9i-0j1k-23l4-m5n6-4o789012qrst_셰퍼드.jpg', '서울시 영등포구', '5살', 'F', 'dog', '셰퍼드', '5살 된 셰퍼드입니다.', '2024-10-27', 0, 'N', 'N'),
	(21, 'user018', '슈나우저 무료분양합니다', '010-8901-2345', '7g8h9i0j-1k2l-34m5-n6o7-5p890123qrst_슈나우저.jpg', '서울시 송파구', '4살', 'M', 'dog', '슈나우저', '4살 된 슈나우저입니다.', '2024-10-28', 0, 'N', 'N'),
	(22, 'user019', '스코티시폴드 고양이 입양하세요', '010-9012-3456', '8h9i0j1k-2l3m-45n6-o7p8-6q123456qrst_스코티시폴드.jpg', '부산시 중구', '1살', 'F', 'cat', '스코티시폴드', '1살 된 스코티시폴드 고양이입니다.', '2024-10-29', 0, 'N', 'N'),
	(23, 'user020', '시바견 무료분양합니다', '010-0123-4567', '9i0j1k2l-3m4n-56o7-p8q9-7r123456qrst_시바견.jpg', '서울시 동작구', '2살', 'M', 'dog', '시바견', '2살 된 시바견입니다.', '2024-10-30', 0, 'N', 'N'),
	(24, 'user021', '시츄 무료분양합니다', '010-1234-5678', 'a1b2c3d4-5e6f-78g9-h0i1-1j234567qrst_시츄.jpg', '서울시 송파구', '15개월', 'M', 'dog', '시츄', '15개월 시츄 무료분양합니다. 집안 사정상 키울 수 없게 되었습니다.', '2024-10-31', 0, 'N', 'N'),
	(25, 'user022', '아메리칸쇼트헤어 고양이 입양하세요', '010-2345-6789', 'b1c2d3e4-5f6g-78h9-i0j1-2k345678qrst_아메리칸쇼트헤어.jpg', '서울시 관악구', '2살', 'M', 'cat', '아메리칸쇼트헤어', '2살 된 아메리칸쇼트헤어입니다.', '2024-10-31', 0, 'N', 'N'),
	(26, 'user030\r\n', '요크셔테리어 무료분양합니다', '010-3456-7890', 'c2d3e4f5-6g7h-89i0-j1k2-3l456789qrst_요크셔테리어.jpg', '서울시 강서구', '3살', 'M', 'dog', '요크셔테리어', '3살 된 귀여운 요크셔테리어입니다.', '2024-11-01', 0, 'N', 'N'),
	(27, 'user023', '웰시코기 무료분양합니다', '010-4567-8901', 'd3e4f5g6-7h8i-90j1-k2l3-4m567890qrst_웰시코기.jpg', '서울시 마포구', '4살', 'M', 'dog', '웰시코기', '4살 된 웰시코기입니다.', '2024-11-02', 6, 'Y', 'N'),
	(28, 'user024', '이구아나 무료분양합니다', '010-5678-9012', 'e4f5g6h7-8i9j-01k2-l3m4-5n678901qrst_이구아나.jpg', '서울시 종로구', '5년', 'M', 'etc', '이구아나', '5년 된 이구아나입니다.', '2024-11-03', 11, 'Y', 'N'),
	(29, 'user025', '하이랜더 고양이 입양하세요', '010-6789-0123', 'f5g6h7i8-9j0k-12l3-m4n5-6o789012qrst_하이랜더.jpg', '부산시 서면', '2살', 'M', 'cat', '하이랜더', '2살 된 하이랜더 고양이입니다.', '2024-11-04', 2, 'N', 'N'),
	(30, 'user026', '포메라니안 무료분양합니다', '010-7890-1234', 'g6h7i8j9-0k1l-23m4-n5o6-7p890123qrst_포메라니안.jpg', '서울시 강남구', '3살', 'F', 'dog', '포메라니안', '3살 된 귀여운 포메라니안입니다.', '2024-11-05', 6, 'N', 'N'),
	(31, 'user027', '토끼 무료분양합니다', '010-8901-2345', 'h7i8j9k0-1l2m-34n5-o6p7-8q123456qrst_토끼.jpg', '서울시 구로구', '1살', 'M', 'small', '토끼', '1살 된 귀여운 토끼입니다.', '2024-11-06', 12, 'Y', 'N'),
	(32, 'user028', '터키시앙고라 고양이 입양하세요', '010-9012-3456', 'i8j9k0l-2m3n-45o6-p7q8-9r234567qrst_터키시앙고라.jpg', '부산시 사상구', '1살', 'F', 'cat', '터키시앙고라', '1살 된 터키시앙고라 고양이입니다.', '2024-11-07', 12, 'N', 'N'),
	(33, 'user029', '코카스파니엘 무료분양합니다', '010-0123-4567', 'j9k0l1m2-3n4o-56p7-q8r9-0s123456qrst_코카스파니엘.jpg', '서울시 마포구', '2살', 'M', 'dog', '코카스파니엘', '2살 된 코카스파니엘입니다.', '2024-11-08', 22, 'Y', 'N'),
	(34, 'user030', '다람쥐 무료분양합니다', '010-1234-5678', '7540ffcb-1fca-48bf-8ee1-27dd7d2b082f_람쥐썬더.png', '서울시 중구', '1살', 'M', 'small', '다람쥐', '1살된 다람쥐 입니다.', '2024-11-09', 71, 'Y', 'Y'),
	(36, 'jisu4175', 'dd', '010-1234-5678', '5bcd2b1b-8389-4477-8de0-2d15fd674184_화면 캡처 2024-11-08 104812.png', '안양시', '100', 'M', 'dog', '인간', '인간 팔아요~~ㅇㅇㅇ', '2024-11-21', 4, 'N', 'Y'),
	(37, 'test12345', '이 아이의 주인을 찾아여!!', '010-1234-5678', 'c9d0770f-9d0a-489c-8ddd-91472d10f0ca_찾음.jpg', '경기 군포시', '1', 'F', 'cat', '모르겠어요.', '너무 귀여운 아이인데!! 가정상 키울수가 없어서 분양합니다!!', '2024-11-22', 19, 'N', 'N'),
	(38, 'user1234', '테스트1', '010-0000-0000', '5e05dd11-f8d6-4fef-adbb-3b86356c68f7_error-page.png', '테스트1', '2살', 'F', 'cat', '테스트1', '테스트1', '2024-11-25', 6, 'Y', 'Y');

-- 테이블 happypaws.nfcomment 구조 내보내기
DROP TABLE IF EXISTS `nfcomment`;
CREATE TABLE IF NOT EXISTS `nfcomment` (
  `nf_seq` int(11) NOT NULL,
  `nfc_seq` int(11) NOT NULL AUTO_INCREMENT,
  `nfc_id` varchar(100) NOT NULL,
  `nfc_content` varchar(500) NOT NULL,
  `nfc_date` varchar(20) NOT NULL,
  PRIMARY KEY (`nfc_seq`)
) ENGINE=InnoDB AUTO_INCREMENT=5 DEFAULT CHARSET=utf8mb4 COLLATE=utf8mb4_general_ci;

-- 테이블 데이터 happypaws.nfcomment:~2 rows (대략적) 내보내기
DELETE FROM `nfcomment`;
INSERT INTO `nfcomment` (`nf_seq`, `nfc_seq`, `nfc_id`, `nfc_content`, `nfc_date`) VALUES
	(34, 2, 'admin', '다람쥐가 너무 귀엽네요\r\n아직 입양 가능한가요?', '2024-11-21'),
	(31, 3, 'testkkk', '잘 키울게요 감사해요!', '2024-11-21'),
	(37, 4, 'user1234', '테스트 댓글', '2024-11-25');

-- 테이블 happypaws.notice 구조 내보내기
DROP TABLE IF EXISTS `notice`;
CREATE TABLE IF NOT EXISTS `notice` (
  `n_seq` int(11) NOT NULL AUTO_INCREMENT,
  `n_id` varchar(20) NOT NULL,
  `n_title` varchar(255) NOT NULL,
  `n_content` text NOT NULL,
  `n_date` varchar(20) NOT NULL,
  `n_count` int(11) NOT NULL DEFAULT 0,
  `n_chk` varchar(2) NOT NULL DEFAULT 'N',
  `n_del` varchar(2) NOT NULL DEFAULT 'N',
  PRIMARY KEY (`n_seq`),
  CONSTRAINT `CONSTRAINT_1` CHECK (`n_chk` in ('Y','N')),
  CONSTRAINT `CONSTRAINT_2` CHECK (`n_del` in ('Y','N'))
) ENGINE=InnoDB AUTO_INCREMENT=37 DEFAULT CHARSET=utf8mb4 COLLATE=utf8mb4_general_ci;

-- 테이블 데이터 happypaws.notice:~31 rows (대략적) 내보내기
DELETE FROM `notice`;
INSERT INTO `notice` (`n_seq`, `n_id`, `n_title`, `n_content`, `n_date`, `n_count`, `n_chk`, `n_del`) VALUES
	(1, 'admin', '긴급 공지: 시스템 유지보수 안내', '<p>공지사항 내용 1입니다. 상세한 설명이 포함되어 있습니다.</p>', '2023-10-24 10:10:10', 16, 'N', 'N'),
	(2, 'admin', '중요 업데이트: 신규 기능 추가', '<p>공지사항 내용 2입니다. 이 공지는 중요한 업데이트를 포함합니다.</p>', '2023-10-25 11:20:15', 26, 'N', 'N'),
	(3, 'admin', '필독: 최신 기능 사용 가이드', '<p>공지사항 내용 3입니다. 새로운 기능이 추가되었습니다.</p>', '2023-10-26 09:05:30', 11, 'N', 'N'),
	(4, 'admin', '유지보수 공지: 서버 점검 일정', '<p>공지사항 내용 4입니다. 유지보수 작업 일정입니다.</p>', '2023-10-27 14:45:50', 21, 'N', 'N'),
	(5, 'admin', '사용자 가이드: 새 기능 설명', '<p>공지사항 내용 5입니다. 사용 방법에 대한 가이드입니다.</p>', '2023-10-28 16:30:20', 7, 'N', 'N'),
	(6, 'admin', '시스템 점검 예정 공지', '<p>공지사항 내용 6입니다. 시스템 점검이 예정되어 있습니다.</p>', '2023-10-29 08:15:40', 30, 'N', 'N'),
	(7, 'admin', '업데이트 릴리즈 노트', '<p>공지사항 내용 7입니다. 새 업데이트 릴리즈 노트입니다.</p>', '2023-10-30 12:50:10', 54, 'N', 'N'),
	(8, 'admin', '운영 시간 변경 안내', '<p>공지사항 내용 8입니다. 고객센터 운영 시간 변경 안내입니다.</p>', '2023-10-31 17:05:00', 28, 'N', 'N'),
	(9, 'admin', '긴급 패치 적용 안내', '<p>공지사항 내용 9입니다. 긴급 패치 노트입니다.</p>', '2023-11-01 15:25:35', 60, 'N', 'N'),
	(10, 'admin', '새로운 혜택 안내', '<p>공지사항 내용 10입니다. 새로운 혜택에 대한 설명입니다.</p>', '2024-10-02 14:40:25', 40, 'N', 'N'),
	(11, 'admin', '시스템 성능 개선 완료', '<p>공지사항 내용 11입니다. 시스템 성능이 개선되었습니다.</p>', '2024-10-03 09:55:15', 25, 'N', 'N'),
	(12, 'admin', '서비스 약관 변경 공지', '<p>공지사항 내용 12입니다. 서비스 약관 변경에 대한 안내입니다.</p>', '2024-10-04 11:10:45', 13, 'N', 'N'),
	(13, 'admin', '데이터 백업 계획 공지', '<p>공지사항 내용 13입니다. 데이터 백업 계획입니다.</p>', '2024-10-05 08:25:30', 17, 'N', 'N'),
	(14, 'admin', '유지보수 완료 보고', '<p>공지사항 내용 14입니다. 시스템 유지보수 완료 보고입니다.</p>', '2024-10-06 16:50:10', 35, 'N', 'N'),
	(15, 'admin', '신규 기능 베타 테스트 안내', '<p>공지사항 내용 15입니다. 신규 기능 베타 테스트 안내입니다.</p>', '2024-10-07 18:15:20', 30, 'N', 'N'),
	(16, 'admin', '연휴 기간 서비스 이용 공지', '<p>공지사항 내용 16입니다. 연휴 기간 서비스 이용 안내입니다.</p>', '2024-10-08 20:20:30', 6, 'N', 'N'),
	(17, 'admin', '보안 업데이트 완료 안내', '<p>공지사항 내용 17입니다. 최신 보안 업데이트 적용 완료.</p>', '2024-10-09 07:30:10', 43, 'N', 'N'),
	(18, 'admin', '고객 지원 센터 공지2', '<p>공지사항 내용 18입니다. 고객 지원 센터 공지입니다.</p>', '2024-10-10 10:45:00', 16, 'N', 'N'),
	(19, 'admin', '긴급 서버 점검 안내', '<p>공지사항 내용 19입니다. 긴급 서버 점검 안내입니다.</p>', '2024-10-11 14:20:35', 11, 'N', 'N'),
	(20, 'admin', '새로운 UX/UI 업데이트 공지', '<p>공지사항 내용 20입니다. 새로운 UX/UI 업데이트입니다.</p>', '2024-10-28 09:10:55', 11, 'N', 'N'),
	(21, 'admin', '월간 보고서 업데이트', '<p>공지사항 내용 21입니다. 월간 보고서가 업데이트되었습니다.</p>', '2024-10-29 17:25:15', 16, 'N', 'N'),
	(22, 'admin', '버그 수정 패치 공지', '<p>공지사항 내용 22입니다. 버그 수정 패치가 포함되었습니다.</p>', '2024-10-29 13:05:50', 25, 'N', 'N'),
	(23, 'admin', '신규 가입자 혜택 발표', '<p>공지사항 내용 23입니다. 신규 가입자 혜택 안내입니다.</p>', '2024-11-01 12:30:10', 49, 'N', 'N'),
	(24, 'admin', '정기 점검 공지', '<p>안녕하세요, 고객님!</p><p>저희 서비스의 안정성과 성능 향상을 위한 <strong>정기 점검</strong>을 아래와 같이 진행할 예정입니다. 점검 시간 동안 서비스 이용에 일시적인 불편이 있을 수 있으니, 고객님의 양해를 부탁드립니다.</p><p><br></p><h3>🛠️ <strong>점검 일정</strong></h3><ol><li data-list="bullet"><span class="ql-ui" contenteditable="false"></span><strong>점검 일시</strong>: [2024년 11월 2일 (목) 00:00 ~ 06:00]</li><li data-list="bullet"><span class="ql-ui" contenteditable="false"></span><strong>점검 대상</strong>: 전체 서비스 (입양, 애완용품 구매, 마이페이지 등)</li></ol><h3>⚙️ <strong>점검 내용</strong></h3><ol><li data-list="bullet"><span class="ql-ui" contenteditable="false"></span><strong>서버 성능 및 안정성 개선</strong></li><li data-list="bullet" class="ql-indent-1"><span class="ql-ui" contenteditable="false"></span>서버 최적화 및 데이터베이스 점검을 통해 서비스의 속도와 안정성을 향상시킵니다.</li><li data-list="bullet"><span class="ql-ui" contenteditable="false"></span><strong>보안 업데이트</strong></li><li data-list="bullet" class="ql-indent-1"><span class="ql-ui" contenteditable="false"></span>최신 보안 패치를 적용하여 고객님의 개인정보와 데이터를 안전하게 보호합니다.</li><li data-list="bullet"><span class="ql-ui" contenteditable="false"></span><strong>시스템 점검</strong></li><li data-list="bullet" class="ql-indent-1"><span class="ql-ui" contenteditable="false"></span>서비스 전반에 대한 점검과 개선 작업을 통해 더 나은 사용자 경험을 제공합니다.</li></ol><h3>⏳ <strong>점검 기간 동안의 서비스 이용 안내</strong></h3><ol><li data-list="bullet"><span class="ql-ui" contenteditable="false"></span>점검 시간 동안 일부 기능이 일시적으로 중단될 수 있습니다.</li><li data-list="bullet"><span class="ql-ui" contenteditable="false"></span><strong>입양 신청</strong> 및 <strong>애완용품 구매</strong> 등의 서비스가 일시적으로 이용 불가할 수 있으니, 점검 시간 외에 서비스를 이용해 주시기를 권장합니다.</li><li data-list="bullet"><span class="ql-ui" contenteditable="false"></span>점검이 완료되면 모든 서비스가 정상적으로 제공됩니다.</li></ol><p><br></p>', '2024-11-02 19:40:20', 3, 'N', 'N'),
	(25, 'admin', '신규 API 가이드 발표', '<p>안녕하세요, 고객님!</p><p>저희는 고객님의 편리한 서비스 이용을 위해 <strong>신규 API</strong>를 출시하게 되었습니다. 이번 API는 더욱 강력한 기능과 향상된 성능을 제공하며, 귀하의 서비스와 시스템 통합을 더욱 쉽게 만들어 드릴 것입니다. <strong>신규 API 가이드</strong>를 통해 새로운 기능을 어떻게 활용하실 수 있는지 안내드리겠습니다.</p><p><br></p><h3>🛠️ <strong>신규 API 기능 소개</strong></h3><ol><li data-list="ordered"><span class="ql-ui" contenteditable="false"></span><strong>입양 동물 데이터 API</strong></li><li data-list="bullet" class="ql-indent-1"><span class="ql-ui" contenteditable="false"></span>입양 가능한 동물에 대한 최신 정보 (나이, 종류, 성격 등) 를 실시간으로 조회할 수 있는 API입니다. 이를 통해 귀하의 플랫폼에서 입양 동물 정보를 자동으로 업데이트할 수 있습니다.</li><li data-list="ordered"><span class="ql-ui" contenteditable="false"></span><strong>애완용품 카탈로그 API</strong></li><li data-list="bullet" class="ql-indent-1"><span class="ql-ui" contenteditable="false"></span>다양한 애완용품의 카탈로그를 API를 통해 제공받을 수 있습니다. 제품명, 가격, 재고 상태, 상세 설명 등 모든 정보를 손쉽게 연동할 수 있습니다.</li><li data-list="ordered"><span class="ql-ui" contenteditable="false"></span><strong>주문/배송 관리 API</strong></li><li data-list="bullet" class="ql-indent-1"><span class="ql-ui" contenteditable="false"></span>고객의 주문 현황 및 배송 상태를 실시간으로 추적할 수 있는 API입니다. 주문 번호를 입력하면, 고객이 주문한 제품의 배송 상태 및 예상 도착 시간을 확인할 수 있습니다.</li><li data-list="ordered"><span class="ql-ui" contenteditable="false"></span><strong>사용자 계정 관리 API</strong></li><li data-list="bullet" class="ql-indent-1"><span class="ql-ui" contenteditable="false"></span>사용자 등록, 로그인, 회원 정보 수정 등을 자동화할 수 있는 API입니다. 고객이 사이트를 이용할 때의 인증과 관련된 기능을 손쉽게 통합할 수 있습니다.</li></ol><p><br></p>', '2024-11-03 11:55:00', 2, 'N', 'N'),
	(26, 'admin', '서버 성능 최적화!', '<p><span style="background-color: rgb(255, 255, 255); color: rgb(33, 37, 41);">안녕하세요, 고객님!</span></p><p><span style="background-color: rgb(255, 255, 255); color: rgb(33, 37, 41);">더 빠르고 안정적인 서비스 제공을 위해 서버 성능 최적화 작업을 진행합니다. 최적화 작업을 통해 사이트의 속도와 안정성을 향상시킬 예정이오니, 고객님께 더 나은 환경을 제공해드리기 위한 중요한 과정입니다.</span></p><p><br></p><p><span style="background-color: rgb(255, 255, 255); color: rgb(33, 37, 41);">🛠️ 작업 내용 서버 응답 속도 개선 트래픽 처리 능력 향상 사이트 안정성 강화</span></p><p><br></p><p><span style="background-color: rgb(255, 255, 255); color: rgb(33, 37, 41);">⏰ 작업 일정 2024년 11월 04일(월) 오후 10시 ~ 11시 30분 (예정)</span></p><p><br></p><p><span style="background-color: rgb(255, 255, 255); color: rgb(33, 37, 41);">작업 시간 동안 일부 서비스에 일시적인 지연이 있을 수 있습니다.</span></p><p><span style="background-color: rgb(255, 255, 255); color: rgb(33, 37, 41);">서비스 이용에 불편함을 드려 죄송하며, 최적화가 완료된 후 더 나은 환경을 제공해 드릴 수 있도록 최선을 다하겠습니다. 최적화 작업이 완료되면, 반려동물 입양 및 애완용품 구매 등 모든 서비스가 더 원활하게 제공될 예정입니다.</span></p><p><br></p><p><span style="background-color: rgb(255, 255, 255); color: rgb(33, 37, 41);">고객님의 많은 양해 부탁드리며, 항상 더 나은 서비스를 제공하기 위해 지속적으로 노력하겠습니다.</span></p><p><br></p><p><span style="background-color: rgb(255, 255, 255); color: rgb(33, 37, 41);">감사합니다!</span></p><p><br></p>', '2024-11-04 14:15:30', 2, 'N', 'N'),
	(27, 'admin', '사용자 피드백 반영 안내', '<p>안녕하세요, 고객님!</p><p>항상 저희 서비스를 이용해 주셔서 진심으로 감사드립니다. 고객님들의 소중한 의견과 피드백을 적극 반영하여, 더욱 향상된 서비스로 보답하고자 몇 가지 주요 개선 사항을 안내드립니다.</p><p><br></p><h3>📝 <strong>고객님 피드백을 반영한 주요 개선 사항</strong></h3><ol><li data-list="ordered"><span class="ql-ui" contenteditable="false"></span><strong>사이트 속도 개선</strong></li><li data-list="bullet" class="ql-indent-1"><span class="ql-ui" contenteditable="false"></span>고객님들께서 주신 사이트 로딩 속도에 대한 의견을 바탕으로, 서버 성능 최적화 작업을 진행하여 더 빠르고 원활한 서비스를 제공할 수 있도록 했습니다.</li><li data-list="ordered"><span class="ql-ui" contenteditable="false"></span><strong>입양 정보 업데이트</strong></li><li data-list="bullet" class="ql-indent-1"><span class="ql-ui" contenteditable="false"></span>입양 동물 정보가 더 정확하고 상세하게 제공되도록 개선했습니다. 각 동물의 나이, 성격, 건강 상태 등을 보다 직관적으로 확인하실 수 있습니다.</li><li data-list="ordered"><span class="ql-ui" contenteditable="false"></span><strong>검색 기능 개선</strong></li><li data-list="bullet" class="ql-indent-1"><span class="ql-ui" contenteditable="false"></span>애완용품 검색 기능을 개선하여 원하는 상품을 더 쉽게 찾을 수 있도록 했습니다. 필터링 옵션을 강화하고, 검색 결과의 정확도를 높였습니다.</li><li data-list="ordered"><span class="ql-ui" contenteditable="false"></span><strong>고객센터 응답 시간 단축</strong></li><li data-list="bullet" class="ql-indent-1"><span class="ql-ui" contenteditable="false"></span>고객님들의 문의에 더 빠르게 대응할 수 있도록 고객센터 응답 시스템을 개선했습니다. 이제 더 빠르고 정확한 답변을 제공할 수 있게 되었습니다.</li><li data-list="ordered"><span class="ql-ui" contenteditable="false"></span><strong>입양 후 지원 서비스 강화</strong></li><li data-list="bullet" class="ql-indent-1"><span class="ql-ui" contenteditable="false"></span>입양 후에도 반려동물과의 원활한 생활을 돕기 위해 <strong>입양 후 지원 서비스</strong>를 강화했습니다. 입양 후 3개월 이내 무료 상담을 제공하고, 필요한 정보를 보다 쉽게 안내드릴 수 있게 되었습니다.</li></ol><p><br></p>', '2024-11-05 16:10:15', 3, 'N', 'N'),
	(28, 'admin', '서비스 이용약관 변경', '<p><span style="background-color: rgb(255, 255, 255); color: rgb(33, 37, 41);">안녕하세요, 고객님!</span></p><p><span style="background-color: rgb(255, 255, 255); color: rgb(33, 37, 41);">저희 사이트를 이용해 주시는 고객님께 감사드리며,&nbsp;</span><strong style="background-color: rgb(255, 255, 255); color: rgb(33, 37, 41);">서비스 이용약관</strong><span style="background-color: rgb(255, 255, 255); color: rgb(33, 37, 41);">에 변경 사항이 있어 안내드립니다.</span></p><p><span style="background-color: rgb(255, 255, 255); color: rgb(33, 37, 41);">변경된 약관은 **[2024년 11월 06일]**부터 시행되며, 고객님의 원활한 서비스 이용을 위해 필요한 사항들만을 반영하였습니다.</span></p><p><br></p><h3><span style="background-color: rgb(255, 255, 255); color: rgb(33, 37, 41);">📄&nbsp;</span><strong style="background-color: rgb(255, 255, 255); color: rgb(33, 37, 41);">변경 사항 요약</strong></h3><ol><li data-list="ordered"><span class="ql-ui" contenteditable="false"></span><strong style="background-color: rgb(255, 255, 255); color: rgb(33, 37, 41);">개인정보 보호 정책 강화</strong></li><li data-list="bullet" class="ql-indent-1"><span class="ql-ui" contenteditable="false"></span><span style="background-color: rgb(255, 255, 255); color: rgb(33, 37, 41);">고객님의 개인정보 보호를 더욱 철저히 하기 위해, 개인정보 수집 및 처리 방침을 강화하고, 제3자 제공 조건에 대해 더 명확하게 규정했습니다.</span></li><li data-list="ordered"><span class="ql-ui" contenteditable="false"></span><strong style="background-color: rgb(255, 255, 255); color: rgb(33, 37, 41);">서비스 이용의 책임 강화</strong></li><li data-list="bullet" class="ql-indent-1"><span class="ql-ui" contenteditable="false"></span><span style="background-color: rgb(255, 255, 255); color: rgb(33, 37, 41);">고객님께서 제공하시는 정보에 대한 정확성을 보다 명확하게 규정하고, 서비스 이용 시 발생할 수 있는 책임에 대해 안내드립니다.</span></li><li data-list="ordered"><span class="ql-ui" contenteditable="false"></span><strong style="background-color: rgb(255, 255, 255); color: rgb(33, 37, 41);">입양 및 애완용품 구매 관련 조건 변경</strong></li><li data-list="bullet" class="ql-indent-1"><span class="ql-ui" contenteditable="false"></span><span style="background-color: rgb(255, 255, 255); color: rgb(33, 37, 41);">입양 과정에서의 조건과 애완용품 구매에 대한 취소 및 환불 정책이 일부 변경되었습니다. 특히, 반려동물 입양 후 7일 이내에 상담을 통해 문제를 해결할 수 있는 프로세스를 추가했습니다.</span></li><li data-list="ordered"><span class="ql-ui" contenteditable="false"></span><strong style="background-color: rgb(255, 255, 255); color: rgb(33, 37, 41);">서비스 제공 중단 및 제한 조치</strong></li><li data-list="bullet" class="ql-indent-1"><span class="ql-ui" contenteditable="false"></span><span style="background-color: rgb(255, 255, 255); color: rgb(33, 37, 41);">서비스 제공 중단 시 고객님의 권리를 보호할 수 있도록, 사전 안내 및 보상 절차를 보다 구체적으로 명시했습니다.</span></li><li data-list="bullet"><span class="ql-ui" contenteditable="false"></span><br></li></ol><h3><span style="background-color: rgb(255, 255, 255); color: rgb(33, 37, 41);">🛠️&nbsp;</span><strong style="background-color: rgb(255, 255, 255); color: rgb(33, 37, 41);">변경된 약관 확인 방법</strong></h3><p><span style="background-color: rgb(255, 255, 255); color: rgb(33, 37, 41);">변경된&nbsp;</span><strong style="background-color: rgb(255, 255, 255); color: rgb(33, 37, 41);">서비스 이용약관</strong><span style="background-color: rgb(255, 255, 255); color: rgb(33, 37, 41);">은 저희 사이트에서 언제든지 확인하실 수 있습니다. 변경 사항을 충분히 숙지하시고, 약관에 동의하신 후 서비스 이용을 계속해 주시기 바랍니다. 약관에 동의하지 않으실 경우, 서비스 이용에 제한이 있을 수 있습니다.</span></p><p><br></p><h3><span style="background-color: rgb(255, 255, 255); color: rgb(33, 37, 41);">📅&nbsp;</span><strong style="background-color: rgb(255, 255, 255); color: rgb(33, 37, 41);">변경 시행일</strong></h3><p><strong style="background-color: rgb(255, 255, 255); color: rgb(33, 37, 41);">2024년 11월 6일</strong><span style="background-color: rgb(255, 255, 255); color: rgb(33, 37, 41);">부터 변경된 약관이 적용됩니다.</span></p><p><strong style="background-color: rgb(255, 255, 255); color: rgb(33, 37, 41);">고객님의 의견을 존중합니다</strong></p><p><span style="background-color: rgb(255, 255, 255); color: rgb(33, 37, 41);">저희는 고객님께 더 나은 서비스 제공을 위해 지속적으로 노력하고 있습니다. 약관 변경에 대한 궁금한 사항이나 의견이 있으시면 언제든지 고객센터로 문의해 주세요.</span></p><p><span style="background-color: rgb(255, 255, 255); color: rgb(33, 37, 41);">앞으로도 변함없이 좋은 서비스를 제공할 수 있도록 노력하겠습니다. 감사합니다!</span></p><p><br></p>', '2024-11-06 08:35:40', 2, 'N', 'N'),
	(29, 'admin', '주말 서비스 이용 공지!!!!', '<p><span style="background-color: rgb(255, 255, 255); color: rgb(33, 37, 41);">안녕하세요, 고객님!</span></p><p><span style="background-color: rgb(255, 255, 255); color: rgb(33, 37, 41);">주말 동안 반려동물 입양과 애완용품 구매 서비스를 더욱 원활하게 이용하실 수 있도록&nbsp;</span><strong style="background-color: rgb(255, 255, 255); color: rgb(33, 37, 41);">주말 서비스 이용 안내</strong><span style="background-color: rgb(255, 255, 255); color: rgb(33, 37, 41);">&nbsp;드립니다.</span></p><p><br></p><h3><span style="background-color: rgb(255, 255, 255); color: rgb(33, 37, 41);">⏰&nbsp;</span><strong style="background-color: rgb(255, 255, 255); color: rgb(33, 37, 41);">주말 서비스 운영 시간</strong></h3><ol><li data-list="bullet"><span class="ql-ui" contenteditable="false"></span><strong style="background-color: rgb(255, 255, 255); color: rgb(33, 37, 41);">토요일 &amp; 일요일</strong><span style="background-color: rgb(255, 255, 255); color: rgb(33, 37, 41);">: 오전 9시 ~ 오후 6시</span></li><li data-list="bullet" class="ql-indent-1"><span class="ql-ui" contenteditable="false"></span><span style="background-color: rgb(255, 255, 255); color: rgb(33, 37, 41);">입양 상담 및 애완용품 구매 모두 가능합니다. 주말에도 고객님들의 소중한 반려동물과 함께하는 시간을 지원해드리기 위해 최선을 다하겠습니다.</span></li></ol><p><br></p><h3><span style="background-color: rgb(255, 255, 255); color: rgb(33, 37, 41);">🐾&nbsp;</span><strong style="background-color: rgb(255, 255, 255); color: rgb(33, 37, 41);">주말 서비스 주요 내용</strong></h3><ol><li data-list="ordered"><span class="ql-ui" contenteditable="false"></span><strong style="background-color: rgb(255, 255, 255); color: rgb(33, 37, 41);">입양 상담</strong></li><li data-list="ordered"><span class="ql-ui" contenteditable="false"></span><span style="background-color: rgb(255, 255, 255); color: rgb(33, 37, 41);">주말에도 입양 상담이 가능합니다. 귀여운 입양동물을 만나보시고, 전문 상담원과 함께 더 많은 정보를 얻어보세요.</span></li><li data-list="ordered"><span class="ql-ui" contenteditable="false"></span><strong style="background-color: rgb(255, 255, 255); color: rgb(33, 37, 41);">애완용품 구매</strong></li><li data-list="ordered"><span class="ql-ui" contenteditable="false"></span><span style="background-color: rgb(255, 255, 255); color: rgb(33, 37, 41);">사료, 장난감, 침대 등 다양한 애완용품을 주말에도 구매하실 수 있습니다. 필요한 제품은 언제든지 온라인에서 주문 후 빠르게 받아보세요.</span></li><li data-list="ordered"><span class="ql-ui" contenteditable="false"></span><strong style="background-color: rgb(255, 255, 255); color: rgb(33, 37, 41);">빠른 배송 서비스</strong></li><li data-list="ordered"><span class="ql-ui" contenteditable="false"></span><span style="background-color: rgb(255, 255, 255); color: rgb(33, 37, 41);">주말 주문은 주말에 바로 발송되며, 평일과 동일한 신속한 배송 서비스를 제공합니다.</span></li></ol><p><br></p><h3><span style="background-color: rgb(255, 255, 255); color: rgb(33, 37, 41);">🛠️&nbsp;</span><strong style="background-color: rgb(255, 255, 255); color: rgb(33, 37, 41);">일시적인 시스템 점검 안내</strong></h3><p><span style="background-color: rgb(255, 255, 255); color: rgb(33, 37, 41);">간혹 시스템 점검이나 업데이트 작업이 있을 수 있으니, 이 경우 잠시 동안 서비스 이용에 제한이 있을 수 있습니다. 작업 일정은 최소화하여 고객님께 불편을 드리지 않도록 노력하겠습니다.</span></p><p><span style="background-color: rgb(255, 255, 255); color: rgb(33, 37, 41);">주말에도 저희 서비스는 항상 열려 있습니다. 반려동물과 행복한 주말 보내세요!</span></p><p><span style="background-color: rgb(255, 255, 255); color: rgb(33, 37, 41);">더 나은 서비스를 제공하기 위해 계속해서 노력하겠습니다.</span></p><p><span style="background-color: rgb(255, 255, 255); color: rgb(33, 37, 41);">감사합니다!</span></p><p><br></p>', '2024-11-07 10:20:50', 6, 'N', 'N'),
	(30, 'admin', '고객 감사 이벤트 공지!!', '<p><span style="background-color: rgb(255, 255, 255); color: rgb(33, 37, 41);">고객감사 이벤트</span></p><p><span style="background-color: rgb(255, 255, 255); color: rgb(33, 37, 41);">- 소중한 반려동물과 함께하는 특별한 혜택! 사랑하는 반려동물을 위한 모든 것을 한곳에서! 고객님들의 성원에 감사드리며, 입양동물 사이트에서 특별한 고객감사 이벤트를 진행합니다. 반려동물과의 행복한 순간을 더 특별하게 만들어 드리기 위해 준비한 다양한 혜택을 놓치지 마세요!</span></p><p><br></p><p><span style="background-color: rgb(255, 255, 255); color: rgb(33, 37, 41);">🌟 이벤트 1: 입양하면 10% 할인! 지금, 새로운 가족을 찾고 있는 사랑스러운 입양동물을 만나보세요. **입양 시, 애완용품 할인쿠폰(10%)**을 드립니다! 입양 후 반려동물과의 첫 만남을 더욱 특별하게 만들어보세요.</span></p><p><br></p><p><span style="background-color: rgb(255, 255, 255); color: rgb(33, 37, 41);">🌟 이벤트 2: 애완용품 20% 할인! 반려동물을 위한 다양한 애완용품을 20% 할인된 가격에 만나보세요! 사료, 장난감, 침대, 의류 등 다양한 제품을 준비했습니다. 반려동물의 행복을 위한 소중한 아이템들을 특별한 가격에 제공해 드립니다.</span></p><p><br></p><p><span style="background-color: rgb(255, 255, 255); color: rgb(33, 37, 41);">🌟 이벤트 3: 친구 추천 시, 추가 혜택! 친구에게 이 이벤트를 소개해 주시면, 추천인과 피추천인 모두에게 특별한 혜택이 주어집니다. 추천받은 친구가 입양을 완료하거나, 애완용품을 구매할 경우, 10% 추가 할인 쿠폰을 드려요!</span></p><p><br></p>', '2024-11-08 15:55:25', 3, 'Y', 'N'),
	(31, 'admin', '오픈기념 이벤트!!! 무뎅인형 100원에 판매합니다!!', '<p class="ql-align-center">공지사항 그대로 무뎅인형을 100원에 판매합니다!! </p><p class="ql-align-center">이미지 참고!!</p><img src="/resources/boarduploads/11cafacd-7cdc-48ea-93e7-f90ee2a2b610_1.png" style="max-width: 450px; width: 100%; display: block; margin-left: auto; margin-right: auto; text-align: center;" class="ql-align-center"><p><br></p>', '2024-11-22 11:17:34', 3, 'Y', 'Y'),
	(32, 'admin', '공지사항', '<p>여러분 화이팅!</p>', '2024-11-25 15:59:59', 3, 'Y', 'Y'),
	(33, 'admin', '공지사항', '<p>여러분 화이팅!</p>', '2024-11-25 16:00:06', 4, 'Y', 'Y'),
	(34, 'admin', '공지사항', '<p>여러분 화이팅!</p>', '2024-11-25 16:00:08', 1, 'Y', 'N'),
	(35, 'admin', 'test', '<p>test12</p>', '2024-11-25 16:14:43', 1, 'N', 'Y'),
	(36, 'admin', 'test', '<p>11</p>', '2024-11-25 17:07:49', 1, 'Y', 'Y');

-- 테이블 happypaws.products 구조 내보내기
DROP TABLE IF EXISTS `products`;
CREATE TABLE IF NOT EXISTS `products` (
  `PR_ID` int(11) NOT NULL AUTO_INCREMENT,
  `PR_NAME` varchar(255) NOT NULL,
  `PR_DESC` varchar(1000) NOT NULL,
  `PR_DETAIL_DESC` text NOT NULL,
  `PR_UP_DATE` varchar(100) NOT NULL,
  `PR_STATUS` enum('available','out_of_stock','discontinued') NOT NULL,
  `PR_CATEGORY` varchar(20) NOT NULL,
  `PR_THUMBNAIL` text NOT NULL,
  `PR_PRICE` int(11) NOT NULL DEFAULT 0,
  PRIMARY KEY (`PR_ID`),
  UNIQUE KEY `PR_NAME` (`PR_NAME`)
) ENGINE=InnoDB AUTO_INCREMENT=33 DEFAULT CHARSET=utf8mb4 COLLATE=utf8mb4_general_ci;

-- 테이블 데이터 happypaws.products:~30 rows (대략적) 내보내기
DELETE FROM `products`;
INSERT INTO `products` (`PR_ID`, `PR_NAME`, `PR_DESC`, `PR_DETAIL_DESC`, `PR_UP_DATE`, `PR_STATUS`, `PR_CATEGORY`, `PR_THUMBNAIL`, `PR_PRICE`) VALUES
	(1, '오가닉 연어 사료', '자연산 연어를 주원료로 만든 프리미엄 사료입니다. 인공 첨가물을 최소화하고 신선한 원재료만을 사용했습니다. 풍부한 오메가3 함유로 피모 관리에 탁월하며, 소화 흡수율이 뛰어납니다. 모든 연령대의 반려동물이 섭취할 수 있으며, 알러지 반응이 적은 제품입니다.', '<p><img src="/resources/boarduploads/38362144-de42-4a0a-b664-933d3020bb4a_1.jpg" style="width: 100%;"><img src="/resources/boarduploads/666acdb8-b044-48c2-bd5a-8ed75c23c110_2.jpg" style="width: 100%;"><img src="/resources/boarduploads/7b0eca63-7254-46c7-b65c-7ecb97d52d40_3.jpg" style="width: 100%;"><img src="/resources/boarduploads/0bea1338-0ded-4a22-ac0b-70756af4a37b_4.jpg" style="width: 100%;"><img src="/resources/boarduploads/468e1a97-0e46-470c-977c-1cdafff9e17b_5.jpg" style="width: 100%;"></p><p><br></p>', '2024-11-19 12:22:58', 'available', '식품', '09498db0-10fb-433e-8e63-b2410c31e2bb_thumbnail.jpg', 45000),
	(2, '프리미엄 닭고기 사료', '신선한 닭고기를 주원료로 사용한 고단백 사료입니다. 성장기 반려동물의 근육 발달에 도움을 주는 영양성분이 강화되어 있습니다. 소화가 잘되는 원료만을 엄선하여 제조되었습니다. 면역력 강화를 위한 비타민과 미네랄이 풍부하게 함유되어 있습니다.', '<p><img src="/resources/boarduploads/adf7d707-6c16-4c5e-ad24-edd29e6e6b87_1.jpg" style="width: 100%;"><img src="/resources/boarduploads/76fe3573-2121-4ead-b69c-53d3e57781fb_2.jpg" style="width: 100%;"><img src="/resources/boarduploads/56529335-09e4-4aad-80bc-a3ace6bb3d94_3.jpg" style="width: 100%;"><img src="/resources/boarduploads/3d7626ef-1e80-4778-a7e2-bd3a2eef4c4e_4.jpg" style="width: 100%;"><img src="/resources/boarduploads/33585cd0-c8a8-440c-9ce0-77862a7be902_5.jpg" style="width: 100%;"></p><p><br></p>', '2024-11-19 12:41:06', 'available', '식품', '6946003d-3295-4d4b-a665-3046f198a5c5_thumbnail.jpg', 52000),
	(3, '곤충단백 하이포 사료', '알러지가 있는 반려동물을 위한 특수 사료입니다. 곤충단백질을 주원료로 사용하여 알러지 반응을 최소화했습니다. 소화흡수율이 높고 기호성이 우수합니다. 피부 건강에 도움이 되는 영양소가 강화되어 있습니다.', '<img src="/resources/boarduploads/04fb04ec-acdf-4452-88e8-671ec9cc01ff_1.jpg" style="width: 100%;"><img src="/resources/boarduploads/0644f07c-a58a-4051-aeea-2ac5e5322c81_2.jpg" style="width: 100%;"><img src="/resources/boarduploads/8e52da26-cf86-463d-88d8-a185a3f884d3_3.jpg" style="width: 100%;"><img src="/resources/boarduploads/63dd2a0b-9e7c-49ad-b60e-1962927befcf_4.jpg" style="width: 100%;"><img src="/resources/boarduploads/c93f8523-320d-4764-a327-b731c03af40a_5.jpg" style="width: 100%;"><p><br></p>', '2024-11-19 12:56:03', 'available', '식품', 'f3507af4-7d2c-4195-9bf0-9abe71154ec1_thumbnail.jpg', 58000),
	(4, '건강한 간식 져키', '알러지가 있는 반려동물을 위한 특수 사료입니다. 곤충단백질을 주원료로 사용하여 알러지 반응을 최소화했습니다. 소화흡수율이 높고 기호성이 우수합니다. 피부 건강에 도움이 되는 영양소가 강화되어 있습니다.', '<img src="/resources/boarduploads/4acbd19e-96e2-48e0-9bf1-1252ddf9ea76_1.jpg" style="width: 100%;"><img src="/resources/boarduploads/c2b185ee-b2cd-4d60-bb96-8150713e43d0_2.jpg" style="width: 100%;"><img src="/resources/boarduploads/6a61ea50-7414-4766-84da-80e2bdb2a5ec_3.jpg" style="width: 100%;"><img src="/resources/boarduploads/0e649ce5-70ad-4dc8-a6bf-43eab598e268_4.jpg" style="width: 100%;"><img src="/resources/boarduploads/01eb48df-b7d5-49e9-b770-c107b950b22a_5.jpg" style="width: 100%;"><p><br></p>', '2024-11-19 13:04:38', 'available', '식품', '76af7fac-0757-4003-9b83-d750aeb7cc05_thumbnail.jpg', 15000),
	(5, '덴탈케어 껌', '치아 건강을 위한 특수 설계된 덴탈케어 껌입니다. 씹을수록 치석 제거 효과가 있는 특허받은 성분을 함유하고 있습니다. 입냄새 제거에 효과적인 성분이 포함되어 있습니다. 소화가 잘되는 원료로만 만들어져 안심하고 급여할 수 있습니다.', '<p><img src="/resources/boarduploads/69810b5f-cbee-4eb3-b2d3-c0701ad6e86a_1.jpg" style="width: 100%;"><img src="/resources/boarduploads/f04b9f43-5ab9-439f-9417-61a5e564cb53_2.jpg" style="width: 100%;"><img src="/resources/boarduploads/93e3d886-26ba-4d79-94ed-fbbf53b4e379_3.jpg" style="width: 100%;"><img src="/resources/boarduploads/3a0a3f49-24aa-4840-a0ba-33392142bd01_4.jpg" style="width: 100%;"><img src="/resources/boarduploads/3325dca2-5de5-4136-a251-650597987748_5.jpg" style="width: 100%;"></p>', '2024-11-19 13:10:20', 'available', '식품', '06213236-5289-46e9-9f5e-6ac7a05018a7_thumbnail.jpg', 12000),
	(6, '영양 파우더 토핑', '사료 위에 뿌려 영양을 보충하는 파우더 토핑입니다. 각종 비타민과 미네랄이 풍부하게 함유되어 있습니다. 소화 흡수를 돕는 유산균이 들어있습니다. 기호성이 좋아 까다로운 반려동물도 잘 먹습니다.', '<p><img src="/resources/boarduploads/89336536-cc4e-4fae-a61f-cbde8070a7a6_1.jpg" style="width: 100%;"><img src="/resources/boarduploads/98796fc7-6540-42fd-82f0-6696b054924b_2.jpg" style="width: 100%;"><img src="/resources/boarduploads/f0462a58-b970-416e-8ab0-3b74b0ed70e1_3.jpg" style="width: 100%;"><img src="/resources/boarduploads/f7f721a9-19ba-4523-8e8b-f062e47acb31_4.jpg" style="width: 100%;"><img src="/resources/boarduploads/05d149f1-dc28-4ea5-a81d-c495eaf08955_5.jpg" style="width: 100%;"></p>', '2024-11-19 13:18:01', 'available', '식품', 'adb278ff-66a2-4762-bd69-ead9bfca50ac_thumbnail.jpg', 25000),
	(7, '대형 물티슈 리필팩', '100% 천연 성분으로 만든 대용량 물티슈입니다. 민감한 피부도 안심하고 사용할 수 있는 무자극 포뮬러입니다. 도톰한 시트지로 흡수력이 뛰어납니다. 알로에 성분이 함유되어 피부 진정 효과가 있습니다.', '<img src="/resources/boarduploads/e9774b10-ae02-4720-a48c-0000b08fba1b_1.jpg" style="width: 100%;"><img src="/resources/boarduploads/73e86b72-84f3-4a56-bbf5-c73b066ebd7f_2.jpg" style="width: 100%;"><img src="/resources/boarduploads/1b38a37c-a63a-4436-ba72-59588ce42d9b_3.jpg" style="width: 100%;"><img src="/resources/boarduploads/5feca312-931b-41a1-b0a3-afafbb8d2f7e_4.jpg" style="width: 100%;"><img src="/resources/boarduploads/f4917157-ae96-453f-94ac-25e44b1ef689_5.jpg" style="width: 100%;"><p><br></p>', '2024-11-19 13:23:39', 'available', '위생', '75af82d3-2755-46c5-b6b3-43668b65b2a8_thumbnail.jpg', 18900),
	(8, '항균 발바닥 클리너', '산책 후 발바닥 세정을 위한 전용 클리너입니다. 99.9% 항균 효과가 있는 성분이 함유되어 있습니다. 거품형으로 세정이 용이하며 헹굼이 필요없습니다. 보습 성분이 함유되어 발바닥 건조를 방지합니다.', '<img src="/resources/boarduploads/2bb2495b-eb29-4918-8223-edbacc4a3d65_1.jpg" style="width: 100%;"><img src="/resources/boarduploads/35edc4d4-462c-4a7e-8e6d-a7c21c2ed42e_2.jpg" style="width: 100%;"><img src="/resources/boarduploads/fb9fc5ca-720e-4943-b855-c6b31988e2e2_3.jpg" style="width: 100%;"><img src="/resources/boarduploads/12875acf-4dc5-4d6e-b254-aaae9111f450_4.jpg" style="width: 100%;"><img src="/resources/boarduploads/7d70ea0a-8e18-4663-a30f-1348701ab460_5.jpg" style="width: 100%;"><p><br></p>', '2024-11-19 13:27:44', 'available', '위생', 'e2b6fdfe-4f7a-4efd-a13b-78cd5438cda2_thumbnail.jpg', 16500),
	(9, '귀 세정제', '귓병 예방을 위한 전문 귀 세정제입니다. 자극없이 부드럽게 귀지를 녹여줍니다. 진드기 예방 효과가 있는 성분이 함유되어 있습니다. 진정 효과가 있어 가려움을 완화해줍니다.', '<p><img src="/resources/boarduploads/4904c174-9870-4aa2-9f82-9150c94f3ac0_1.jpg" style="width: 100%;"><img src="/resources/boarduploads/52fa2e1d-26d7-48c9-9a2f-4b1633d8e6c1_2.jpg" style="width: 100%;"><img src="/resources/boarduploads/651fbe0b-872f-4eea-8797-08373f99c80b_3.jpg" style="width: 100%;"><img src="/resources/boarduploads/507f4e2f-18d4-41da-a439-06fc4af37d3c_4.jpg" style="width: 100%;"><img src="/resources/boarduploads/bb361377-3481-48ec-a2d5-3ce01c75bfee_5.jpg" style="width: 100%;"></p>', '2024-11-19 14:12:15', 'available', '위생', '21d1b505-8723-4d90-aa67-93dd3e0f5cad_thumbnail.jpg', 23000),
	(10, '구강 청결 스프레이', '입냄새 제거와 구강 건강을 위한 스프레이입니다. 천연 성분으로 만들어져 삼켜도 안전합니다. 치석 예방 효과가 있는 성분이 함유되어 있습니다. 스프레이 타입으로 사용이 간편합니다.', '<img src="/resources/boarduploads/a64f4063-82aa-4bb6-91ff-348e4d9921be_1.jpg" style="width: 100%;"><img src="/resources/boarduploads/c893073d-60c9-49de-9e9c-8df6a158a5b6_2.jpg" style="width: 100%;"><img src="/resources/boarduploads/bae41291-5a1b-42b2-b98f-896a7e75667e_3.jpg" style="width: 100%;"><img src="/resources/boarduploads/148054e8-5584-4423-a2c7-e1b9308d33c2_4.jpg" style="width: 100%;"><img src="/resources/boarduploads/a90e9bf7-05b4-446e-8dbf-dfb196641834_5.jpg" style="width: 100%;"><p><br></p>', '2024-11-19 14:20:20', 'available', '위생', '53cf4623-2779-4dea-ab9f-2fca8d580623_thumbnail.jpg', 19900),
	(11, '배변패드 대형', '고흡수력 특수 시트를 사용한 프리미엄 배변패드입니다. 빠른 흡수와 뛰어난 방수 기능을 갖추고 있습니다. 활성탄 층이 있어 냄새 제거가 탁월합니다. 대형 사이즈로 넓은 면적을 커버합니다.', '<p><img src="/resources/boarduploads/83fcff74-6193-4f75-b05d-81c922f9e4fa_1.jpg" style="width: 100%;"><img src="/resources/boarduploads/21215549-8b22-4e79-8f98-bee0ff45559c_2.jpg" style="width: 100%;"><img src="/resources/boarduploads/f0df99e5-98db-47b0-9296-ef5e6b3441be_3.jpg" style="width: 100%;"><img src="/resources/boarduploads/3a8e0536-78fe-465f-8e40-f82beb47f134_4.jpg" style="width: 100%;"><img src="/resources/boarduploads/90ad293e-5c6d-40da-98da-2875a39d577f_5.jpg" style="width: 100%;"></p>', '2024-11-19 14:25:39', 'available', '위생', '84ebc3e7-0aaf-4514-9ff0-1fa90ccf58ce_thumbnail.jpg', 35000),
	(12, '탈취제 스프레이', '특허받은 분해 효소로 냄새의 근원을 제거하는 탈취제입니다. 천연 성분으로 만들어져 반려동물에게 안전합니다. 공간 및 섬유에 모두 사용 가능합니다. 은은한 향으로 실내 방향제 역할도 합니다.', '<p><img src="/resources/boarduploads/1bb97749-40d5-496b-b82f-a34145895e0a_1.jpg" style="width: 100%;"><img src="/resources/boarduploads/79de35ed-9e55-4101-8b37-99a8edf3cdbf_2.jpg" style="width: 100%;"><img src="/resources/boarduploads/82c5444b-e745-46aa-b6aa-48b6e5561c0e_3.jpg" style="width: 100%;"><img src="/resources/boarduploads/a4e6f0a4-dc6e-4b2a-83fd-f0e655837c17_4.jpg" style="width: 100%;"><img src="/resources/boarduploads/b87b4337-fe74-4144-8308-7e2d5654b805_5.jpg" style="width: 100%;"></p>', '2024-11-19 14:30:45', 'available', '위생', '4ec7e801-d9d7-4df7-a137-8a37820928bd_thumbnail.jpg', 15900),
	(13, '저자극 전용 샴푸', '민감한 피부를 위한 무자극 처방 샴푸입니다. 피부 진정 효과가 있는 캐모마일 추출물이 함유되어 있습니다. pH 밸런스를 맞춘 약산성 포뮬러입니다. 풍부한 거품으로 꼼꼼한 세정이 가능합니다.', '<p><img src="/resources/boarduploads/4623e547-39e9-4be5-959a-fa3839cdd302_1.jpg" style="width: 100%;"><img src="/resources/boarduploads/1d53e4fc-a0e9-4c85-80b5-0479a71006e2_2.jpg" style="width: 100%;"><img src="/resources/boarduploads/24224df2-295c-404f-9325-778e2d9c487a_3.jpg" style="width: 100%;"><img src="/resources/boarduploads/92e99700-285e-4669-a467-bc9f3725f8b1_4.jpg" style="width: 100%;"><img src="/resources/boarduploads/4339601c-70a3-4bab-af1c-adcb074430d6_5.jpg" style="width: 100%;"></p>', '2024-11-19 14:38:25', 'available', '미용', '09aa0c04-7eb6-406f-83e5-f53ac01233b3_thumbnail.jpg', 32000),
	(14, '컨디셔닝 트리트먼트', '모발 영양 공급을 위한 고농축 트리트먼트입니다. 케라틴 단백질이 풍부하여 모질 개선 효과가 뛰어납니다. 엉킴 방지 효과로 빗질이 수월해집니다. 윤기나는 피모를 만들어줍니다.', '<img src="/resources/boarduploads/fe8b6433-0a57-46ca-8292-77b0dab44fce_1.jpg" style="width: 100%;"><img src="/resources/boarduploads/7e83161d-acf4-481d-870d-3d9ddb07c62b_2.jpg" style="width: 100%;"><img src="/resources/boarduploads/fd565069-a045-435a-a3ac-8d4d9141e5b0_3.jpg" style="width: 100%;"><img src="/resources/boarduploads/83d2cab4-c3a2-4b1c-a31e-70bb80eda158_4.jpg" style="width: 100%;"><img src="/resources/boarduploads/87ec5299-58fa-41d4-8e68-c21745b21225_5.jpg" style="width: 100%;"><p><br></p>', '2024-11-19 15:59:50', 'available', '미용', '48a55e97-3738-4e6e-b430-5023c9d928af_thumbnail.jpg', 28000),
	(15, '털 브러시 세트', '정전기 방지 처리된 프리미엄 브러시 세트입니다. 촘촘한 핀으로 미세 먼지까지 제거합니다. 인체공학적 설계로 손목 부담을 줄였습니다. 장모와 단모용 브러시가 세트로 구성되어 있습니다.', '<p><img src="/resources/boarduploads/09e8d271-ae0c-4f01-b8c1-a9b4e1b0e311_1.jpg" style="width: 100%;"><img src="/resources/boarduploads/6eca3a7f-19f3-495f-8e29-2035f2ff3a49_2.jpg" style="width: 100%;"><img src="/resources/boarduploads/97f61f4c-aa5f-4af6-bf11-025724cc03d4_3.jpg" style="width: 100%;"><img src="/resources/boarduploads/de8aa0a9-40f7-48a6-a7e6-53df1c65eb9f_4.jpg" style="width: 100%;"><img src="/resources/boarduploads/e1f8c874-b03b-45ac-9cc8-3ac320a8b9c5_5.jpg" style="width: 100%;"></p>', '2024-11-19 16:12:40', 'available', '미용', '54fc065e-b2b3-41c4-a481-51dec5c79d7b_thumbnail.jpg', 45000),
	(16, '발톱 케어 세트', '안전한 발톱 관리를 위한 전문가용 케어 세트입니다. 스테인리스 특수 날을 사용하여 부드럽게 컷팅됩니다. 안전 가드가 있어 실수를 방지합니다. 중형견과 소형견용 두 가지 사이즈로 구성되어 있습니다.', '<img src="/resources/boarduploads/382166a5-16de-41a7-837f-d48248b58b7c_1.jpg" style="width: 100%;"><img src="/resources/boarduploads/a9106cc2-41f1-4b18-a95f-267fe87626aa_2.jpg" style="width: 100%;"><img src="/resources/boarduploads/26747273-4c99-48e1-834a-4391b3e94a87_3.jpg" style="width: 100%;"><img src="/resources/boarduploads/d2f06da1-bb0a-4508-84eb-c9194f928d9e_4.jpg" style="width: 100%;"><img src="/resources/boarduploads/938d5682-4db6-45b7-ba6c-1fe3d144b3bd_5.jpg" style="width: 100%;"><p><br></p>', '2024-11-19 16:17:10', 'available', '미용', '2b262b6f-b87f-4768-912b-35ea5a9dc1a7_thumbnail.jpg', 39000),
	(17, '피부 보습 로션', '건조한 피부를 위한 고보습 로션입니다. 세라마이드 성분이 피부 장벽을 강화해줍니다. 가려움증 완화 효과가 있는 판테놀 함유입니다. 벨벳처럼 부드럽게 발리고 끈적임이 없습니다.', '<p><img src="/resources/boarduploads/da7b3e5b-0e2b-4413-a8e5-d4b2c7ae7627_1.jpg" style="width: 100%;"><img src="/resources/boarduploads/d7c61fdf-409a-4fd8-9929-d9b8febc44f3_2.jpg" style="width: 100%;"><img src="/resources/boarduploads/7539ca26-303f-4340-ba90-1fcff622dbac_3.jpg" style="width: 100%;"><img src="/resources/boarduploads/99af79ef-aaf2-48e1-ba20-e49f59ef6a63_4.jpg" style="width: 100%;"><img src="/resources/boarduploads/1375f6dd-951f-4fb8-a330-3197cafbacb3_5.jpg" style="width: 100%;"></p>', '2024-11-19 16:23:34', 'available', '미용', '5ebddfa4-ebfa-4ef8-b798-955d664df7f0_thumbnail.jpg', 26000),
	(18, '미용 가위 세트', '전문가용 미용 가위 풀세트입니다. 인체공학적 설계로 장시간 사용에도 편안합니다. 정밀한 커팅이 가능한 고품질 날을 사용했습니다. 다양한 용도의 가위가 구성되어 있습니다.', '<p><img src="/resources/boarduploads/cbb3e3a6-50e3-4ac8-9c9b-0f67a398becd_1.jpg" style="width: 100%;"><img src="/resources/boarduploads/e14d7218-6574-4a28-a6a5-8eab01df4601_2.jpg" style="width: 100%;"><img src="/resources/boarduploads/ced37010-d938-4f35-a42b-67eb46295a32_3.jpg" style="width: 100%;"><img src="/resources/boarduploads/2fdadf98-6f2e-4a46-af65-a3289d0a5bc5_4.jpg" style="width: 100%;"><img src="/resources/boarduploads/a9bc1f14-8d3e-4bc3-9853-daf2a8a81773_5.jpg" style="width: 100%;"></p>', '2024-11-19 16:27:46', 'available', '미용', '0b284708-b2f6-4f4b-90a9-587fcaf9f7d0_thumbnail.jpg', 89000),
	(19, '겨울용 패딩 점퍼', '최고급 충전재를 사용한 프리미엄 패딩입니다. 생활방수 원단으로 제작되어 실용성이 뛰어납니다. 탈부착이 편리한 벨크로 방식을 채택했습니다. 야간 산책시 안전을 위한 반사 소재를 적용했습니다.', '<p><img src="/resources/boarduploads/9b5c3751-56dc-4ebc-98d7-ca23f0c4eb90_1.jpg" style="width: 100%;"><img src="/resources/boarduploads/e571d0fe-90b4-42a6-9b08-dec34a044905_2.jpg" style="width: 100%;"><img src="/resources/boarduploads/f8c73073-2fd5-4f9e-b6f1-2308cbe1ad2c_3.jpg" style="width: 100%;"><img src="/resources/boarduploads/caf28c93-3c8f-4850-a56e-95ddc6e2c376_4.jpg" style="width: 100%;"><img src="/resources/boarduploads/7c861733-8f75-47fe-aea7-ff7f907ba8ad_5.jpg" style="width: 100%;"></p>', '2024-11-19 17:13:02', 'available', '의류', '980d85d6-30e9-421d-82f2-24eacdbad902_thumbnail.jpg', 45000),
	(20, '쿨링 메쉬 민소매', '더운 여름을 위한 쿨링 기능성 민소매입니다. 통기성이 뛰어난 메쉬 소재를 사용했습니다. 자외선 차단 기능이 있는 원단입니다. 신축성이 좋아 활동하기 편합니다.', '<p><img src="/resources/boarduploads/72a37ea6-23f0-4d71-9cf1-9bc9f6b6a418_1.jpg" style="width: 100%;"><img src="/resources/boarduploads/42a510cb-b285-4a78-99d7-bb07b30bcebb_2.jpg" style="width: 100%;"><img src="/resources/boarduploads/70aa9dcb-6c95-4b79-a2fd-fdf255ae81e2_3.jpg" style="width: 100%;"><img src="/resources/boarduploads/e0faf166-b44b-4a49-b29e-e9113e3cedff_4.jpg" style="width: 100%;"><img src="/resources/boarduploads/640dd899-711b-44dc-8117-ba98135c0541_5.jpg" style="width: 100%;"></p>', '2024-11-19 17:20:14', 'available', '의류', '76198d13-de81-4be2-bbfc-536d1e0d94c8_thumbnail.jpg', 25000),
	(21, '레인코트 바람막이', '가벼운 비와 바람을 막아주는 실용적인 레인코트입니다. 초경량 원단으로 휴대가 간편합니다. 배수가 잘되는 소재로 제작되었습니다. 수납이 편리한 전용 파우치가 포함되어 있습니다.', '<p><img src="/resources/boarduploads/98a43267-fc6c-412a-90e5-c7e313f2a16a_1.jpg" style="width: 100%;"><img src="/resources/boarduploads/647d08e4-9230-4a93-9c65-60cb90177867_2.jpg" style="width: 100%;"><img src="/resources/boarduploads/fa93abae-5eff-4cfb-b12f-e4d8000c345a_3.jpg" style="width: 100%;"><img src="/resources/boarduploads/1f25a8b0-e814-45b4-b5df-5c441879e77e_4.jpg" style="width: 100%;"><img src="/resources/boarduploads/b4713110-8880-4814-8a00-cca3e0cefc99_5.jpg" style="width: 100%;"></p>', '2024-11-19 17:30:39', 'available', '의류', 'ac8a905c-8818-4d4b-8efc-8209c53c789b_thumbnail.jpg', 32000),
	(22, '산책용 조끼 하네스', '산책시 안전하고 편안한 착용감의 하네스입니다. 3M 반사 소재를 사용하여 야간 안전성을 높였습니다. 가슴 부분의 넓은 패드로 압박감을 줄였습니다. 여러 개의 조절 버클로 체형에 맞게 착용 가능합니다.', '<p><img src="/resources/boarduploads/219f2aff-9b3f-4322-a9c6-b0ed944bee46_1.jpg" style="width: 100%;"><img src="/resources/boarduploads/d3acf6ac-bd91-416a-9f79-953123eaa560_2.jpg" style="width: 100%;"><img src="/resources/boarduploads/fe1ff24f-0fa3-450b-9e6b-983e9f78961e_3.jpg" style="width: 100%;"><img src="/resources/boarduploads/837ba84a-1bc3-4847-a924-352bc63477c0_4.jpg" style="width: 100%;"><img src="/resources/boarduploads/64b4d5d3-842b-4cdf-aa5e-f8f11c566934_5.jpg" style="width: 100%;"></p>', '2024-11-19 17:37:08', 'available', '의류', '1c08f9b4-9567-4a77-b14d-a8c3b87aa141_thumbnail.jpg', 38000),
	(23, '명품 니트 스웨터', '최고급 메리노 울 소재로 제작된 프리미엄 니트입니다. 피부 자극이 없는 부드러운 소재를 사용했습니다. 보온성과 스타일을 동시에 갖췄습니다. 신축성이 좋아 입고 벗기기 편합니다.', '<p><img src="/resources/boarduploads/37a70faf-683d-457f-ba91-762e82dd12ff_1.jpg" style="width: 100%;"><img src="/resources/boarduploads/ef7c8758-c7fd-4d21-aa5f-c8a2c3c3ec96_2.jpg" style="width: 100%;"><img src="/resources/boarduploads/9e6ba9dd-c048-4fb9-a4cc-e1b7e9dcbf3c_3.jpg" style="width: 100%;"><img src="/resources/boarduploads/a5ca10cc-af3b-433d-99e0-7fa08eaa0bc7_4.jpg" style="width: 100%;"><img src="/resources/boarduploads/62d26fe1-6647-4d8f-94c6-f0ba182ad66d_5.jpg" style="width: 100%;"></p>', '2024-11-19 18:08:50', 'available', '의류', 'c6134f0f-f7ed-4045-8d69-b244570f7067_thumbnail.jpg', 150000),
	(24, '패션 티셔츠', '면 100% 소재의 편안한 티셔츠입니다. 트렌디한 디자인으로 스타일리시합니다. 계절에 구애받지 않고 착용 가능합니다. 세탁이 용이하고 관리가 편리합니다.', '<img src="/resources/boarduploads/c68f1114-6c31-4cca-a651-e8a96f98ee15_1.jpg" style="width: 100%;"><img src="/resources/boarduploads/4330f409-7899-4570-975a-00a96adcd2e8_2.jpg" style="width: 100%;"><img src="/resources/boarduploads/142628f3-2000-4508-85e6-4ca76993761f_3.jpg" style="width: 100%;"><img src="/resources/boarduploads/86afa1bf-be94-4fe2-bdc8-d24f6d192326_4.jpg" style="width: 100%;"><img src="/resources/boarduploads/96f4b00e-7fb0-43dc-9b92-3b1633da5aa0_5.jpg" style="width: 100%;"><p><br></p>', '2024-11-19 18:14:53', 'available', '의류', 'f3f5e255-0ed3-489f-87bd-2472d95abf1f_thumbnail.jpg', 28000),
	(25, '고양이 낚시대', '탄성이 좋은 낚시대 끝에 컬러풀한 깃털과 방울이 달려있습니다. 고양이의 사냥 본능을 자극하는 디자인으로 제작되었습니다. 손잡이는 미끄럽지 않은 소재로 제작되어 장시간 놀이에도 편안합니다. 깃털과 방울은 교체형으로 제작되어 있습니다.', '<img src="/resources/boarduploads/07037254-a1e9-4890-87e9-c461d8228897_1.jpg" style="width: 100%;"><img src="/resources/boarduploads/4d3bbb4b-d31f-4df8-982b-57e5d6a35415_2.jpg" style="width: 100%;"><img src="/resources/boarduploads/01352174-f123-4374-b5f0-094cfb6e8e30_3.jpg" style="width: 100%;"><img src="/resources/boarduploads/858cf117-a09b-4ffd-8bf4-34dd199f81ae_4.jpg" style="width: 100%;"><img src="/resources/boarduploads/ce6babe8-e3b4-4e05-93a6-96b982416e92_5.jpg" style="width: 100%;"><p><br></p>', '2024-11-19 18:33:16', 'available', '놀이', '192944ee-f506-4fba-9d48-353417901520_thumbnail.jpg', 12000),
	(26, '노즈워크 매트', '다양한 숨김 공간이 있는 노즈워크 장난감입니다. 지능 발달과 스트레스 해소에 효과적입니다. 세탁이 가능한 소재로 제작되었습니다. 접으면 컴팩트하게 보관할 수 있습니다.', '<img src="/resources/boarduploads/6202adba-f8d9-436b-b511-5be89191dcc3_1.jpg" style="width: 100%;"><img src="/resources/boarduploads/09262cde-2a2e-4843-8027-246b5477e9e9_2.jpg" style="width: 100%;"><img src="/resources/boarduploads/a266bfaf-14b2-4742-a018-4aa968df9358_3.jpg" style="width: 100%;"><img src="/resources/boarduploads/5ce8ec9e-1e58-4e83-b5d7-5d00cd096d40_4.jpg" style="width: 100%;"><img src="/resources/boarduploads/a218ce8a-188a-438d-84be-1db2cb9b870f_5.jpg" style="width: 100%;"><p><br></p>', '2024-11-19 18:51:44', 'available', '놀이', '29c1bf4a-c2f3-495d-a411-13a7a897dfbe_thumbnail.jpg', 35000),
	(27, '터그 로프 장난감', '튼튼한 면 소재로 제작된 터그 놀이용 장난감입니다. 이중 매듭 처리로 내구성이 뛰어납니다. 손잡이가 있어 놀이가 편리합니다. 물려도 실이 풀리지 않는 특수 제작 방식입니다.', '<p><img src="/resources/boarduploads/ac0465a1-0bb7-491f-b2f2-1dc41a23ad3c_1.jpg" style="width: 100%;"><img src="/resources/boarduploads/89e94fca-6e7d-4dd1-95da-2e3406aa5213_2.jpg" style="width: 100%;"><img src="/resources/boarduploads/3550dabd-8922-469e-b931-a4387e54e8a8_3.jpg" style="width: 100%;"><img src="/resources/boarduploads/dc8953bd-1630-42b2-b68a-953ec99d833b_4.jpg" style="width: 100%;"><img src="/resources/boarduploads/ccecbca6-ee26-4f21-9702-74590f7a8911_5.jpg" style="width: 100%;"></p>', '2024-11-19 19:17:00', 'available', '놀이', 'a0b750a7-359e-432c-888a-ff11651c8b60_thumbnail.jpg', 15000),
	(28, '자동 레이저 포인터', '자동으로 움직이는 레이저 포인터 장난감입니다. 다양한 패턴으로 이동하여 지루하지 않습니다. 타이머 기능이 있어 자동 종료됩니다. 배터리 교체가 간편합니다.', '<p><img src="/resources/boarduploads/3913be10-d8f1-4637-b0fd-39f2f0f54ac5_1.jpg" style="width: 100%;"><img src="/resources/boarduploads/99636ebd-8c1d-4605-b6ed-9a633b60caac_2.jpg" style="width: 100%;"><img src="/resources/boarduploads/7a1c6b2a-c119-429f-8fa4-80ca4f6e9be6_3.jpg" style="width: 100%;"><img src="/resources/boarduploads/f83bbf00-84f3-45bb-a157-e0c6d80f91d2_4.jpg" style="width: 100%;"><img src="/resources/boarduploads/8e29b96a-1c28-49c6-ac3a-33a41bd01bab_5.jpg" style="width: 100%;"></p>', '2024-11-19 19:24:15', 'available', '놀이', '7adefe06-8a5a-4a78-82ca-ff59ff432491_thumbnail.jpg', 28000),
	(29, '치석제거 장난감볼', '치아 건강에 도움이 되는 특수 재질의 장난감입니다. 독성이 없는 천연 고무 소재를 사용했습니다. 불규칙한 홈이 치석 제거에 효과적입니다. 내부에 간식을 넣을 수 있는 공간이 있습니다.', '<p><img src="/resources/boarduploads/00403d23-1720-4923-bb43-7771834f011f_1.jpg" style="width: 100%;"><img src="/resources/boarduploads/94a98495-4b5d-4462-a38f-b8ae5677262d_2.jpg" style="width: 100%;"><img src="/resources/boarduploads/1af6ccc3-08bf-4a48-b0ba-cd646f6e7cf6_3.jpg" style="width: 100%;"><img src="/resources/boarduploads/67be4b18-3aa1-4808-a019-af84c7e145b8_4.jpg" style="width: 100%;"><img src="/resources/boarduploads/b4bcb4c4-68b0-4564-9b73-864103ba21d3_5.jpg" style="width: 100%;"></p>', '2024-11-19 19:29:48', 'available', '놀이', '12b220e1-1de1-46a2-9c8f-abb5edb856d3_thumbnail.jpg', 16000),
	(30, '소리나는 곰인형', '포근한 촉감의 소리나는 애착 인형입니다. 무독성 소재로 만들어져 안전합니다. 세탁이 가능하여 위생적으로 관리할 수 있습니다. 작은 크기로 휴대가 간편합니다.', '<img src="/resources/boarduploads/c1145413-6485-4999-9ba3-7967e7cc3976_1.jpg" style="width: 100%;"><img src="/resources/boarduploads/9ecd6bc1-e9b5-42b9-a6e7-8b1d75e839de_2.jpg" style="width: 100%;"><img src="/resources/boarduploads/def51ed9-1fa2-4d43-a7d3-686961717138_3.jpg" style="width: 100%;"><img src="/resources/boarduploads/67f7fd61-1e23-42e3-b4a2-368b3bef8050_1.jpg" style="width: 100%;"><img src="/resources/boarduploads/25c2cd39-d1a6-40ac-96e5-b786ce2d236b_2.jpg" style="width: 100%;"><p><br></p>', '2024-11-19 19:39:22', 'available', '놀이', '86ea3e92-3228-40ee-9382-d63d3935cad3_thumbnail.jpg', 19000),
	(31, '테스트 상품', '책', '<p>책</p><img src="/resources/boarduploads/31a26f82-460a-490f-a3fa-184fb29852d1_Algorithm.jpg" style="width: 100%;"><p><br></p>', '2024-11-25 15:18:35', 'available', '놀이', '2be84bfb-9a97-4ef6-b201-4c1abb723039_Ai.jpg', 100),
	(32, '포켓몬 배개', '포켓몬 배개', '<p>포켓몬 배개</p><img src="/resources/boarduploads/ae45dd54-aa54-4c5c-ad75-8f07c5c9264e_logic.jpg" style="width: 100%;"><p><br></p>', '2024-11-25 15:59:30', 'available', '놀이', '529eec59-7714-49ea-b1cf-517f0daf240c_apam.png', 10000);

-- 테이블 happypaws.products_comments 구조 내보내기
DROP TABLE IF EXISTS `products_comments`;
CREATE TABLE IF NOT EXISTS `products_comments` (
  `US_ID` varchar(20) DEFAULT NULL,
  `PR_ID` int(11) DEFAULT NULL,
  `PR_OPT_ID` int(11) NOT NULL,
  `PR_OPT_NAME` varchar(255) NOT NULL,
  `PROR_ITEM_ID` int(11) NOT NULL,
  `PROR_MASTER_ID` int(11) NOT NULL,
  `PRC_NO` int(11) NOT NULL AUTO_INCREMENT,
  `PRC_DESC` varchar(2000) NOT NULL,
  `PRC_IMAGE` text NOT NULL,
  `PRC_RATING` tinyint(4) NOT NULL CHECK (`PRC_RATING` between 0 and 5),
  `PRC_START_DATE` varchar(100) NOT NULL,
  `PRC_STATUS` enum('Y','N') NOT NULL,
  `PRC_REVIEW_DEADLINE` varchar(100) NOT NULL,
  PRIMARY KEY (`PRC_NO`)
) ENGINE=InnoDB AUTO_INCREMENT=7 DEFAULT CHARSET=utf8mb4 COLLATE=utf8mb4_general_ci;

-- 테이블 데이터 happypaws.products_comments:~6 rows (대략적) 내보내기
DELETE FROM `products_comments`;
INSERT INTO `products_comments` (`US_ID`, `PR_ID`, `PR_OPT_ID`, `PR_OPT_NAME`, `PROR_ITEM_ID`, `PROR_MASTER_ID`, `PRC_NO`, `PRC_DESC`, `PRC_IMAGE`, `PRC_RATING`, `PRC_START_DATE`, `PRC_STATUS`, `PRC_REVIEW_DEADLINE`) VALUES
	('user004', 30, 1, '미니 (15cm)', 1, 1, 1, '잘 받았어요', '', 5, '2024/11/25', 'Y', '2024/12/26'),
	('user005', 30, 1, '미니 (15cm)', 2, 2, 2, '이상해요', '', 2, '2024/11/25', 'Y', '2024/12/26'),
	('user006', 30, 2, '기본 (25cm)', 4, 4, 3, '좋아요', '', 4, '2024/11/25', 'Y', '2024/12/26'),
	('user007', 29, 1, '소형 (지름 5cm)', 5, 5, 4, '매우 좋아요', '', 5, '2024/11/25', 'Y', '2024/12/26'),
	('user009', 29, 3, '대형 (지름 12cm)', 8, 6, 5, '만족해요', '', 4, '2024/11/25', 'Y', '2024/12/26'),
	('user010', 29, 1, '소형 (지름 5cm)', 9, 7, 6, '그냥 그래요', '', 3, '2024/11/25', 'Y', '2024/12/26');

-- 테이블 happypaws.products_orders 구조 내보내기
DROP TABLE IF EXISTS `products_orders`;
CREATE TABLE IF NOT EXISTS `products_orders` (
  `US_ID` varchar(20) DEFAULT NULL,
  `US_EMAIL` varchar(40) DEFAULT NULL,
  `PROR_MASTER_ID` int(11) NOT NULL AUTO_INCREMENT,
  `PROR_DATE` varchar(100) NOT NULL,
  `PROR_STATUS` enum('pending','paid','cancelled') NOT NULL,
  `PROR_DELI_STAT` enum('preparation','in_transit','delivered') NOT NULL,
  `PROR_RECIPIENT` varchar(50) NOT NULL,
  `PROR_PHONE` varchar(20) NOT NULL,
  `PROR_ADDR` varchar(255) NOT NULL,
  `PROR_ADDR_DETAIL` varchar(255) NOT NULL,
  `PROR_ZIPCODE` varchar(10) NOT NULL,
  `PROR_TOTAL_AMT` int(11) NOT NULL,
  `PROR_SHIP_COST` int(11) NOT NULL DEFAULT 3000,
  `PROR_PRODUCT_AMT` int(11) NOT NULL,
  `PROR_PAY_METHOD` varchar(50) NOT NULL,
  `MERCHANT_UID` varchar(50) DEFAULT NULL,
  `IMP_UID` varchar(50) DEFAULT NULL,
  PRIMARY KEY (`PROR_MASTER_ID`)
) ENGINE=InnoDB AUTO_INCREMENT=15 DEFAULT CHARSET=utf8mb4 COLLATE=utf8mb4_general_ci;

-- 테이블 데이터 happypaws.products_orders:~14 rows (대략적) 내보내기
DELETE FROM `products_orders`;
INSERT INTO `products_orders` (`US_ID`, `US_EMAIL`, `PROR_MASTER_ID`, `PROR_DATE`, `PROR_STATUS`, `PROR_DELI_STAT`, `PROR_RECIPIENT`, `PROR_PHONE`, `PROR_ADDR`, `PROR_ADDR_DETAIL`, `PROR_ZIPCODE`, `PROR_TOTAL_AMT`, `PROR_SHIP_COST`, `PROR_PRODUCT_AMT`, `PROR_PAY_METHOD`, `MERCHANT_UID`, `IMP_UID`) VALUES
	('user004', 'park@example.com', 1, '2024/11/20 10:39:25', 'paid', 'delivered', '임성현', '010-3662-9309', '충북 청주시 서원구 1순환로', '627 1', '28562', 22000, 3000, 19000, 'card', 'PR_1732498742826', 'imp_358743729117'),
	('user005', 'choi@example.com', 2, '2024/11/20 11:21:17', 'paid', 'delivered', '박민수', '010-3333-4444', '대구 달서구 갈밭남로', '12 1호', '42829', 22000, 3000, 19000, 'card', 'PR_1732501256140', 'imp_696256788680'),
	('user005', 'choi@example.com', 3, '2024/11/21 11:25:21', 'cancelled', 'preparation', '최수정', '010-5555-6666', '광주', '동구 지호로164번길 46-18 1호', '61447', 22000, 3000, 19000, 'card', 'PR_1732501506406', 'imp_250506859498'),
	('user006', 'jung@example.com', 4, '2024/11/22 11:27:52', 'paid', 'delivered', '청영호', '010-7777-8888', '울산 남구 갈밭로', '3 1호', '44715', 28000, 3000, 25000, 'card', 'PR_1732501656677', 'imp_851657221636'),
	('user007', 'song@example.com', 5, '2024/11/23 11:32:28', 'paid', 'delivered', '송지민', '010-1234-7890', '대전 서구 가마절길', '7 1호', '35426', 19000, 3000, 16000, 'card', 'PR_1732501929640', 'imp_182930173824'),
	('user009', 'kim@example.com', 6, '2024/11/23 11:36:02', 'paid', 'delivered', '김민정', '010-3456-7890', '경기 용인시 기흥구 갈곡로', '1 1호', '16979', 61000, 3000, 58000, 'card', 'PR_1732502145114', 'imp_289145599932'),
	('user010', 'lee@example.com', 7, '2024/11/23 11:39:07', 'paid', 'delivered', '이수현', '010-4567-8901', '서울 강남구 가로수길', '5 1호', '06035', 19000, 3000, 16000, 'card', 'PR_1732502328046', 'imp_233328702157'),
	('user004', 'park@example.com', 8, '2024/11/24 12:00:15', 'paid', 'delivered', '테스트', '010-1111-1111', '충북 청주시 서원구 1순환로 627', '1', '28562', 82000, 3000, 79000, 'card', 'PR_1732503573130', 'imp_433573355213'),
	('user004', 'park@example.com', 9, '2024/11/24 12:16:45', 'paid', 'in_transit', '테스트', '010-3662-9309', '충북 청주시 서원구 1순환로', '627 1', '28562', 22000, 3000, 19000, 'card', 'PR_1732504586449', 'imp_614587687386'),
	('user004', 'park@example.com', 10, '2024/11/24 12:18:16', 'paid', 'in_transit', '임성현', '010-3662-9309', '충북 청주시 서원구 1순환로', '627 1호', '28562', 22000, 3000, 19000, 'card', 'PR_1732504679503', 'imp_940680688873'),
	('user1234', 'test@naver.com', 11, '2024/11/25 12:46:04', 'cancelled', 'preparation', '별', '010-2995-2928', '충북 청주시 서원구 1순환로 627', '1', '28562', 82000, 3000, 79000, 'card', 'PR_1732506335642', 'imp_688335757390'),
	('user1234', 'test@naver.com', 12, '2024/11/25 13:18:04', 'paid', 'in_transit', '테스트', '010-1234-5678', '충북 청주시 서원구 1순환로', '627 1', '28562', 22000, 3000, 19000, 'card', 'PR_1732508263932', 'imp_475264858905'),
	('user1234', 'test@naver.com', 13, '2024/11/25 13:24:31', 'paid', 'delivered', '테스트', '010-1234-5678', '충북 청주시 서원구 1순환로', '627 1', '28562', 22000, 3000, 19000, 'card', 'PR_1732508399091', 'imp_621400167505'),
	('user004', 'park@example.com', 14, '2024/11/25 15:51:22', 'cancelled', 'preparation', '나', '010-5358-9945', '', '내 집', '', 45000, 3000, 42000, 'card', 'PR_1732517412455', 'imp_388412485238');

-- 테이블 happypaws.products_orders_items 구조 내보내기
DROP TABLE IF EXISTS `products_orders_items`;
CREATE TABLE IF NOT EXISTS `products_orders_items` (
  `US_ID` varchar(20) DEFAULT NULL,
  `PR_ID` int(11) DEFAULT NULL,
  `PR_NAME` varchar(255) NOT NULL,
  `PR_OPT_NAME` varchar(255) NOT NULL,
  `PR_OPT_PRICE` int(11) NOT NULL,
  `PROR_MASTER_ID` int(11) DEFAULT NULL,
  `PROR_ITEM_ID` int(11) NOT NULL AUTO_INCREMENT,
  `PROR_ITEM_QTT` int(11) NOT NULL,
  `PROR_ITEM_AMT` int(11) NOT NULL,
  PRIMARY KEY (`PROR_ITEM_ID`)
) ENGINE=InnoDB AUTO_INCREMENT=22 DEFAULT CHARSET=utf8mb4 COLLATE=utf8mb4_general_ci;

-- 테이블 데이터 happypaws.products_orders_items:~14 rows (대략적) 내보내기
DELETE FROM `products_orders_items`;
INSERT INTO `products_orders_items` (`US_ID`, `PR_ID`, `PR_NAME`, `PR_OPT_NAME`, `PR_OPT_PRICE`, `PROR_MASTER_ID`, `PROR_ITEM_ID`, `PROR_ITEM_QTT`, `PROR_ITEM_AMT`) VALUES
	('user004', 30, '소리나는 곰인형', '미니 (15cm)', 19000, 1, 1, 1, 19000),
	('user005', 30, '소리나는 곰인형', '미니 (15cm)', 19000, 2, 2, 1, 19000),
	('user005', 30, '소리나는 곰인형', '미니 (15cm)', 19000, 3, 3, 1, 19000),
	('user006', 30, '소리나는 곰인형', '기본 (25cm)', 25000, 4, 4, 1, 25000),
	('user007', 29, '치석제거 장난감볼', '소형 (지름 5cm)', 16000, 5, 5, 1, 16000),
	('user009', 29, '치석제거 장난감볼', '소형 (지름 5cm)', 16000, 6, 6, 1, 16000),
	('user009', 29, '치석제거 장난감볼', '중형 (지름 8cm)', 19000, 6, 7, 1, 19000),
	('user009', 29, '치석제거 장난감볼', '대형 (지름 12cm)', 23000, 6, 8, 1, 23000),
	('user010', 29, '치석제거 장난감볼', '소형 (지름 5cm)', 16000, 7, 9, 1, 16000),
	('user004', 30, '소리나는 곰인형', '미니 (15cm)', 19000, 8, 10, 1, 19000),
	('user004', 30, '소리나는 곰인형', '기본 (25cm)', 25000, 8, 11, 1, 25000),
	('user004', 30, '소리나는 곰인형', '대형 (40cm)', 35000, 8, 12, 1, 35000),
	('user004', 30, '소리나는 곰인형', '미니 (15cm)', 19000, 9, 13, 1, 19000),
	('user004', 30, '소리나는 곰인형', '미니 (15cm)', 19000, 10, 14, 1, 19000),
	('user1234', 30, '소리나는 곰인형', '미니 (15cm)', 19000, 11, 15, 1, 19000),
	('user1234', 30, '소리나는 곰인형', '대형 (40cm)', 35000, 11, 16, 1, 35000),
	('user1234', 30, '소리나는 곰인형', '기본 (25cm)', 25000, 11, 17, 1, 25000),
	('user1234', 30, '소리나는 곰인형', '미니 (15cm)', 19000, 12, 18, 1, 19000),
	('user1234', 30, '소리나는 곰인형', '미니 (15cm)', 19000, 13, 19, 1, 19000),
	('user004', 29, '치석제거 장난감볼', '중형 (지름 8cm)', 19000, 14, 20, 1, 19000),
	('user004', 29, '치석제거 장난감볼', '대형 (지름 12cm)', 23000, 14, 21, 1, 23000);

-- 테이블 happypaws.products_qna 구조 내보내기
DROP TABLE IF EXISTS `products_qna`;
CREATE TABLE IF NOT EXISTS `products_qna` (
  `US_ID` varchar(20) DEFAULT NULL,
  `PR_ID` int(11) DEFAULT NULL,
  `PRQ_NO` int(11) NOT NULL DEFAULT nextval(`happypaws`.`seq_prq_no`),
  `PRQ_DESC` varchar(500) NOT NULL,
  `PRQ_COMMENTS` varchar(500) DEFAULT NULL,
  `PRQ_STATUS` enum('Y','N') NOT NULL,
  `PRQ_DATE` varchar(100) NOT NULL
) ENGINE=InnoDB DEFAULT CHARSET=utf8mb4 COLLATE=utf8mb4_general_ci;

-- 테이블 데이터 happypaws.products_qna:~1,800 rows (대략적) 내보내기
DELETE FROM `products_qna`;
INSERT INTO `products_qna` (`US_ID`, `PR_ID`, `PRQ_NO`, `PRQ_DESC`, `PRQ_COMMENTS`, `PRQ_STATUS`, `PRQ_DATE`) VALUES
	('user001', 1, 1, '이 사료는 연어 알레르기가 있는 경우 먹여도 될까요?', NULL, 'Y', '2023/11/20'),
	('user002', 1, 2, '사료가 대용량으로도 판매되나요?', NULL, 'Y', '2023/11/21'),
	('user003', 1, 3, '유통기한은 얼마나 되나요?', NULL, 'Y', '2023/11/22'),
	('user004', 1, 4, '사료 알갱이 크기가 어느 정도인가요?', NULL, 'Y', '2023/11/23'),
	('user005', 1, 5, '냉동 보관이 필요한가요?', NULL, 'Y', '2023/11/24'),
	('user006', 1, 6, '모든 연령대가 먹을 수 있다고 되어있는데, 정말인가요?', NULL, 'Y', '2023/11/25'),
	('user007', 1, 7, '이 제품을 기존 사료와 섞어서 줘도 되나요?', NULL, 'Y', '2023/11/26'),
	('user008', 1, 8, '소형견에게 적합한 제품인가요?', NULL, 'Y', '2023/11/27'),
	('user009', 1, 9, '피모 관리를 위한 특별한 성분이 들어있나요?', NULL, 'Y', '2023/11/28'),
	('user010', 1, 10, '이 사료는 알레르기 테스트를 거친 제품인가요?', NULL, 'Y', '2023/11/29'),
	('user011', 1, 11, '사료 포장 상태는 밀봉이 잘 되어있나요?', NULL, 'Y', '2023/11/30'),
	('user012', 1, 12, '배송 중 습기에 약하지는 않나요?', NULL, 'Y', '2023/12/01'),
	('user013', 1, 13, '이 사료를 6개월 미만의 강아지에게도 줄 수 있나요?', NULL, 'Y', '2023/12/02'),
	('user014', 1, 14, '연어 외에 다른 원료는 무엇이 들어있나요?', NULL, 'Y', '2023/12/03'),
	('user015', 1, 15, '다이어트 중인 반려동물에게도 적합한가요?', NULL, 'Y', '2023/12/04'),
	('user016', 1, 16, '사료에 방부제가 들어있나요?', NULL, 'Y', '2023/12/05'),
	('user017', 1, 17, '장기 급여 시 부작용이 있나요?', NULL, 'Y', '2023/12/06'),
	('user018', 1, 18, '이 제품은 수입산인가요? 국내산인가요?', NULL, 'Y', '2023/12/07'),
	('user019', 1, 19, '사료 기호성이 좋은가요? 까다로운 아이도 잘 먹나요?', NULL, 'Y', '2023/12/08'),
	('user020', 1, 20, '단백질 함량이 몇 %인가요?', NULL, 'Y', '2023/12/09'),
	('user021', 1, 21, '사료를 불렸을 때 쉽게 물러지나요?', NULL, 'Y', '2023/12/10'),
	('user022', 1, 22, '사료 칼로리가 얼마인가요?', NULL, 'Y', '2023/12/11'),
	('user023', 1, 23, '사료에 곰팡이가 생길 위험은 없나요?', NULL, 'Y', '2023/12/12'),
	('user024', 1, 24, '특정 병력을 가진 반려동물도 먹을 수 있나요?', NULL, 'Y', '2023/12/13'),
	('user025', 1, 25, '사료가 너무 딱딱하지는 않나요?', NULL, 'Y', '2023/12/14'),
	('user026', 1, 26, '사료를 하루 몇 번 급여해야 하나요?', NULL, 'Y', '2023/12/15'),
	('user027', 1, 27, '제품에 포함된 오메가3는 자연산인가요?', NULL, 'Y', '2023/12/16'),
	('user028', 1, 28, '반려동물이 설사를 할 경우 이 제품을 먹여도 되나요?', NULL, 'Y', '2023/12/17'),
	('user029', 1, 29, '사료에서 비린내가 나는 편인가요?', NULL, 'Y', '2023/12/18'),
	('user030', 1, 30, '이 제품은 반려묘도 먹을 수 있나요?', NULL, 'Y', '2023/12/19'),
	('user001', 1, 1, '이 사료는 연어 알레르기가 있는 경우 먹여도 될까요?', '연어 알레르기가 있다면 급여를 권장하지 않습니다.', 'Y', '2023/11/20'),
	('user002', 1, 2, '사료가 대용량으로도 판매되나요?', '현재 5kg와 10kg 대용량 포장이 있습니다.', 'Y', '2023/11/21'),
	('user003', 1, 3, '유통기한은 얼마나 되나요?', '제조일로부터 24개월이며, 개봉 후에는 3개월 내 급여를 권장합니다.', 'Y', '2023/11/22'),
	('user004', 1, 4, '사료 알갱이 크기가 어느 정도인가요?', '알갱이 크기는 약 1cm로 소형견도 먹기 쉽습니다.', 'Y', '2023/11/23'),
	('user005', 1, 5, '냉동 보관이 필요한가요?', '냉동 보관은 필요하지 않으며, 직사광선을 피해서 보관하세요.', 'Y', '2023/11/24'),
	('user006', 1, 6, '모든 연령대가 먹을 수 있다고 되어있는데, 정말인가요?', '네, 영양 밸런스가 맞춰져 있어 모든 연령대에 적합합니다.', 'Y', '2023/11/25'),
	('user007', 1, 7, '이 제품을 기존 사료와 섞어서 줘도 되나요?', '기존 사료와 섞어서 점진적으로 급여하시길 권장합니다.', 'Y', '2023/11/26'),
	('user008', 1, 8, '소형견에게 적합한 제품인가요?', '소형견도 먹기 편하도록 작은 알갱이로 제작되었습니다.', 'Y', '2023/11/27'),
	('user009', 1, 9, '피모 관리를 위한 특별한 성분이 들어있나요?', '오메가3와 오메가6가 풍부하여 피모 관리에 도움을 줍니다.', 'Y', '2023/11/28'),
	('user010', 1, 10, '이 사료는 알레르기 테스트를 거친 제품인가요?', '알레르기 반응 테스트를 통해 제작된 제품입니다.', 'Y', '2023/11/29'),
	('user011', 1, 11, '사료 포장 상태는 밀봉이 잘 되어있나요?', '밀봉 포장으로 신선도를 오래 유지합니다.', 'Y', '2023/11/30'),
	('user012', 1, 12, '배송 중 습기에 약하지는 않나요?', '습기에 강한 이중 포장으로 안전하게 배송됩니다.', 'Y', '2023/12/01'),
	('user013', 1, 13, '이 사료를 6개월 미만의 강아지에게도 줄 수 있나요?', '6개월 미만 강아지에게는 권장하지 않습니다.', 'Y', '2023/12/02'),
	('user014', 1, 14, '연어 외에 다른 원료는 무엇이 들어있나요?', '고구마, 완두콩, 치커리 뿌리 등 자연 재료가 포함되어 있습니다.', 'Y', '2023/12/03'),
	('user015', 1, 15, '다이어트 중인 반려동물에게도 적합한가요?', '저지방 사료로 다이어트에도 적합합니다.', 'Y', '2023/12/04'),
	('user016', 1, 16, '사료에 방부제가 들어있나요?', '천연 방부제를 사용하여 안전합니다.', 'Y', '2023/12/05'),
	('user017', 1, 17, '장기 급여 시 부작용이 있나요?', '장기 급여 시 부작용은 없으며, 균형 잡힌 영양을 제공합니다.', 'Y', '2023/12/06'),
	('user018', 1, 18, '이 제품은 수입산인가요? 국내산인가요?', '연어는 수입산이지만, 국내에서 제조되었습니다.', 'Y', '2023/12/07'),
	('user019', 1, 19, '사료 기호성이 좋은가요? 까다로운 아이도 잘 먹나요?', '기호성을 높이기 위해 자연산 연어즙을 첨가했습니다.', 'Y', '2023/12/08'),
	('user020', 1, 20, '단백질 함량이 몇 %인가요?', '단백질 함량은 28%입니다.', 'Y', '2023/12/09'),
	('user021', 1, 21, '사료를 불렸을 때 쉽게 물러지나요?', '불렸을 때 적당히 부드러워져 소화가 더 쉬워집니다.', 'Y', '2023/12/10'),
	('user022', 1, 22, '사료 칼로리가 얼마인가요?', '100g당 약 350kcal입니다.', 'Y', '2023/12/11'),
	('user023', 1, 23, '사료에 곰팡이가 생길 위험은 없나요?', '밀봉 보관 시 곰팡이 생길 위험은 없습니다.', 'Y', '2023/12/12'),
	('user024', 1, 24, '특정 병력을 가진 반려동물도 먹을 수 있나요?', '수의사와 상담 후 급여를 권장합니다.', 'Y', '2023/12/13'),
	('user025', 1, 25, '사료가 너무 딱딱하지는 않나요?', '적당히 딱딱해 치석 제거에도 도움을 줍니다.', 'Y', '2023/12/14'),
	('user026', 1, 26, '사료를 하루 몇 번 급여해야 하나요?', '소형견 기준 하루 2-3회 급여를 권장합니다.', 'Y', '2023/12/15'),
	('user027', 1, 27, '제품에 포함된 오메가3는 자연산인가요?', '네, 자연산 연어에서 추출된 오메가3입니다.', 'Y', '2023/12/16'),
	('user028', 1, 28, '반려동물이 설사를 할 경우 이 제품을 먹여도 되나요?', '설사가 심할 경우 급여를 중단하고 수의사와 상담하세요.', 'Y', '2023/12/17'),
	('user029', 1, 29, '사료에서 비린내가 나는 편인가요?', '비린내를 최소화한 제품으로 대부분의 반려동물이 좋아합니다.', 'Y', '2023/12/18'),
	('user030', 1, 30, '이 제품은 반려묘도 먹을 수 있나요?', '반려묘에게도 급여 가능하지만, 권장하지는 않습니다.', 'Y', '2023/12/19'),
	('user001', 2, 31, '닭고기 알레르기가 있는 경우 이 사료를 먹어도 되나요?', NULL, 'Y', '2023/01/01'),
	('user002', 2, 32, '이 제품은 대형견도 급여 가능한가요?', NULL, 'Y', '2023/01/02'),
	('user003', 2, 33, '사료 크기가 너무 크거나 작지는 않나요?', NULL, 'Y', '2023/01/03'),
	('user004', 2, 34, '이 제품은 성장기 강아지에게 적합한가요?', NULL, 'Y', '2023/01/04'),
	('user005', 2, 35, '칼로리는 어느 정도인가요?', NULL, 'Y', '2023/01/05'),
	('user006', 2, 36, '냄새가 너무 강하지는 않나요? 반려견이 냄새에 민감합니다.', NULL, 'Y', '2023/01/06'),
	('user007', 2, 37, '사료를 불렸을 때 쉽게 물러지나요?', NULL, 'Y', '2023/01/07'),
	('user008', 2, 38, '이 제품은 무첨가 사료인가요?', NULL, 'Y', '2023/01/08'),
	('user009', 2, 39, '사료의 주요 영양 성분이 무엇인가요?', NULL, 'Y', '2023/01/09'),
	('user010', 2, 40, '기호성이 좋은가요? 까다로운 강아지도 잘 먹나요?', NULL, 'Y', '2023/01/10'),
	('user011', 2, 41, '이 제품은 어떤 크기의 포장이 있나요?', NULL, 'Y', '2023/01/11'),
	('user012', 2, 42, '배송 중 변질 가능성은 없나요?', NULL, 'Y', '2023/01/12'),
	('user013', 2, 43, '사료의 단백질 함량은 몇 %인가요?', NULL, 'Y', '2023/01/13'),
	('user014', 2, 44, '성분 중 닭고기 외에 다른 육류가 포함되어 있나요?', NULL, 'Y', '2023/01/14'),
	('user015', 2, 45, '이 사료를 냉동 보관해야 하나요?', NULL, 'Y', '2023/01/15'),
	('user016', 2, 46, '피모 관리에 도움이 되는 성분이 포함되어 있나요?', NULL, 'Y', '2023/01/16'),
	('user017', 2, 47, '유통기한은 얼마나 되나요?', NULL, 'Y', '2023/01/17'),
	('user018', 2, 48, '어린 강아지에게도 급여 가능한가요?', NULL, 'Y', '2023/01/18'),
	('user019', 2, 49, '사료가 너무 기름지지 않나요?', NULL, 'Y', '2023/01/19'),
	('user020', 2, 50, '하루 급여량은 어느 정도가 적당한가요?', NULL, 'Y', '2023/01/20'),
	('user021', 2, 51, '사료를 다른 사료와 섞어 급여해도 되나요?', NULL, 'Y', '2023/01/21'),
	('user022', 2, 52, '이 제품은 알러지 테스트를 거쳤나요?', NULL, 'Y', '2023/01/22'),
	('user023', 2, 53, '사료의 포장이 재활용 가능한가요?', NULL, 'Y', '2023/01/23'),
	('user024', 2, 54, '이 제품은 국내산인가요?', NULL, 'Y', '2023/01/24'),
	('user025', 2, 55, '장기 급여 시 부작용은 없나요?', NULL, 'Y', '2023/01/25'),
	('user026', 2, 56, '사료를 급여 후 배변 상태가 괜찮나요?', NULL, 'Y', '2023/01/26'),
	('user027', 2, 57, '사료가 잘 부스러지지는 않나요?', NULL, 'Y', '2023/01/27'),
	('user028', 2, 58, '사료에서 인공 향료가 강하게 나지는 않나요?', NULL, 'Y', '2023/01/28'),
	('user029', 2, 59, '대량 구매 시 할인이 가능한가요?', NULL, 'Y', '2023/01/29'),
	('user030', 2, 60, '이 제품은 고양이도 먹을 수 있나요?', NULL, 'Y', '2023/01/30'),
	('user001', 2, 31, '닭고기 알레르기가 있는 경우 이 사료를 먹어도 되나요?', '닭고기 알레르기가 있다면 급여를 권장하지 않습니다.', 'Y', '2023/01/01'),
	('user002', 2, 32, '이 제품은 대형견도 급여 가능한가요?', '대형견도 충분히 섭취할 수 있는 영양 밸런스를 갖추고 있습니다.', 'Y', '2023/01/02'),
	('user003', 2, 33, '사료 크기가 너무 크거나 작지는 않나요?', '소형견과 대형견 모두 먹기 편하도록 적당한 크기로 제작되었습니다.', 'Y', '2023/01/03'),
	('user004', 2, 34, '이 제품은 성장기 강아지에게 적합한가요?', '성장기 강아지의 근육 발달에 도움을 주는 고단백 사료입니다.', 'Y', '2023/01/04'),
	('user005', 2, 35, '칼로리는 어느 정도인가요?', '100g당 약 350kcal입니다.', 'Y', '2023/01/05'),
	('user006', 2, 36, '냄새가 너무 강하지는 않나요? 반려견이 냄새에 민감합니다.', '자연스러운 닭고기 향으로 냄새가 강하지 않습니다.', 'Y', '2023/01/06'),
	('user007', 2, 37, '사료를 불렸을 때 쉽게 물러지나요?', '적당히 물러져 소화가 더 쉬워집니다.', 'Y', '2023/01/07'),
	('user008', 2, 38, '이 제품은 무첨가 사료인가요?', '인공 첨가물을 최소화하여 제조된 제품입니다.', 'Y', '2023/01/08'),
	('user009', 2, 39, '사료의 주요 영양 성분이 무엇인가요?', '주요 성분은 닭고기, 고구마, 비타민, 미네랄입니다.', 'Y', '2023/01/09'),
	('user010', 2, 40, '기호성이 좋은가요? 까다로운 강아지도 잘 먹나요?', '기호성을 높이기 위해 자연 닭고기 즙을 사용했습니다.', 'Y', '2023/01/10'),
	('user011', 2, 41, '이 제품은 어떤 크기의 포장이 있나요?', '1kg, 5kg, 10kg 포장으로 제공됩니다.', 'Y', '2023/01/11'),
	('user012', 2, 42, '배송 중 변질 가능성은 없나요?', '진공 밀봉 포장으로 변질 위험이 없습니다.', 'Y', '2023/01/12'),
	('user013', 2, 43, '사료의 단백질 함량은 몇 %인가요?', '단백질 함량은 28%입니다.', 'Y', '2023/01/13'),
	('user014', 2, 44, '성분 중 닭고기 외에 다른 육류가 포함되어 있나요?', '닭고기만을 주원료로 사용한 단일 단백질 사료입니다.', 'Y', '2023/01/14'),
	('user015', 2, 45, '이 사료를 냉동 보관해야 하나요?', '냉동 보관은 필요하지 않습니다. 직사광선을 피해서 보관해주세요.', 'Y', '2023/01/15'),
	('user016', 2, 46, '피모 관리에 도움이 되는 성분이 포함되어 있나요?', '오메가3와 오메가6가 함유되어 있어 피모 건강에 도움을 줍니다.', 'Y', '2023/01/16'),
	('user017', 2, 47, '유통기한은 얼마나 되나요?', '제조일로부터 24개월입니다.', 'Y', '2023/01/17'),
	('user018', 2, 48, '어린 강아지에게도 급여 가능한가요?', '생후 6개월 이상부터 급여 가능합니다.', 'Y', '2023/01/18'),
	('user019', 2, 49, '사료가 너무 기름지지 않나요?', '저지방으로 설계되어 기름지지 않습니다.', 'Y', '2023/01/19'),
	('user020', 2, 50, '하루 급여량은 어느 정도가 적당한가요?', '반려동물의 체중과 활동량에 따라 하루 2~3회 급여를 권장합니다.', 'Y', '2023/01/20'),
	('user021', 2, 51, '사료를 다른 사료와 섞어 급여해도 되나요?', '네, 기존 사료와 섞어서 점진적으로 급여하시길 권장합니다.', 'Y', '2023/01/21'),
	('user022', 2, 52, '이 제품은 알러지 테스트를 거쳤나요?', '알러지 반응 테스트를 거친 안전한 제품입니다.', 'Y', '2023/01/22'),
	('user023', 2, 53, '사료의 포장이 재활용 가능한가요?', '재활용 가능한 소재로 제작되었습니다.', 'Y', '2023/01/23'),
	('user024', 2, 54, '이 제품은 국내산인가요?', '닭고기는 국내산, 제조도 국내에서 이루어졌습니다.', 'Y', '2023/01/24'),
	('user025', 2, 55, '장기 급여 시 부작용은 없나요?', '장기 급여에도 부작용은 없으며 균형 잡힌 영양을 제공합니다.', 'Y', '2023/01/25'),
	('user026', 2, 56, '사료를 급여 후 배변 상태가 괜찮나요?', '소화 흡수율이 높아 배변 상태가 좋습니다.', 'Y', '2023/01/26'),
	('user027', 2, 57, '사료가 잘 부스러지지는 않나요?', '적절한 단단함으로 부스러지지 않습니다.', 'Y', '2023/01/27'),
	('user028', 2, 58, '사료에서 인공 향료가 강하게 나지는 않나요?', '인공 향료를 사용하지 않아 자연스러운 향이 납니다.', 'Y', '2023/01/28'),
	('user029', 2, 59, '대량 구매 시 할인이 가능한가요?', '대량 구매는 별도의 할인 정책이 적용됩니다.', 'Y', '2023/01/29'),
	('user030', 2, 60, '이 제품은 고양이도 먹을 수 있나요?', '반려묘에게는 권장하지 않는 제품입니다.', 'Y', '2023/01/30'),
	('user001', 3, 61, '곤충 단백질 사료는 어떤 곤충으로 만들어졌나요?', NULL, 'Y', '2023/02/01'),
	('user002', 3, 62, '이 사료는 소화 흡수가 잘 되나요?', NULL, 'Y', '2023/02/02'),
	('user003', 3, 63, '알러지 반응을 일으키는 성분이 포함되어 있나요?', NULL, 'Y', '2023/02/03'),
	('user004', 3, 64, '소형견도 먹을 수 있나요?', NULL, 'Y', '2023/02/04'),
	('user005', 3, 65, '사료가 너무 딱딱하지는 않나요?', NULL, 'Y', '2023/02/05'),
	('user006', 3, 66, '기호성이 어떤가요? 까다로운 아이도 잘 먹나요?', NULL, 'Y', '2023/02/06'),
	('user007', 3, 67, '곤충 단백질이 피부에 도움이 되나요?', NULL, 'Y', '2023/02/07'),
	('user008', 3, 68, '사료 알갱이 크기가 어느 정도인가요?', NULL, 'Y', '2023/02/08'),
	('user009', 3, 69, '유통기한은 얼마나 되나요?', NULL, 'Y', '2023/02/09'),
	('user010', 3, 70, '이 제품은 무첨가 사료인가요?', NULL, 'Y', '2023/02/10'),
	('user011', 3, 71, '곤충 단백질로 만든 사료는 기존 사료와 다른 점이 있나요?', NULL, 'Y', '2023/02/11'),
	('user012', 3, 72, '사료에 방부제가 들어있나요?', NULL, 'Y', '2023/02/12'),
	('user013', 3, 73, '곤충 단백질 사료를 처음 급여할 때 주의할 점이 있나요?', NULL, 'Y', '2023/02/13'),
	('user014', 3, 74, '곤충 단백질 사료가 일반 단백질 사료보다 장점이 있나요?', NULL, 'Y', '2023/02/14'),
	('user015', 3, 75, '성장기 강아지에게도 적합한가요?', NULL, 'Y', '2023/02/15'),
	('user016', 3, 76, '곤충 단백질은 냄새가 강하지 않나요?', NULL, 'Y', '2023/02/16'),
	('user017', 3, 77, '다른 곤충 단백질 제품과 비교했을 때 차별점이 무엇인가요?', NULL, 'Y', '2023/02/17'),
	('user018', 3, 78, '사료의 주요 영양 성분은 무엇인가요?', NULL, 'Y', '2023/02/18'),
	('user019', 3, 79, '곤충 단백질 사료는 대량 구매할 수 있나요?', NULL, 'Y', '2023/02/19'),
	('user020', 3, 80, '피모 관리를 위한 성분도 포함되어 있나요?', NULL, 'Y', '2023/02/20'),
	('user021', 3, 81, '곤충 단백질은 반려동물에게 안전한가요?', NULL, 'Y', '2023/02/21'),
	('user022', 3, 82, '곤충 단백질 사료는 체중 조절에도 도움이 되나요?', NULL, 'Y', '2023/02/22'),
	('user023', 3, 83, '이 제품은 국내산인가요?', NULL, 'Y', '2023/02/23'),
	('user024', 3, 84, '사료가 곰팡이에 약하지는 않나요?', NULL, 'Y', '2023/02/24'),
	('user025', 3, 85, '이 사료를 다이어트 중인 반려견에게 급여해도 되나요?', NULL, 'Y', '2023/02/25'),
	('user026', 3, 86, '사료를 다른 사료와 섞어서 급여해도 되나요?', NULL, 'Y', '2023/02/26'),
	('user027', 3, 87, '곤충 단백질 사료의 칼로리는 얼마나 되나요?', NULL, 'Y', '2023/02/27'),
	('user028', 3, 88, '곤충 단백질 사료의 포장은 친환경적인가요?', NULL, 'Y', '2023/02/28'),
	('user029', 3, 89, '장기 급여 시 부작용은 없나요?', NULL, 'Y', '2023/03/01'),
	('user030', 3, 90, '곤충 단백질 사료는 고양이에게도 먹일 수 있나요?', NULL, 'Y', '2023/03/02'),
	('user001', 3, 61, '곤충 단백질 사료는 어떤 곤충으로 만들어졌나요?', '식용 귀뚜라미와 밀웜을 주원료로 사용하였습니다.', 'Y', '2023/02/01'),
	('user002', 3, 62, '이 사료는 소화 흡수가 잘 되나요?', '곤충 단백질은 소화 흡수율이 높아 반려동물의 소화에 적합합니다.', 'Y', '2023/02/02'),
	('user003', 3, 63, '알러지 반응을 일으키는 성분이 포함되어 있나요?', '알러지 반응을 최소화하기 위해 곤충 단백질만을 사용하였습니다.', 'Y', '2023/02/03'),
	('user004', 3, 64, '소형견도 먹을 수 있나요?', '소형견도 먹기 편하도록 작은 크기로 제작되었습니다.', 'Y', '2023/02/04'),
	('user005', 3, 65, '사료가 너무 딱딱하지는 않나요?', '적당한 단단함으로 치석 제거에도 도움이 됩니다.', 'Y', '2023/02/05'),
	('user006', 3, 66, '기호성이 어떤가요? 까다로운 아이도 잘 먹나요?', '곤충 단백질 특유의 풍미로 까다로운 아이도 잘 먹습니다.', 'Y', '2023/02/06'),
	('user007', 3, 67, '곤충 단백질이 피부에 도움이 되나요?', '피부 건강을 위한 비타민 E와 아미노산이 포함되어 있습니다.', 'Y', '2023/02/07'),
	('user008', 3, 68, '사료 알갱이 크기가 어느 정도인가요?', '알갱이 크기는 약 0.8~1.2cm입니다.', 'Y', '2023/02/08'),
	('user009', 3, 69, '유통기한은 얼마나 되나요?', '제조일로부터 18개월입니다.', 'Y', '2023/02/09'),
	('user010', 3, 70, '이 제품은 무첨가 사료인가요?', '인공 방부제, 인공 향료를 사용하지 않은 무첨가 사료입니다.', 'Y', '2023/02/10'),
	('user011', 3, 71, '곤충 단백질로 만든 사료는 기존 사료와 다른 점이 있나요?', '곤충 단백질은 알러지 유발 가능성이 적고 소화가 잘 됩니다.', 'Y', '2023/02/11'),
	('user012', 3, 72, '사료에 방부제가 들어있나요?', '천연 방부제를 사용하여 안전합니다.', 'Y', '2023/02/12'),
	('user013', 3, 73, '곤충 단백질 사료를 처음 급여할 때 주의할 점이 있나요?', '처음에는 기존 사료와 섞어 소량 급여를 권장합니다.', 'Y', '2023/02/13'),
	('user014', 3, 74, '곤충 단백질 사료가 일반 단백질 사료보다 장점이 있나요?', '곤충 단백질은 소화 흡수율이 높고 알러지 유발 가능성이 적습니다.', 'Y', '2023/02/14'),
	('user015', 3, 75, '성장기 강아지에게도 적합한가요?', '성장기에 필요한 단백질과 영양소가 풍부하게 포함되어 있습니다.', 'Y', '2023/02/15'),
	('user016', 3, 76, '곤충 단백질은 냄새가 강하지 않나요?', '곤충 단백질 특유의 냄새를 줄여 반려동물이 거부감 없이 먹을 수 있습니다.', 'Y', '2023/02/16'),
	('user017', 3, 77, '다른 곤충 단백질 제품과 비교했을 때 차별점이 무엇인가요?', '식용 곤충 단백질의 순도를 높여 품질을 개선했습니다.', 'Y', '2023/02/17'),
	('user018', 3, 78, '사료의 주요 영양 성분은 무엇인가요?', '주요 성분은 곤충 단백질, 고구마, 비타민, 미네랄입니다.', 'Y', '2023/02/18'),
	('user019', 3, 79, '곤충 단백질 사료는 대량 구매할 수 있나요?', '대량 구매가 가능하며 5kg와 10kg 포장이 있습니다.', 'Y', '2023/02/19'),
	('user020', 3, 80, '피모 관리를 위한 성분도 포함되어 있나요?', '오메가3와 오메가6가 포함되어 피모 관리에 도움을 줍니다.', 'Y', '2023/02/20'),
	('user021', 3, 81, '곤충 단백질은 반려동물에게 안전한가요?', '식약처 인증을 받은 안전한 식용 곤충만 사용하였습니다.', 'Y', '2023/02/21'),
	('user022', 3, 82, '곤충 단백질 사료는 체중 조절에도 도움이 되나요?', '저지방 고단백으로 체중 조절에 적합합니다.', 'Y', '2023/02/22'),
	('user023', 3, 83, '이 제품은 국내산인가요?', '곤충 단백질은 국내에서 생산되었으며, 제조도 국내에서 진행됩니다.', 'Y', '2023/02/23'),
	('user024', 3, 84, '사료가 곰팡이에 약하지는 않나요?', '진공 포장으로 곰팡이 발생 위험을 최소화하였습니다.', 'Y', '2023/02/24'),
	('user025', 3, 85, '이 사료를 다이어트 중인 반려견에게 급여해도 되나요?', '저지방 사료로 다이어트에도 적합합니다.', 'Y', '2023/02/25'),
	('user026', 3, 86, '사료를 다른 사료와 섞어서 급여해도 되나요?', '기존 사료와 섞어서 급여를 시작하시길 권장합니다.', 'Y', '2023/02/26'),
	('user027', 3, 87, '곤충 단백질 사료의 칼로리는 얼마나 되나요?', '100g당 약 360kcal입니다.', 'Y', '2023/02/27'),
	('user028', 3, 88, '곤충 단백질 사료의 포장은 친환경적인가요?', '재활용 가능한 친환경 포장재를 사용하였습니다.', 'Y', '2023/02/28'),
	('user029', 3, 89, '장기 급여 시 부작용은 없나요?', '장기 급여에도 부작용은 없으며, 균형 잡힌 영양을 제공합니다.', 'Y', '2023/03/01'),
	('user030', 3, 90, '곤충 단백질 사료는 고양이에게도 먹일 수 있나요?', '반려묘에게는 권장하지 않는 사료입니다.', 'Y', '2023/03/02'),
	('user001', 4, 91, '이 져키는 어떤 고기로 만들어졌나요?', NULL, 'Y', '2023/03/03'),
	('user002', 4, 92, '방부제가 들어있지 않은가요?', NULL, 'Y', '2023/03/04'),
	('user003', 4, 93, '져키의 유통기한은 얼마나 되나요?', NULL, 'Y', '2023/03/05'),
	('user004', 4, 94, '소형견도 먹기 적합한 크기인가요?', NULL, 'Y', '2023/03/06'),
	('user005', 4, 95, '져키는 말랑한 편인가요?', NULL, 'Y', '2023/03/07'),
	('user006', 4, 96, '알러지 유발 성분이 들어있나요?', NULL, 'Y', '2023/03/08'),
	('user007', 4, 97, '이 져키를 다이어트 중인 강아지에게 급여해도 되나요?', NULL, 'Y', '2023/03/09'),
	('user008', 4, 98, '져키에 들어간 고기는 국내산인가요?', NULL, 'Y', '2023/03/10'),
	('user009', 4, 99, '져키가 너무 기름지지 않나요?', NULL, 'Y', '2023/03/11'),
	('user010', 4, 100, '져키를 하루에 몇 개 급여하는 게 적당한가요?', NULL, 'Y', '2023/03/12'),
	('user011', 4, 101, '져키를 냉동 보관해야 하나요?', NULL, 'Y', '2023/03/13'),
	('user012', 4, 102, '져키의 주요 성분은 무엇인가요?', NULL, 'Y', '2023/03/14'),
	('user013', 4, 103, '져키를 다른 간식과 함께 줘도 되나요?', NULL, 'Y', '2023/03/15'),
	('user014', 4, 104, '이 져키는 모든 연령대에 적합한가요?', NULL, 'Y', '2023/03/16'),
	('user015', 4, 105, '져키의 크기는 어느 정도인가요?', NULL, 'Y', '2023/03/17'),
	('user016', 4, 106, '져키가 잘 부스러지지는 않나요?', NULL, 'Y', '2023/03/18'),
	('user017', 4, 107, '기호성이 좋은가요? 까다로운 강아지도 잘 먹나요?', NULL, 'Y', '2023/03/19'),
	('user018', 4, 108, '져키가 어떤 방식으로 제조되었나요?', NULL, 'Y', '2023/03/20'),
	('user019', 4, 109, '져키에 항산화제가 포함되어 있나요?', NULL, 'Y', '2023/03/21'),
	('user020', 4, 110, '져키의 칼로리는 어느 정도인가요?', NULL, 'Y', '2023/03/22'),
	('user021', 4, 111, '져키에 비타민이나 미네랄이 포함되어 있나요?', NULL, 'Y', '2023/03/23'),
	('user022', 4, 112, '져키가 반려견의 치아 건강에도 도움을 주나요?', NULL, 'Y', '2023/03/24'),
	('user023', 4, 113, '져키 포장은 재활용이 가능한가요?', NULL, 'Y', '2023/03/25'),
	('user024', 4, 114, '져키는 너무 단단하지 않나요?', NULL, 'Y', '2023/03/26'),
	('user025', 4, 115, '져키를 강아지가 혼자 먹다 걸릴 위험은 없나요?', NULL, 'Y', '2023/03/27'),
	('user026', 4, 116, '져키를 간식 대신 주식으로 줘도 되나요?', NULL, 'Y', '2023/03/28'),
	('user027', 4, 117, '져키는 몇 가지 맛이 있나요?', NULL, 'Y', '2023/03/29'),
	('user028', 4, 118, '져키를 물에 불려서 급여해도 되나요?', NULL, 'Y', '2023/03/30'),
	('user029', 4, 119, '져키가 곰팡이에 약하지는 않나요?', NULL, 'Y', '2023/03/31'),
	('user030', 4, 120, '져키를 고양이에게도 급여해도 되나요?', NULL, 'Y', '2023/04/01'),
	('user001', 4, 91, '이 져키는 어떤 고기로 만들어졌나요?', '신선한 닭고기와 소고기로 만들어졌습니다.', 'Y', '2023/03/03'),
	('user002', 4, 92, '방부제가 들어있지 않은가요?', '천연 방부제를 사용하여 안전합니다.', 'Y', '2023/03/04'),
	('user003', 4, 93, '져키의 유통기한은 얼마나 되나요?', '제조일로부터 12개월입니다.', 'Y', '2023/03/05'),
	('user004', 4, 94, '소형견도 먹기 적합한 크기인가요?', '소형견도 먹기 쉽도록 한 입 크기로 제작되었습니다.', 'Y', '2023/03/06'),
	('user005', 4, 95, '져키는 말랑한 편인가요?', '적당히 말랑한 질감으로 소형견과 노령견도 먹기 편합니다.', 'Y', '2023/03/07'),
	('user006', 4, 96, '알러지 유발 성분이 들어있나요?', '알러지 유발 가능성이 낮은 원료만 사용하였습니다.', 'Y', '2023/03/08'),
	('user007', 4, 97, '이 져키를 다이어트 중인 강아지에게 급여해도 되나요?', '저칼로리 간식으로 다이어트 중에도 적합합니다.', 'Y', '2023/03/09'),
	('user008', 4, 98, '져키에 들어간 고기는 국내산인가요?', '모든 고기는 국내산을 사용하여 신뢰할 수 있습니다.', 'Y', '2023/03/10'),
	('user009', 4, 99, '져키가 너무 기름지지 않나요?', '기름기를 최소화하여 건강하게 제조되었습니다.', 'Y', '2023/03/11'),
	('user010', 4, 100, '져키를 하루에 몇 개 급여하는 게 적당한가요?', '반려동물의 체중에 따라 하루 1~3개를 권장합니다.', 'Y', '2023/03/12'),
	('user011', 4, 101, '져키를 냉동 보관해야 하나요?', '냉동 보관은 필요하지 않으며, 서늘한 곳에 보관해주세요.', 'Y', '2023/03/13'),
	('user012', 4, 102, '져키의 주요 성분은 무엇인가요?', '주요 성분은 닭고기, 소고기, 고구마입니다.', 'Y', '2023/03/14'),
	('user013', 4, 103, '져키를 다른 간식과 함께 줘도 되나요?', '네, 다른 간식과 함께 급여해도 괜찮습니다.', 'Y', '2023/03/15'),
	('user014', 4, 104, '이 져키는 모든 연령대에 적합한가요?', '모든 연령대의 반려견에게 적합한 제품입니다.', 'Y', '2023/03/16'),
	('user015', 4, 105, '져키의 크기는 어느 정도인가요?', '길이는 약 5cm, 두께는 1cm 정도입니다.', 'Y', '2023/03/17'),
	('user016', 4, 106, '져키가 잘 부스러지지는 않나요?', '잘 부스러지지 않도록 단단하게 제작되었습니다.', 'Y', '2023/03/18'),
	('user017', 4, 107, '기호성이 좋은가요? 까다로운 강아지도 잘 먹나요?', '기호성이 뛰어나 까다로운 아이들도 잘 먹습니다.', 'Y', '2023/03/19'),
	('user018', 4, 108, '져키가 어떤 방식으로 제조되었나요?', '저온 건조 방식으로 원재료의 영양소를 최대한 보존했습니다.', 'Y', '2023/03/20'),
	('user019', 4, 109, '져키에 항산화제가 포함되어 있나요?', '천연 항산화제가 포함되어 있어 안전합니다.', 'Y', '2023/03/21'),
	('user020', 4, 110, '져키의 칼로리는 어느 정도인가요?', '한 개당 약 30kcal입니다.', 'Y', '2023/03/22'),
	('user021', 4, 111, '져키에 비타민이나 미네랄이 포함되어 있나요?', '비타민 A와 칼슘이 함유되어 있습니다.', 'Y', '2023/03/23'),
	('user022', 4, 112, '져키가 반려견의 치아 건강에도 도움을 주나요?', '적당히 딱딱한 질감으로 치석 제거에 도움을 줍니다.', 'Y', '2023/03/24'),
	('user023', 4, 113, '져키 포장은 재활용이 가능한가요?', '포장재는 재활용 가능한 소재로 제작되었습니다.', 'Y', '2023/03/25'),
	('user024', 4, 114, '져키는 너무 단단하지 않나요?', '적당한 단단함으로 반려동물이 먹기 편합니다.', 'Y', '2023/03/26'),
	('user025', 4, 115, '져키를 강아지가 혼자 먹다 걸릴 위험은 없나요?', '중간에 멈추지 않고 잘 씹을 수 있도록 적당한 크기로 제작되었습니다.', 'Y', '2023/03/27'),
	('user026', 4, 116, '져키를 간식 대신 주식으로 줘도 되나요?', '간식으로 급여를 권장하며, 주식으로는 적합하지 않습니다.', 'Y', '2023/03/28'),
	('user027', 4, 117, '져키는 몇 가지 맛이 있나요?', '현재 닭고기와 소고기 2가지 맛으로 제공됩니다.', 'Y', '2023/03/29'),
	('user028', 4, 118, '져키를 물에 불려서 급여해도 되나요?', '물에 불려서 부드럽게 만들어 급여하셔도 괜찮습니다.', 'Y', '2023/03/30'),
	('user029', 4, 119, '져키가 곰팡이에 약하지는 않나요?', '진공 포장으로 곰팡이 발생 위험이 없습니다.', 'Y', '2023/03/31'),
	('user030', 4, 120, '져키를 고양이에게도 급여해도 되나요?', '반려묘에게는 권장하지 않습니다.', 'Y', '2023/04/01'),
	('user001', 5, 121, '덴탈케어 껌은 어떤 성분으로 만들어졌나요?', NULL, 'Y', '2023/04/02'),
	('user002', 5, 122, '치석 제거 효과가 얼마나 있나요?', NULL, 'Y', '2023/04/03'),
	('user003', 5, 123, '덴탈케어 껌은 하루에 몇 개를 먹여야 하나요?', NULL, 'Y', '2023/04/04'),
	('user004', 5, 124, '껌이 너무 딱딱하지는 않나요?', NULL, 'Y', '2023/04/05'),
	('user005', 5, 125, '껌에서 향이 너무 강하지 않나요?', NULL, 'Y', '2023/04/06'),
	('user006', 5, 126, '껌을 다 먹은 후 물을 많이 마셔야 하나요?', NULL, 'Y', '2023/04/07'),
	('user007', 5, 127, '덴탈케어 껌은 모든 연령대에 적합한가요?', NULL, 'Y', '2023/04/08'),
	('user008', 5, 128, '껌이 너무 빨리 부스러지지는 않나요?', NULL, 'Y', '2023/04/09'),
	('user009', 5, 129, '껌의 크기가 어떻게 되나요?', NULL, 'Y', '2023/04/10'),
	('user010', 5, 130, '껌을 냉동 보관해야 하나요?', NULL, 'Y', '2023/04/11'),
	('user011', 5, 131, '껌의 유통기한은 얼마나 되나요?', NULL, 'Y', '2023/04/12'),
	('user012', 5, 132, '껌을 먹으면 입냄새가 줄어드나요?', NULL, 'Y', '2023/04/13'),
	('user013', 5, 133, '껌이 반려동물의 치아에 무리를 주지는 않나요?', NULL, 'Y', '2023/04/14'),
	('user014', 5, 134, '껌은 어떤 맛이 있나요?', NULL, 'Y', '2023/04/15'),
	('user015', 5, 135, '껌을 다른 간식과 함께 급여해도 되나요?', NULL, 'Y', '2023/04/16'),
	('user016', 5, 136, '껌의 주요 효능은 무엇인가요?', NULL, 'Y', '2023/04/17'),
	('user017', 5, 137, '껌은 대형견도 먹기 적합한가요?', NULL, 'Y', '2023/04/18'),
	('user018', 5, 138, '껌의 칼로리는 얼마나 되나요?', NULL, 'Y', '2023/04/19'),
	('user019', 5, 139, '껌이 너무 기름지지 않나요?', NULL, 'Y', '2023/04/20'),
	('user020', 5, 140, '껌을 장기 급여해도 문제가 없나요?', NULL, 'Y', '2023/04/21'),
	('user021', 5, 141, '껌을 먹으면 치아 변색이 생기지는 않나요?', NULL, 'Y', '2023/04/22'),
	('user022', 5, 142, '껌이 쉽게 부러지지는 않나요?', NULL, 'Y', '2023/04/23'),
	('user023', 5, 143, '껌을 고양이에게도 급여해도 되나요?', NULL, 'Y', '2023/04/24'),
	('user024', 5, 144, '껌의 포장은 친환경적인가요?', NULL, 'Y', '2023/04/25'),
	('user025', 5, 145, '껌의 주요 성분이 안전한가요?', NULL, 'Y', '2023/04/26'),
	('user026', 5, 146, '껌이 반려동물의 잇몸 건강에 도움을 주나요?', NULL, 'Y', '2023/04/27'),
	('user027', 5, 147, '껌을 대량으로 구매할 수 있나요?', NULL, 'Y', '2023/04/28'),
	('user028', 5, 148, '껌을 물에 불려서 급여해도 되나요?', NULL, 'Y', '2023/04/29'),
	('user029', 5, 149, '껌이 반려동물의 소화에 문제가 되지는 않나요?', NULL, 'Y', '2023/04/30'),
	('user030', 5, 150, '껌이 알러지 유발 가능성이 있나요?', NULL, 'Y', '2023/05/01'),
	('user001', 5, 121, '덴탈케어 껌은 어떤 성분으로 만들어졌나요?', '천연 닭고기와 구강 건강을 위한 미네랄이 포함되어 있습니다.', 'Y', '2023/04/02'),
	('user002', 5, 122, '치석 제거 효과가 얼마나 있나요?', '특수 디자인으로 씹는 과정에서 치석이 효과적으로 제거됩니다.', 'Y', '2023/04/03'),
	('user003', 5, 123, '덴탈케어 껌은 하루에 몇 개를 먹여야 하나요?', '반려견 크기에 따라 하루 1~2개 급여를 권장합니다.', 'Y', '2023/04/04'),
	('user004', 5, 124, '껌이 너무 딱딱하지는 않나요?', '적당한 단단함으로 잇몸 자극에 좋으면서도 씹기 쉽습니다.', 'Y', '2023/04/05'),
	('user005', 5, 125, '껌에서 향이 너무 강하지 않나요?', '자연스러운 닭고기 향으로 강하지 않습니다.', 'Y', '2023/04/06'),
	('user006', 5, 126, '껌을 다 먹은 후 물을 많이 마셔야 하나요?', '추가적인 물 섭취는 필요하지 않습니다.', 'Y', '2023/04/07'),
	('user007', 5, 127, '덴탈케어 껌은 모든 연령대에 적합한가요?', '모든 연령대의 반려견이 섭취 가능하며 노령견에도 적합합니다.', 'Y', '2023/04/08'),
	('user008', 5, 128, '껌이 너무 빨리 부스러지지는 않나요?', '쉽게 부스러지지 않도록 견고하게 제작되었습니다.', 'Y', '2023/04/09'),
	('user009', 5, 129, '껌의 크기가 어떻게 되나요?', '소형견과 대형견 모두 섭취 가능한 다양한 크기로 제공됩니다.', 'Y', '2023/04/10'),
	('user010', 5, 130, '껌을 냉동 보관해야 하나요?', '냉동 보관은 필요하지 않으며 상온에서 보관 가능합니다.', 'Y', '2023/04/11'),
	('user011', 5, 131, '껌의 유통기한은 얼마나 되나요?', '제조일로부터 18개월입니다.', 'Y', '2023/04/12'),
	('user012', 5, 132, '껌을 먹으면 입냄새가 줄어드나요?', '구강 내 박테리아를 줄여 입냄새 완화에 효과적입니다.', 'Y', '2023/04/13'),
	('user013', 5, 133, '껌이 반려동물의 치아에 무리를 주지는 않나요?', '적당한 경도로 치아에 무리가 가지 않습니다.', 'Y', '2023/04/14'),
	('user014', 5, 134, '껌은 어떤 맛이 있나요?', '닭고기와 베이컨 맛으로 제공됩니다.', 'Y', '2023/04/15'),
	('user015', 5, 135, '껌을 다른 간식과 함께 급여해도 되나요?', '다른 간식과 함께 급여하셔도 괜찮습니다.', 'Y', '2023/04/16'),
	('user016', 5, 136, '껌의 주요 효능은 무엇인가요?', '치석 제거, 잇몸 건강, 입냄새 완화 등이 주요 효능입니다.', 'Y', '2023/04/17'),
	('user017', 5, 137, '껌은 대형견도 먹기 적합한가요?', '대형견도 씹기 편한 대형 사이즈가 제공됩니다.', 'Y', '2023/04/18'),
	('user018', 5, 138, '껌의 칼로리는 얼마나 되나요?', '한 개당 약 50kcal입니다.', 'Y', '2023/04/19'),
	('user019', 5, 139, '껌이 너무 기름지지 않나요?', '저지방으로 제조되어 기름지지 않습니다.', 'Y', '2023/04/20'),
	('user020', 5, 140, '껌을 장기 급여해도 문제가 없나요?', '장기 급여에도 안전하도록 설계되었습니다.', 'Y', '2023/04/21'),
	('user021', 5, 141, '껌을 먹으면 치아 변색이 생기지는 않나요?', '치아 변색 없이 깨끗한 치아를 유지합니다.', 'Y', '2023/04/22'),
	('user022', 5, 142, '껌이 쉽게 부러지지는 않나요?', '부러지지 않도록 견고하게 제작되었습니다.', 'Y', '2023/04/23'),
	('user023', 5, 143, '껌을 고양이에게도 급여해도 되나요?', '고양이에게는 권장하지 않습니다.', 'Y', '2023/04/24'),
	('user024', 5, 144, '껌의 포장은 친환경적인가요?', '재활용 가능한 친환경 포장을 사용하였습니다.', 'Y', '2023/04/25'),
	('user025', 5, 145, '껌의 주요 성분이 안전한가요?', '식약처 인증을 받은 안전한 성분으로 제조되었습니다.', 'Y', '2023/04/26'),
	('user026', 5, 146, '껌이 반려동물의 잇몸 건강에 도움을 주나요?', '씹는 과정에서 잇몸 자극으로 혈액 순환을 돕습니다.', 'Y', '2023/04/27'),
	('user027', 5, 147, '껌을 대량으로 구매할 수 있나요?', '대량 구매가 가능하며 별도의 할인 정책이 적용됩니다.', 'Y', '2023/04/28'),
	('user028', 5, 148, '껌을 물에 불려서 급여해도 되나요?', '물에 불려 부드럽게 한 후 급여할 수 있습니다.', 'Y', '2023/04/29'),
	('user029', 5, 149, '껌이 반려동물의 소화에 문제가 되지는 않나요?', '소화 흡수율이 높아 문제가 되지 않습니다.', 'Y', '2023/04/30'),
	('user030', 5, 150, '껌이 알러지 유발 가능성이 있나요?', '알러지 유발 가능성이 낮은 원료만 사용하였습니다.', 'Y', '2023/05/01'),
	('user001', 6, 151, '영양 파우더 토핑은 어떤 성분으로 만들어졌나요?', NULL, 'Y', '2023/05/02'),
	('user002', 6, 152, '이 제품은 소화가 잘 되나요?', NULL, 'Y', '2023/05/03'),
	('user003', 6, 153, '파우더를 얼마나 자주 급여해야 하나요?', NULL, 'Y', '2023/05/04'),
	('user004', 6, 154, '고양이도 이 파우더를 먹을 수 있나요?', NULL, 'Y', '2023/05/05'),
	('user005', 6, 155, '파우더를 물에 타서 줄 수 있나요?', NULL, 'Y', '2023/05/06'),
	('user006', 6, 156, '파우더를 어떤 사료에 사용하면 좋은가요?', NULL, 'Y', '2023/05/07'),
	('user007', 6, 157, '파우더가 반려동물의 피부와 털에도 도움을 주나요?', NULL, 'Y', '2023/05/08'),
	('user008', 6, 158, '이 제품은 알러지 유발 가능성이 있나요?', NULL, 'Y', '2023/05/09'),
	('user009', 6, 159, '파우더를 얼마나 오래 보관할 수 있나요?', NULL, 'Y', '2023/05/10'),
	('user010', 6, 160, '파우더의 칼로리는 얼마나 되나요?', NULL, 'Y', '2023/05/11'),
	('user011', 6, 161, '파우더를 정기적으로 급여해도 문제가 없나요?', NULL, 'Y', '2023/05/12'),
	('user012', 6, 162, '파우더의 주요 효능은 무엇인가요?', NULL, 'Y', '2023/05/13'),
	('user013', 6, 163, '파우더를 다른 영양제와 함께 사용해도 되나요?', NULL, 'Y', '2023/05/14'),
	('user014', 6, 164, '파우더는 어떤 맛이 나나요?', NULL, 'Y', '2023/05/15'),
	('user015', 6, 165, '파우더를 섭취하면 배변 상태에 변화가 있나요?', NULL, 'Y', '2023/05/16'),
	('user016', 6, 166, '파우더는 어떤 크기나 용량으로 제공되나요?', NULL, 'Y', '2023/05/17'),
	('user017', 6, 167, '파우더를 냉장 보관해야 하나요?', NULL, 'Y', '2023/05/18'),
	('user018', 6, 168, '파우더는 어떻게 급여하는 것이 좋나요?', NULL, 'Y', '2023/05/19'),
	('user019', 6, 169, '파우더가 반려동물의 입맛에 잘 맞나요?', NULL, 'Y', '2023/05/20'),
	('user020', 6, 170, '파우더가 반려동물의 에너지 레벨에도 영향을 주나요?', NULL, 'Y', '2023/05/21'),
	('user021', 6, 171, '파우더의 성분은 안전한가요?', NULL, 'Y', '2023/05/22'),
	('user022', 6, 172, '파우더가 체중 조절에도 도움을 주나요?', NULL, 'Y', '2023/05/23'),
	('user023', 6, 173, '파우더는 반려동물의 면역력 강화에 도움이 되나요?', NULL, 'Y', '2023/05/24'),
	('user024', 6, 174, '파우더의 포장은 재활용 가능한가요?', NULL, 'Y', '2023/05/25'),
	('user025', 6, 175, '파우더를 대량 구매할 수 있나요?', NULL, 'Y', '2023/05/26'),
	('user026', 6, 176, '파우더를 물에 희석한 후 급여해도 되나요?', NULL, 'Y', '2023/05/27'),
	('user027', 6, 177, '파우더가 변질되지 않으려면 어떻게 보관해야 하나요?', NULL, 'Y', '2023/05/28'),
	('user028', 6, 178, '파우더는 성장기 강아지에게도 적합한가요?', NULL, 'Y', '2023/05/29'),
	('user029', 6, 179, '파우더는 식사 대용으로 사용할 수 있나요?', NULL, 'Y', '2023/05/30'),
	('user030', 6, 180, '파우더는 비위가 약한 반려동물도 먹을 수 있나요?', NULL, 'Y', '2023/05/31'),
	('user001', 6, 151, '영양 파우더 토핑은 어떤 성분으로 만들어졌나요?', '천연 성분과 비타민, 미네랄이 풍부하게 함유되어 있습니다.', 'Y', '2023/05/02'),
	('user002', 6, 152, '이 제품은 소화가 잘 되나요?', '유산균이 포함되어 있어 소화 흡수율이 높습니다.', 'Y', '2023/05/03'),
	('user003', 6, 153, '파우더를 얼마나 자주 급여해야 하나요?', '일일 1~2회, 식사에 첨가하여 급여하시면 좋습니다.', 'Y', '2023/05/04'),
	('user004', 6, 154, '고양이도 이 파우더를 먹을 수 있나요?', '고양이에게도 급여 가능한 제품입니다.', 'Y', '2023/05/05'),
	('user005', 6, 155, '파우더를 물에 타서 줄 수 있나요?', '물에 희석하여 급여하셔도 됩니다.', 'Y', '2023/05/06'),
	('user006', 6, 156, '파우더를 어떤 사료에 사용하면 좋은가요?', '건식 사료와 함께 사용하면 효과적입니다.', 'Y', '2023/05/07'),
	('user007', 6, 157, '파우더가 반려동물의 피부와 털에도 도움을 주나요?', '오메가3와 비타민E가 포함되어 피모 관리에 도움을 줍니다.', 'Y', '2023/05/08'),
	('user008', 6, 158, '이 제품은 알러지 유발 가능성이 있나요?', '알러지 반응을 최소화한 원료로 제조되었습니다.', 'Y', '2023/05/09'),
	('user009', 6, 159, '파우더를 얼마나 오래 보관할 수 있나요?', '제조일로부터 12개월 동안 보관 가능합니다.', 'Y', '2023/05/10'),
	('user010', 6, 160, '파우더의 칼로리는 얼마나 되나요?', '1스푼당 약 10kcal입니다.', 'Y', '2023/05/11'),
	('user011', 6, 161, '파우더를 정기적으로 급여해도 문제가 없나요?', '정기적으로 급여해도 안전한 성분으로 만들어졌습니다.', 'Y', '2023/05/12'),
	('user012', 6, 162, '파우더의 주요 효능은 무엇인가요?', '소화 개선, 면역력 강화, 에너지 보충 등이 주요 효능입니다.', 'Y', '2023/05/13'),
	('user013', 6, 163, '파우더를 다른 영양제와 함께 사용해도 되나요?', '다른 영양제와 함께 사용하셔도 무방합니다.', 'Y', '2023/05/14'),
	('user014', 6, 164, '파우더는 어떤 맛이 나나요?', '닭고기 맛으로 반려동물의 기호성을 높였습니다.', 'Y', '2023/05/15'),
	('user015', 6, 165, '파우더를 섭취하면 배변 상태에 변화가 있나요?', '소화 효소가 포함되어 배변 상태를 개선합니다.', 'Y', '2023/05/16'),
	('user016', 6, 166, '파우더는 어떤 크기나 용량으로 제공되나요?', '250g, 500g 포장으로 제공됩니다.', 'Y', '2023/05/17'),
	('user017', 6, 167, '파우더를 냉장 보관해야 하나요?', '서늘한 곳에서 보관하시면 됩니다. 냉장은 필요 없습니다.', 'Y', '2023/05/18'),
	('user018', 6, 168, '파우더는 어떻게 급여하는 것이 좋나요?', '사료 위에 뿌려 급여하거나 물에 희석하여 사용하십시오.', 'Y', '2023/05/19'),
	('user019', 6, 169, '파우더가 반려동물의 입맛에 잘 맞나요?', '기호성을 높이기 위해 반려동물이 좋아하는 맛으로 제조되었습니다.', 'Y', '2023/05/20'),
	('user020', 6, 170, '파우더가 반려동물의 에너지 레벨에도 영향을 주나요?', '에너지 대사를 돕는 비타민B군이 포함되어 있습니다.', 'Y', '2023/05/21'),
	('user021', 6, 171, '파우더의 성분은 안전한가요?', '모든 성분은 식약처 인증을 받은 안전한 원료입니다.', 'Y', '2023/05/22'),
	('user022', 6, 172, '파우더가 체중 조절에도 도움을 주나요?', '저칼로리 제품으로 체중 관리에도 적합합니다.', 'Y', '2023/05/23'),
	('user023', 6, 173, '파우더는 반려동물의 면역력 강화에 도움이 되나요?', '면역력 강화를 위한 비타민C와 베타글루칸이 포함되어 있습니다.', 'Y', '2023/05/24'),
	('user024', 6, 174, '파우더의 포장은 재활용 가능한가요?', '재활용 가능한 친환경 포장을 사용하였습니다.', 'Y', '2023/05/25'),
	('user025', 6, 175, '파우더를 대량 구매할 수 있나요?', '대량 구매 시 할인 혜택을 제공하고 있습니다.', 'Y', '2023/05/26'),
	('user026', 6, 176, '파우더를 물에 희석한 후 급여해도 되나요?', '물에 희석하여 음료처럼 급여하셔도 좋습니다.', 'Y', '2023/05/27'),
	('user027', 6, 177, '파우더가 변질되지 않으려면 어떻게 보관해야 하나요?', '건조하고 서늘한 곳에 보관하시면 변질을 방지할 수 있습니다.', 'Y', '2023/05/28'),
	('user028', 6, 178, '파우더는 성장기 강아지에게도 적합한가요?', '성장기 강아지의 발달을 돕는 성분이 포함되어 있습니다.', 'Y', '2023/05/29'),
	('user029', 6, 179, '파우더는 식사 대용으로 사용할 수 있나요?', '파우더는 간식이나 영양 보충제로 사용을 권장합니다.', 'Y', '2023/05/30'),
	('user030', 6, 180, '파우더는 비위가 약한 반려동물도 먹을 수 있나요?', '자연 유래 성분으로 만들어져 비위가 약한 반려동물도 잘 먹습니다.', 'Y', '2023/05/31'),
	('user001', 7, 181, '물티슈는 어떤 성분으로 만들어졌나요?', NULL, 'Y', '2023/06/01'),
	('user002', 7, 182, '민감한 피부에도 사용할 수 있나요?', NULL, 'Y', '2023/06/02'),
	('user003', 7, 183, '물티슈는 무향인가요?', NULL, 'Y', '2023/06/03'),
	('user004', 7, 184, '한 팩에 몇 장이 들어있나요?', NULL, 'Y', '2023/06/04'),
	('user005', 7, 185, '물티슈는 두껍고 튼튼한가요?', NULL, 'Y', '2023/06/05'),
	('user006', 7, 186, '물티슈를 냉장 보관해야 하나요?', NULL, 'Y', '2023/06/06'),
	('user007', 7, 187, '물티슈의 유통기한은 얼마나 되나요?', NULL, 'Y', '2023/06/07'),
	('user008', 7, 188, '물티슈를 산책 후 발바닥 청소에 사용할 수 있나요?', NULL, 'Y', '2023/06/08'),
	('user009', 7, 189, '물이 너무 적거나 많지는 않나요?', NULL, 'Y', '2023/06/09'),
	('user010', 7, 190, '물티슈를 대량으로 구매할 수 있나요?', NULL, 'Y', '2023/06/10'),
	('user011', 7, 191, '물티슈가 환경에 해롭지 않나요?', NULL, 'Y', '2023/06/11'),
	('user012', 7, 192, '물티슈는 어떤 향이 나나요?', NULL, 'Y', '2023/06/12'),
	('user013', 7, 193, '물티슈를 반려동물의 얼굴에도 사용해도 되나요?', NULL, 'Y', '2023/06/13'),
	('user014', 7, 194, '물티슈는 건조하지 않나요?', NULL, 'Y', '2023/06/14'),
	('user015', 7, 195, '물티슈 사용 후 피부가 끈적거리지는 않나요?', NULL, 'Y', '2023/06/15'),
	('user016', 7, 196, '물티슈의 크기는 어느 정도인가요?', NULL, 'Y', '2023/06/16'),
	('user017', 7, 197, '물티슈는 안전 인증을 받았나요?', NULL, 'Y', '2023/06/17'),
	('user018', 7, 198, '물티슈를 전신 세정에도 사용할 수 있나요?', NULL, 'Y', '2023/06/18'),
	('user019', 7, 199, '물이 금방 증발하지 않나요?', NULL, 'Y', '2023/06/19'),
	('user020', 7, 200, '물티슈는 반려동물이 핥아도 안전한가요?', NULL, 'Y', '2023/06/20'),
	('user021', 7, 201, '물티슈가 알러지를 유발할 가능성이 있나요?', NULL, 'Y', '2023/06/21'),
	('user022', 7, 202, '물티슈의 주요 사용 용도는 무엇인가요?', NULL, 'Y', '2023/06/22'),
	('user023', 7, 203, '물티슈 팩이 잘 찢어지지 않나요?', NULL, 'Y', '2023/06/23'),
	('user024', 7, 204, '물티슈는 대형견에게도 충분한가요?', NULL, 'Y', '2023/06/24'),
	('user025', 7, 205, '물티슈는 매일 사용해도 되나요?', NULL, 'Y', '2023/06/25'),
	('user026', 7, 206, '물티슈를 세탁기에 넣어도 괜찮나요?', NULL, 'Y', '2023/06/26'),
	('user027', 7, 207, '물티슈 포장은 재활용이 가능한가요?', NULL, 'Y', '2023/06/27'),
	('user028', 7, 208, '물티슈는 대량 구매 시 할인되나요?', NULL, 'Y', '2023/06/28'),
	('user029', 7, 209, '물티슈는 장기 보관해도 문제가 없나요?', NULL, 'Y', '2023/06/29'),
	('user030', 7, 210, '물티슈는 어떤 경우에 사용하면 좋은가요?', NULL, 'Y', '2023/06/30'),
	('user001', 7, 181, '물티슈는 어떤 성분으로 만들어졌나요?', '100% 천연 성분으로 만들어져 안전합니다.', 'Y', '2023/06/01'),
	('user002', 7, 182, '민감한 피부에도 사용할 수 있나요?', '무자극 테스트를 통과하여 민감한 피부에도 안전합니다.', 'Y', '2023/06/02'),
	('user003', 7, 183, '물티슈는 무향인가요?', '무향 제품으로, 향에 민감한 반려동물도 사용할 수 있습니다.', 'Y', '2023/06/03'),
	('user004', 7, 184, '한 팩에 몇 장이 들어있나요?', '한 팩에 100장이 들어있습니다.', 'Y', '2023/06/04'),
	('user005', 7, 185, '물티슈는 두껍고 튼튼한가요?', '도톰한 시트지로 제작되어 매우 튼튼합니다.', 'Y', '2023/06/05'),
	('user006', 7, 186, '물티슈를 냉장 보관해야 하나요?', '상온에서 보관하시면 됩니다. 냉장은 필요 없습니다.', 'Y', '2023/06/06'),
	('user007', 7, 187, '물티슈의 유통기한은 얼마나 되나요?', '제조일로부터 2년입니다.', 'Y', '2023/06/07'),
	('user008', 7, 188, '물티슈를 산책 후 발바닥 청소에 사용할 수 있나요?', '산책 후 발바닥 청소에 적합한 제품입니다.', 'Y', '2023/06/08'),
	('user009', 7, 189, '물이 너무 적거나 많지는 않나요?', '적당한 수분감을 유지하도록 설계되었습니다.', 'Y', '2023/06/09'),
	('user010', 7, 190, '물티슈를 대량으로 구매할 수 있나요?', '대량 구매 옵션이 있으며 할인 혜택도 있습니다.', 'Y', '2023/06/10'),
	('user011', 7, 191, '물티슈가 환경에 해롭지 않나요?', '생분해성 소재를 사용하여 환경 친화적입니다.', 'Y', '2023/06/11'),
	('user012', 7, 192, '물티슈는 어떤 향이 나나요?', '천연 성분의 은은한 향이 납니다.', 'Y', '2023/06/12'),
	('user013', 7, 193, '물티슈를 반려동물의 얼굴에도 사용해도 되나요?', '얼굴에도 안전하게 사용할 수 있는 무자극 제품입니다.', 'Y', '2023/06/13'),
	('user014', 7, 194, '물티슈는 건조하지 않나요?', '이중 포장으로 건조를 방지합니다.', 'Y', '2023/06/14'),
	('user015', 7, 195, '물티슈 사용 후 피부가 끈적거리지는 않나요?', '끈적임 없이 깔끔하게 마무리됩니다.', 'Y', '2023/06/15'),
	('user016', 7, 196, '물티슈의 크기는 어느 정도인가요?', '30cm x 20cm의 대형 크기로 제작되었습니다.', 'Y', '2023/06/16'),
	('user017', 7, 197, '물티슈는 안전 인증을 받았나요?', '식약처 인증을 받은 안전한 제품입니다.', 'Y', '2023/06/17'),
	('user018', 7, 198, '물티슈를 전신 세정에도 사용할 수 있나요?', '전신 세정에도 사용 가능한 제품입니다.', 'Y', '2023/06/18'),
	('user019', 7, 199, '물이 금방 증발하지 않나요?', '특수 포장으로 수분 증발을 최소화했습니다.', 'Y', '2023/06/19'),
	('user020', 7, 200, '물티슈는 반려동물이 핥아도 안전한가요?', '천연 성분으로 만들어져 핥아도 안전합니다.', 'Y', '2023/06/20'),
	('user021', 7, 201, '물티슈가 알러지를 유발할 가능성이 있나요?', '알러지 테스트를 통과하여 안전합니다.', 'Y', '2023/06/21'),
	('user022', 7, 202, '물티슈의 주요 사용 용도는 무엇인가요?', '산책 후 발바닥 청소 및 몸 표면 세정에 적합합니다.', 'Y', '2023/06/22'),
	('user023', 7, 203, '물티슈 팩이 잘 찢어지지 않나요?', '내구성이 높은 소재로 제작되어 찢어지지 않습니다.', 'Y', '2023/06/23'),
	('user024', 7, 204, '물티슈는 대형견에게도 충분한가요?', '대형견에게도 적합한 크기와 내구성을 갖추고 있습니다.', 'Y', '2023/06/24'),
	('user025', 7, 205, '물티슈는 매일 사용해도 되나요?', '매일 사용해도 무방한 안전한 제품입니다.', 'Y', '2023/06/25'),
	('user026', 7, 206, '물티슈를 세탁기에 넣어도 괜찮나요?', '세탁기에 넣는 것은 권장하지 않습니다.', 'Y', '2023/06/26'),
	('user027', 7, 207, '물티슈 포장은 재활용이 가능한가요?', '재활용 가능한 소재로 제작되었습니다.', 'Y', '2023/06/27'),
	('user028', 7, 208, '물티슈는 대량 구매 시 할인되나요?', '대량 구매 시 추가 할인 혜택이 있습니다.', 'Y', '2023/06/28'),
	('user029', 7, 209, '물티슈는 장기 보관해도 문제가 없나요?', '적절한 환경에서 장기 보관이 가능합니다.', 'Y', '2023/06/29'),
	('user030', 7, 210, '물티슈는 어떤 경우에 사용하면 좋은가요?', '산책 후, 실내에서의 간단한 청소 등 다양한 상황에 적합합니다.', 'Y', '2023/06/30'),
	('user001', 8, 211, '항균 발바닥 클리너는 어떤 성분으로 만들어졌나요?', NULL, 'Y', '2023/07/01'),
	('user002', 8, 212, '발바닥 이외에도 사용할 수 있나요?', NULL, 'Y', '2023/07/02'),
	('user003', 8, 213, '항균 효과는 얼마나 지속되나요?', NULL, 'Y', '2023/07/03'),
	('user004', 8, 214, '제품 사용 후 헹굼이 필요한가요?', NULL, 'Y', '2023/07/04'),
	('user005', 8, 215, '민감한 피부에도 사용할 수 있나요?', NULL, 'Y', '2023/07/05'),
	('user006', 8, 216, '항균 발바닥 클리너의 유통기한은 얼마나 되나요?', NULL, 'Y', '2023/07/06'),
	('user007', 8, 217, '산책 후 매일 사용해도 되나요?', NULL, 'Y', '2023/07/07'),
	('user008', 8, 218, '이 제품은 반려동물이 핥아도 괜찮나요?', NULL, 'Y', '2023/07/08'),
	('user009', 8, 219, '항균 효과가 검증되었나요?', NULL, 'Y', '2023/07/09'),
	('user010', 8, 220, '발바닥 외에 상처 부위에도 사용해도 되나요?', NULL, 'Y', '2023/07/10'),
	('user011', 8, 221, '클리너의 사용법이 간단한가요?', NULL, 'Y', '2023/07/11'),
	('user012', 8, 222, '이 제품은 반려묘에게도 사용 가능한가요?', NULL, 'Y', '2023/07/12'),
	('user013', 8, 223, '제품이 알러지를 유발하지는 않나요?', NULL, 'Y', '2023/07/13'),
	('user014', 8, 224, '클리너를 물티슈 대신 사용할 수 있나요?', NULL, 'Y', '2023/07/14'),
	('user015', 8, 225, '발바닥이 너무 건조해지지는 않나요?', NULL, 'Y', '2023/07/15'),
	('user016', 8, 226, '사용 후 잔여물이 남지는 않나요?', NULL, 'Y', '2023/07/16'),
	('user017', 8, 227, '제품의 항균 성분은 안전한가요?', NULL, 'Y', '2023/07/17'),
	('user018', 8, 228, '반려동물이 제품을 싫어하지 않나요?', NULL, 'Y', '2023/07/18'),
	('user019', 8, 229, '제품을 사용한 후 발바닥이 미끄러워지지는 않나요?', NULL, 'Y', '2023/07/19'),
	('user020', 8, 230, '제품을 분사 후 바로 닦아내야 하나요?', NULL, 'Y', '2023/07/20'),
	('user021', 8, 231, '제품은 어떤 향이 나나요?', NULL, 'Y', '2023/07/21'),
	('user022', 8, 232, '제품의 보관 방법은 무엇인가요?', NULL, 'Y', '2023/07/22'),
	('user023', 8, 233, '항균 발바닥 클리너는 몇 ml 용량인가요?', NULL, 'Y', '2023/07/23'),
	('user024', 8, 234, '제품은 대형견에게도 충분한가요?', NULL, 'Y', '2023/07/24'),
	('user025', 8, 235, '클리너 사용 후 보습제를 발라야 하나요?', NULL, 'Y', '2023/07/25'),
	('user026', 8, 236, '제품의 포장은 재활용이 가능한가요?', NULL, 'Y', '2023/07/26'),
	('user027', 8, 237, '항균 발바닥 클리너를 대량 구매할 수 있나요?', NULL, 'Y', '2023/07/27'),
	('user028', 8, 238, '제품을 사용해도 발바닥이 거칠어지지는 않나요?', NULL, 'Y', '2023/07/28'),
	('user029', 8, 239, '제품을 세척 이외의 목적으로도 사용할 수 있나요?', NULL, 'Y', '2023/07/29'),
	('user030', 8, 240, '제품 사용 후 반려동물이 발을 핥으면 문제가 되나요?', NULL, 'Y', '2023/07/30'),
	('user001', 8, 211, '항균 발바닥 클리너는 어떤 성분으로 만들어졌나요?', '99.9% 항균 성분과 천연 추출물로 구성되어 있습니다.', 'Y', '2023/07/01'),
	('user002', 8, 212, '발바닥 이외에도 사용할 수 있나요?', '발바닥 외에 배나 다리 등에도 안전하게 사용할 수 있습니다.', 'Y', '2023/07/02'),
	('user003', 8, 213, '항균 효과는 얼마나 지속되나요?', '사용 후 최대 12시간 동안 항균 효과가 유지됩니다.', 'Y', '2023/07/03'),
	('user004', 8, 214, '제품 사용 후 헹굼이 필요한가요?', '헹굼이 필요 없는 간편한 사용법입니다.', 'Y', '2023/07/04'),
	('user005', 8, 215, '민감한 피부에도 사용할 수 있나요?', '저자극 테스트를 통과해 민감한 피부에도 적합합니다.', 'Y', '2023/07/05'),
	('user006', 8, 216, '항균 발바닥 클리너의 유통기한은 얼마나 되나요?', '제조일로부터 24개월입니다.', 'Y', '2023/07/06'),
	('user007', 8, 217, '산책 후 매일 사용해도 되나요?', '매일 사용해도 무방하며 안전한 성분으로 만들어졌습니다.', 'Y', '2023/07/07'),
	('user008', 8, 218, '이 제품은 반려동물이 핥아도 괜찮나요?', '천연 성분으로 만들어져 핥아도 안전합니다.', 'Y', '2023/07/08'),
	('user009', 8, 219, '항균 효과가 검증되었나요?', '공인된 실험기관에서 항균 효과가 검증되었습니다.', 'Y', '2023/07/09'),
	('user010', 8, 220, '발바닥 외에 상처 부위에도 사용해도 되나요?', '상처 부위 사용은 피하시길 권장합니다.', 'Y', '2023/07/10'),
	('user011', 8, 221, '클리너의 사용법이 간단한가요?', '분사 후 닦아내기만 하면 되는 간단한 사용법입니다.', 'Y', '2023/07/11'),
	('user012', 8, 222, '이 제품은 반려묘에게도 사용 가능한가요?', '반려묘에게도 안전하게 사용할 수 있습니다.', 'Y', '2023/07/12'),
	('user013', 8, 223, '제품이 알러지를 유발하지는 않나요?', '알러지 유발 성분이 포함되어 있지 않습니다.', 'Y', '2023/07/13'),
	('user014', 8, 224, '클리너를 물티슈 대신 사용할 수 있나요?', '물티슈 대용으로도 충분히 사용할 수 있습니다.', 'Y', '2023/07/14'),
	('user015', 8, 225, '발바닥이 너무 건조해지지는 않나요?', '보습 성분이 포함되어 있어 건조하지 않습니다.', 'Y', '2023/07/15'),
	('user016', 8, 226, '사용 후 잔여물이 남지는 않나요?', '잔여물이 남지 않아 사용 후 바로 산책 가능합니다.', 'Y', '2023/07/16'),
	('user017', 8, 227, '제품의 항균 성분은 안전한가요?', '반려동물 전용으로 설계된 안전한 항균 성분입니다.', 'Y', '2023/07/17'),
	('user018', 8, 228, '반려동물이 제품을 싫어하지 않나요?', '자극 없는 성분으로 대부분의 반려동물이 거부감 없이 사용합니다.', 'Y', '2023/07/18'),
	('user019', 8, 229, '제품을 사용한 후 발바닥이 미끄러워지지는 않나요?', '미끄럼 방지 효과가 있어 안전합니다.', 'Y', '2023/07/19'),
	('user020', 8, 230, '제품을 분사 후 바로 닦아내야 하나요?', '분사 후 1분 정도 후 닦아내시면 효과적입니다.', 'Y', '2023/07/20'),
	('user021', 8, 231, '제품은 어떤 향이 나나요?', '천연 허브 향이 은은하게 납니다.', 'Y', '2023/07/21'),
	('user022', 8, 232, '제품의 보관 방법은 무엇인가요?', '직사광선을 피하고 서늘한 곳에 보관하세요.', 'Y', '2023/07/22'),
	('user023', 8, 233, '항균 발바닥 클리너는 몇 ml 용량인가요?', '300ml 용량으로 제공됩니다.', 'Y', '2023/07/23'),
	('user024', 8, 234, '제품은 대형견에게도 충분한가요?', '대형견에게도 충분한 사용량을 제공합니다.', 'Y', '2023/07/24'),
	('user025', 8, 235, '클리너 사용 후 보습제를 발라야 하나요?', '추가 보습제가 필요하지 않습니다.', 'Y', '2023/07/25'),
	('user026', 8, 236, '제품의 포장은 재활용이 가능한가요?', '재활용 가능한 친환경 포장을 사용했습니다.', 'Y', '2023/07/26'),
	('user027', 8, 237, '항균 발바닥 클리너를 대량 구매할 수 있나요?', '대량 구매 시 할인 혜택이 적용됩니다.', 'Y', '2023/07/27'),
	('user028', 8, 238, '제품을 사용해도 발바닥이 거칠어지지는 않나요?', '보습 성분이 발바닥을 부드럽게 유지시켜줍니다.', 'Y', '2023/07/28'),
	('user029', 8, 239, '제품을 세척 이외의 목적으로도 사용할 수 있나요?', '세정 용도로 사용하는 것을 권장드립니다.', 'Y', '2023/07/29'),
	('user030', 8, 240, '제품 사용 후 반려동물이 발을 핥으면 문제가 되나요?', '천연 성분으로 핥아도 안전합니다.', 'Y', '2023/07/30'),
	('user001', 9, 241, '귀 세정제는 어떤 성분으로 만들어졌나요?', NULL, 'Y', '2023/08/01'),
	('user002', 9, 242, '귀 세정제를 강아지에게 매일 사용해도 되나요?', NULL, 'Y', '2023/08/02'),
	('user003', 9, 243, '이 제품은 알러지 유발 가능성이 있나요?', NULL, 'Y', '2023/08/03'),
	('user004', 9, 244, '귀지 제거 효과는 얼마나 좋은가요?', NULL, 'Y', '2023/08/04'),
	('user005', 9, 245, '귀 세정제를 사용 후 헹궈야 하나요?', NULL, 'Y', '2023/08/05'),
	('user006', 9, 246, '민감한 귀에도 사용할 수 있나요?', NULL, 'Y', '2023/08/06'),
	('user007', 9, 247, '제품은 강한 냄새가 나지 않나요?', NULL, 'Y', '2023/08/07'),
	('user008', 9, 248, '귀 세정제를 고양이에게도 사용할 수 있나요?', NULL, 'Y', '2023/08/08'),
	('user009', 9, 249, '사용 후 귀에 자극이 있지는 않나요?', NULL, 'Y', '2023/08/09'),
	('user010', 9, 250, '귀 세정제의 사용법이 복잡하지 않나요?', NULL, 'Y', '2023/08/10'),
	('user011', 9, 251, '제품 사용 후 귀 상태가 많이 좋아질까요?', NULL, 'Y', '2023/08/11'),
	('user012', 9, 252, '귀 세정제의 유통기한은 얼마나 되나요?', NULL, 'Y', '2023/08/12'),
	('user013', 9, 253, '귀를 닦는 과정에서 반려동물이 불편해하지 않나요?', NULL, 'Y', '2023/08/13'),
	('user014', 9, 254, '제품은 자극적인 화학 성분이 포함되어 있지 않나요?', NULL, 'Y', '2023/08/14'),
	('user015', 9, 255, '귀 세정제를 얼마나 자주 사용해야 하나요?', NULL, 'Y', '2023/08/15'),
	('user016', 9, 256, '귀 세정제를 사용하면 귀냄새가 없어질까요?', NULL, 'Y', '2023/08/16'),
	('user017', 9, 257, '귀 세정제는 어디에 보관해야 하나요?', NULL, 'Y', '2023/08/17'),
	('user018', 9, 258, '제품 사용 후 귀를 얼마나 건조시켜야 하나요?', NULL, 'Y', '2023/08/18'),
	('user019', 9, 259, '귀 세정제를 반려동물이 삼키면 괜찮을까요?', NULL, 'Y', '2023/08/19'),
	('user020', 9, 260, '귀 세정제를 대량으로 구매할 수 있나요?', NULL, 'Y', '2023/08/20'),
	('user021', 9, 261, '귀 세정제가 진드기 예방에도 도움이 되나요?', NULL, 'Y', '2023/08/21'),
	('user022', 9, 262, '제품 사용 후 귀가 끈적거리지는 않나요?', NULL, 'Y', '2023/08/22'),
	('user023', 9, 263, '귀 세정제는 냉장 보관해야 하나요?', NULL, 'Y', '2023/08/23'),
	('user024', 9, 264, '귀 세정제를 다른 반려동물용 제품과 함께 사용해도 되나요?', NULL, 'Y', '2023/08/24'),
	('user025', 9, 265, '귀 세정제를 사용한 후 추가적인 치료가 필요한가요?', NULL, 'Y', '2023/08/25'),
	('user026', 9, 266, '귀 세정제는 어떠한 피부 타입에도 적합한가요?', NULL, 'Y', '2023/08/26'),
	('user027', 9, 267, '귀 세정제의 향이 너무 강하지 않나요?', NULL, 'Y', '2023/08/27'),
	('user028', 9, 268, '귀 세정제를 얼마나 오래 사용할 수 있나요?', NULL, 'Y', '2023/08/28'),
	('user029', 9, 269, '귀 세정제를 정기적으로 사용하면 부작용이 있나요?', NULL, 'Y', '2023/08/29'),
	('user030', 9, 270, '귀 세정제를 사용하면 귀지 외에 다른 오염도 제거되나요?', NULL, 'Y', '2023/08/30'),
	('user001', 9, 241, '귀 세정제는 어떤 성분으로 만들어졌나요?', '천연 성분과 피부 보호제를 함유하고 있어 안전합니다.', 'Y', '2023/08/01'),
	('user002', 9, 242, '귀 세정제를 강아지에게 매일 사용해도 되나요?', '필요시 매일 사용해도 무방하지만, 주 1-2회 사용을 권장합니다.', 'Y', '2023/08/02'),
	('user003', 9, 243, '이 제품은 알러지 유발 가능성이 있나요?', '알러지 유발 가능성이 낮은 성분만을 사용했습니다.', 'Y', '2023/08/03'),
	('user004', 9, 244, '귀지 제거 효과는 얼마나 좋은가요?', '부드럽게 귀지를 녹여 효과적으로 제거합니다.', 'Y', '2023/08/04'),
	('user005', 9, 245, '귀 세정제를 사용 후 헹궈야 하나요?', '헹굼이 필요 없는 제품입니다.', 'Y', '2023/08/05'),
	('user006', 9, 246, '민감한 귀에도 사용할 수 있나요?', '저자극 포뮬러로 민감한 귀에도 안전합니다.', 'Y', '2023/08/06'),
	('user007', 9, 247, '제품은 강한 냄새가 나지 않나요?', '은은한 허브 향으로 반려동물이 거부감을 느끼지 않습니다.', 'Y', '2023/08/07'),
	('user008', 9, 248, '귀 세정제를 고양이에게도 사용할 수 있나요?', '고양이에게도 사용 가능한 안전한 제품입니다.', 'Y', '2023/08/08'),
	('user009', 9, 249, '사용 후 귀에 자극이 있지는 않나요?', '피부 진정 성분이 포함되어 자극을 최소화합니다.', 'Y', '2023/08/09'),
	('user010', 9, 250, '귀 세정제의 사용법이 복잡하지 않나요?', '귀에 몇 방울을 떨어뜨린 후 닦아내는 간단한 사용법입니다.', 'Y', '2023/08/10'),
	('user011', 9, 251, '제품 사용 후 귀 상태가 많이 좋아질까요?', '정기적으로 사용 시 귀 상태가 눈에 띄게 개선됩니다.', 'Y', '2023/08/11'),
	('user012', 9, 252, '귀 세정제의 유통기한은 얼마나 되나요?', '제조일로부터 18개월입니다.', 'Y', '2023/08/12'),
	('user013', 9, 253, '귀를 닦는 과정에서 반려동물이 불편해하지 않나요?', '사용감이 부드러워 반려동물의 불편함을 최소화했습니다.', 'Y', '2023/08/13'),
	('user014', 9, 254, '제품은 자극적인 화학 성분이 포함되어 있지 않나요?', '자극적인 화학 성분은 포함되어 있지 않습니다.', 'Y', '2023/08/14'),
	('user015', 9, 255, '귀 세정제를 얼마나 자주 사용해야 하나요?', '귀 상태에 따라 주 1-2회 사용을 권장합니다.', 'Y', '2023/08/15'),
	('user016', 9, 256, '귀 세정제를 사용하면 귀냄새가 없어질까요?', '냄새의 원인을 제거하여 귀냄새를 완화합니다.', 'Y', '2023/08/16'),
	('user017', 9, 257, '귀 세정제는 어디에 보관해야 하나요?', '서늘하고 건조한 곳에 보관하십시오.', 'Y', '2023/08/17'),
	('user018', 9, 258, '제품 사용 후 귀를 얼마나 건조시켜야 하나요?', '사용 후 1-2분 정도 충분히 건조시켜 주세요.', 'Y', '2023/08/18'),
	('user019', 9, 259, '귀 세정제를 반려동물이 삼키면 괜찮을까요?', '천연 성분으로 만들어져 삼켜도 안전하지만, 가급적 피해주세요.', 'Y', '2023/08/19'),
	('user020', 9, 260, '귀 세정제를 대량으로 구매할 수 있나요?', '대량 구매 시 할인 혜택을 제공합니다.', 'Y', '2023/08/20'),
	('user021', 9, 261, '귀 세정제가 진드기 예방에도 도움이 되나요?', '진드기 예방 효과가 있는 성분이 포함되어 있습니다.', 'Y', '2023/08/21'),
	('user022', 9, 262, '제품 사용 후 귀가 끈적거리지는 않나요?', '끈적임 없이 깔끔한 마무리를 제공합니다.', 'Y', '2023/08/22'),
	('user023', 9, 263, '귀 세정제는 냉장 보관해야 하나요?', '냉장 보관이 필요하지 않습니다.', 'Y', '2023/08/23'),
	('user024', 9, 264, '귀 세정제를 다른 반려동물용 제품과 함께 사용해도 되나요?', '다른 제품과 함께 사용하셔도 무방합니다.', 'Y', '2023/08/24'),
	('user025', 9, 265, '귀 세정제를 사용한 후 추가적인 치료가 필요한가요?', '가벼운 귀 세정에는 추가 치료가 필요하지 않습니다.', 'Y', '2023/08/25'),
	('user026', 9, 266, '귀 세정제는 어떠한 피부 타입에도 적합한가요?', '모든 피부 타입에 적합하도록 설계되었습니다.', 'Y', '2023/08/26'),
	('user027', 9, 267, '귀 세정제의 향이 너무 강하지 않나요?', '은은한 향으로 반려동물이 거부감을 느끼지 않습니다.', 'Y', '2023/08/27'),
	('user028', 9, 268, '귀 세정제를 얼마나 오래 사용할 수 있나요?', '사용량에 따라 다르지만, 1병으로 1~2개월 사용 가능합니다.', 'Y', '2023/08/28'),
	('user029', 9, 269, '귀 세정제를 정기적으로 사용하면 부작용이 있나요?', '안전한 성분으로 정기 사용해도 부작용이 없습니다.', 'Y', '2023/08/29'),
	('user030', 9, 270, '귀 세정제를 사용하면 귀지 외에 다른 오염도 제거되나요?', '먼지와 기타 오염물도 효과적으로 제거합니다.', 'Y', '2023/08/30'),
	('user001', 10, 271, '구강 청결 스프레이는 어떤 성분으로 만들어졌나요?', NULL, 'Y', '2023/09/01'),
	('user002', 10, 272, '스프레이는 반려동물이 삼켜도 안전한가요?', NULL, 'Y', '2023/09/02'),
	('user003', 10, 273, '스프레이 사용 후 물로 헹궈야 하나요?', NULL, 'Y', '2023/09/03'),
	('user004', 10, 274, '스프레이를 얼마나 자주 사용할 수 있나요?', NULL, 'Y', '2023/09/04'),
	('user005', 10, 275, '스프레이를 사용하면 치석 제거에 도움이 되나요?', NULL, 'Y', '2023/09/05'),
	('user006', 10, 276, '구강 청결 스프레이는 어떤 맛이 나나요?', NULL, 'Y', '2023/09/06'),
	('user007', 10, 277, '스프레이가 반려동물의 입냄새를 줄여주나요?', NULL, 'Y', '2023/09/07'),
	('user008', 10, 278, '스프레이는 어떤 나이에 적합한가요?', NULL, 'Y', '2023/09/08'),
	('user009', 10, 279, '스프레이를 사용하면 반려동물이 거부감을 느끼지 않나요?', NULL, 'Y', '2023/09/09'),
	('user010', 10, 280, '스프레이는 치아 건강에 실제로 효과가 있나요?', NULL, 'Y', '2023/09/10'),
	('user011', 10, 281, '구강 청결 스프레이를 냉장 보관해야 하나요?', NULL, 'Y', '2023/09/11'),
	('user012', 10, 282, '스프레이는 하루 몇 번 사용할 수 있나요?', NULL, 'Y', '2023/09/12'),
	('user013', 10, 283, '스프레이는 반려묘에게도 사용 가능한가요?', NULL, 'Y', '2023/09/13'),
	('user014', 10, 284, '구강 청결 스프레이는 유통기한이 얼마나 되나요?', NULL, 'Y', '2023/09/14'),
	('user015', 10, 285, '스프레이가 반려동물의 잇몸 건강에도 좋나요?', NULL, 'Y', '2023/09/15'),
	('user016', 10, 286, '스프레이는 사용 후 입이 끈적거리지는 않나요?', NULL, 'Y', '2023/09/16'),
	('user017', 10, 287, '스프레이는 식사 전후에 사용해도 되나요?', NULL, 'Y', '2023/09/17'),
	('user018', 10, 288, '스프레이 사용 후 물을 마셔도 되나요?', NULL, 'Y', '2023/09/18'),
	('user019', 10, 289, '스프레이가 어떤 향을 가지고 있나요?', NULL, 'Y', '2023/09/19'),
	('user020', 10, 290, '스프레이를 대량 구매할 수 있나요?', NULL, 'Y', '2023/09/20'),
	('user021', 10, 291, '구강 청결 스프레이는 치과 치료를 대체할 수 있나요?', NULL, 'Y', '2023/09/21'),
	('user022', 10, 292, '스프레이 사용 후 음식 맛에 영향을 주지 않나요?', NULL, 'Y', '2023/09/22'),
	('user023', 10, 293, '스프레이는 알러지를 유발하지 않나요?', NULL, 'Y', '2023/09/23'),
	('user024', 10, 294, '스프레이가 치석 예방에 효과가 있나요?', NULL, 'Y', '2023/09/24'),
	('user025', 10, 295, '구강 청결 스프레이를 사용해도 치과 방문이 필요할까요?', NULL, 'Y', '2023/09/25'),
	('user026', 10, 296, '스프레이의 성분은 인증받았나요?', NULL, 'Y', '2023/09/26'),
	('user027', 10, 297, '스프레이는 어떤 크기나 용량으로 제공되나요?', NULL, 'Y', '2023/09/27'),
	('user028', 10, 298, '스프레이를 정기적으로 사용해도 부작용이 없나요?', NULL, 'Y', '2023/09/28'),
	('user029', 10, 299, '스프레이를 반려동물이 싫어하지 않나요?', NULL, 'Y', '2023/09/29'),
	('user030', 10, 300, '구강 청결 스프레이는 반려동물의 입안 균형을 유지하나요?', NULL, 'Y', '2023/09/30'),
	('user001', 10, 271, '구강 청결 스프레이는 어떤 성분으로 만들어졌나요?', '천연 허브와 구강 건강에 좋은 성분으로 만들어졌습니다.', 'Y', '2023/09/01'),
	('user002', 10, 272, '스프레이는 반려동물이 삼켜도 안전한가요?', '삼켜도 안전한 성분으로 설계되었습니다.', 'Y', '2023/09/02'),
	('user003', 10, 273, '스프레이 사용 후 물로 헹궈야 하나요?', '헹굼이 필요 없는 제품입니다.', 'Y', '2023/09/03'),
	('user004', 10, 274, '스프레이를 얼마나 자주 사용할 수 있나요?', '하루 2~3회 사용을 권장합니다.', 'Y', '2023/09/04'),
	('user005', 10, 275, '스프레이를 사용하면 치석 제거에 도움이 되나요?', '치석 예방 효과가 있습니다.', 'Y', '2023/09/05'),
	('user006', 10, 276, '구강 청결 스프레이는 어떤 맛이 나나요?', '상쾌한 민트 맛으로 반려동물이 거부감을 느끼지 않습니다.', 'Y', '2023/09/06'),
	('user007', 10, 277, '스프레이가 반려동물의 입냄새를 줄여주나요?', '입냄새를 효과적으로 제거합니다.', 'Y', '2023/09/07'),
	('user008', 10, 278, '스프레이는 어떤 나이에 적합한가요?', '생후 6개월 이상부터 사용 가능합니다.', 'Y', '2023/09/08'),
	('user009', 10, 279, '스프레이를 사용하면 반려동물이 거부감을 느끼지 않나요?', '사용감이 부드러워 대부분의 반려동물이 잘 받아들입니다.', 'Y', '2023/09/09'),
	('user010', 10, 280, '스프레이는 치아 건강에 실제로 효과가 있나요?', '정기적으로 사용하면 치아 건강 유지에 도움을 줍니다.', 'Y', '2023/09/10'),
	('user011', 10, 281, '구강 청결 스프레이를 냉장 보관해야 하나요?', '상온에서 보관 가능합니다. 냉장은 필요 없습니다.', 'Y', '2023/09/11'),
	('user012', 10, 282, '스프레이는 하루 몇 번 사용할 수 있나요?', '최대 하루 3회까지 사용 가능합니다.', 'Y', '2023/09/12'),
	('user013', 10, 283, '스프레이는 반려묘에게도 사용 가능한가요?', '반려묘에게도 안전하게 사용할 수 있습니다.', 'Y', '2023/09/13'),
	('user014', 10, 284, '구강 청결 스프레이는 유통기한이 얼마나 되나요?', '제조일로부터 2년입니다.', 'Y', '2023/09/14'),
	('user015', 10, 285, '스프레이가 반려동물의 잇몸 건강에도 좋나요?', '잇몸 건강에 도움을 주는 성분이 포함되어 있습니다.', 'Y', '2023/09/15'),
	('user016', 10, 286, '스프레이는 사용 후 입이 끈적거리지는 않나요?', '끈적임 없이 상쾌함을 제공합니다.', 'Y', '2023/09/16'),
	('user017', 10, 287, '스프레이는 식사 전후에 사용해도 되나요?', '식사 전후 모두 사용 가능합니다.', 'Y', '2023/09/17'),
	('user018', 10, 288, '스프레이 사용 후 물을 마셔도 되나요?', '사용 후 바로 물을 마셔도 문제가 없습니다.', 'Y', '2023/09/18'),
	('user019', 10, 289, '스프레이가 어떤 향을 가지고 있나요?', '상쾌한 민트 향으로 구강 청결을 유지합니다.', 'Y', '2023/09/19'),
	('user020', 10, 290, '스프레이를 대량 구매할 수 있나요?', '대량 구매 시 할인 혜택을 제공합니다.', 'Y', '2023/09/20'),
	('user021', 10, 291, '구강 청결 스프레이는 치과 치료를 대체할 수 있나요?', '치과 치료를 대체할 수는 없지만 예방 효과는 뛰어납니다.', 'Y', '2023/09/21'),
	('user022', 10, 292, '스프레이 사용 후 음식 맛에 영향을 주지 않나요?', '음식 맛에 영향을 주지 않습니다.', 'Y', '2023/09/22'),
	('user023', 10, 293, '스프레이는 알러지를 유발하지 않나요?', '알러지 유발 가능성이 낮은 성분으로 만들어졌습니다.', 'Y', '2023/09/23'),
	('user024', 10, 294, '스프레이가 치석 예방에 효과가 있나요?', '정기적으로 사용하면 치석 예방에 도움을 줍니다.', 'Y', '2023/09/24'),
	('user025', 10, 295, '구강 청결 스프레이를 사용해도 치과 방문이 필요할까요?', '정기적인 치과 검진은 여전히 필요합니다.', 'Y', '2023/09/25'),
	('user026', 10, 296, '스프레이의 성분은 인증받았나요?', '모든 성분이 식약처 인증을 받았습니다.', 'Y', '2023/09/26'),
	('user027', 10, 297, '스프레이는 어떤 크기나 용량으로 제공되나요?', '120ml 용량으로 제공됩니다.', 'Y', '2023/09/27'),
	('user028', 10, 298, '스프레이를 정기적으로 사용해도 부작용이 없나요?', '안전한 성분으로 부작용 없이 사용할 수 있습니다.', 'Y', '2023/09/28'),
	('user029', 10, 299, '스프레이를 반려동물이 싫어하지 않나요?', '사용 후 거부 반응이 거의 없습니다.', 'Y', '2023/09/29'),
	('user030', 10, 300, '구강 청결 스프레이는 반려동물의 입안 균형을 유지하나요?', '입안의 건강한 균형을 유지하는 데 도움을 줍니다.', 'Y', '2023/09/30'),
	('user001', 11, 301, '배변패드는 어떤 재질로 만들어졌나요?', NULL, 'Y', '2023/10/01'),
	('user002', 11, 302, '배변패드의 흡수력은 어느 정도인가요?', NULL, 'Y', '2023/10/02'),
	('user003', 11, 303, '패드에서 냄새가 많이 나지 않나요?', NULL, 'Y', '2023/10/03'),
	('user004', 11, 304, '배변패드는 몇 시간 동안 사용할 수 있나요?', NULL, 'Y', '2023/10/04'),
	('user005', 11, 305, '대형견도 사용할 수 있나요?', NULL, 'Y', '2023/10/05'),
	('user006', 11, 306, '배변패드의 크기는 어느 정도인가요?', NULL, 'Y', '2023/10/06'),
	('user007', 11, 307, '패드를 세탁해서 재사용할 수 있나요?', NULL, 'Y', '2023/10/07'),
	('user008', 11, 308, '패드가 잘 찢어지지 않나요?', NULL, 'Y', '2023/10/08'),
	('user009', 11, 309, '배변패드가 바닥에 잘 고정되나요?', NULL, 'Y', '2023/10/09'),
	('user010', 11, 310, '배변패드 사용 후 처리 방법은 어떻게 되나요?', NULL, 'Y', '2023/10/10'),
	('user011', 11, 311, '패드는 알러지를 유발하지 않나요?', NULL, 'Y', '2023/10/11'),
	('user012', 11, 312, '패드의 유통기한이 있나요?', NULL, 'Y', '2023/10/12'),
	('user013', 11, 313, '배변패드의 방수 기능은 얼마나 효과적인가요?', NULL, 'Y', '2023/10/13'),
	('user014', 11, 314, '배변패드를 고정할 수 있는 추가 도구가 필요한가요?', NULL, 'Y', '2023/10/14'),
	('user015', 11, 315, '패드를 반려묘에게도 사용할 수 있나요?', NULL, 'Y', '2023/10/15'),
	('user016', 11, 316, '패드는 얼마나 자주 교체해야 하나요?', NULL, 'Y', '2023/10/16'),
	('user017', 11, 317, '패드는 냄새를 얼마나 잘 잡아주나요?', NULL, 'Y', '2023/10/17'),
	('user018', 11, 318, '대량 구매할 수 있나요?', NULL, 'Y', '2023/10/18'),
	('user019', 11, 319, '패드의 디자인이 반려동물에게 친근한가요?', NULL, 'Y', '2023/10/19'),
	('user020', 11, 320, '배변패드의 방수 기능은 어떤가요?', NULL, 'Y', '2023/10/20'),
	('user021', 11, 321, '패드의 크기를 다른 크기로도 구매할 수 있나요?', NULL, 'Y', '2023/10/21'),
	('user022', 11, 322, '패드에서 사용하는 소재는 안전한가요?', NULL, 'Y', '2023/10/22'),
	('user023', 11, 323, '패드가 바닥에 밀리지 않게 설계되었나요?', NULL, 'Y', '2023/10/23'),
	('user024', 11, 324, '패드의 흡수량은 어느 정도인가요?', NULL, 'Y', '2023/10/24'),
	('user025', 11, 325, '패드의 두께가 어느 정도인가요?', NULL, 'Y', '2023/10/25'),
	('user026', 11, 326, '패드를 사용한 후 냄새가 나지 않게 하려면 어떻게 해야 하나요?', NULL, 'Y', '2023/10/26'),
	('user027', 11, 327, '패드의 포장은 환경 친화적인가요?', NULL, 'Y', '2023/10/27'),
	('user028', 11, 328, '패드는 야외에서도 사용할 수 있나요?', NULL, 'Y', '2023/10/28'),
	('user029', 11, 329, '배변패드를 다른 용도로 사용할 수 있나요?', NULL, 'Y', '2023/10/29'),
	('user030', 11, 330, '패드 사용 후 어떻게 처리하면 좋은가요?', NULL, 'Y', '2023/10/30'),
	('user001', 11, 301, '배변패드는 어떤 재질로 만들어졌나요?', '고흡수성 폴리머와 방수 기능이 있는 하단 시트를 사용했습니다.', 'Y', '2023/10/01'),
	('user002', 11, 302, '배변패드의 흡수력은 어느 정도인가요?', '300ml 이상의 액체를 빠르게 흡수합니다.', 'Y', '2023/10/02'),
	('user003', 11, 303, '패드에서 냄새가 많이 나지 않나요?', '탈취 효과가 있어 냄새를 효과적으로 잡아줍니다.', 'Y', '2023/10/03'),
	('user004', 11, 304, '배변패드는 몇 시간 동안 사용할 수 있나요?', '최대 12시간 동안 사용할 수 있습니다.', 'Y', '2023/10/04'),
	('user005', 11, 305, '대형견도 사용할 수 있나요?', '대형견에게도 충분한 크기와 흡수력을 제공합니다.', 'Y', '2023/10/05'),
	('user006', 11, 306, '배변패드의 크기는 어느 정도인가요?', '대형 사이즈로 90cm x 60cm입니다.', 'Y', '2023/10/06'),
	('user007', 11, 307, '패드를 세탁해서 재사용할 수 있나요?', '일회용 제품으로 재사용은 권장하지 않습니다.', 'Y', '2023/10/07'),
	('user008', 11, 308, '패드가 잘 찢어지지 않나요?', '강화된 시트를 사용하여 잘 찢어지지 않습니다.', 'Y', '2023/10/08'),
	('user009', 11, 309, '배변패드가 바닥에 잘 고정되나요?', '미끄럼 방지 처리가 되어 있어 바닥에 잘 고정됩니다.', 'Y', '2023/10/09'),
	('user010', 11, 310, '배변패드 사용 후 처리 방법은 어떻게 되나요?', '일반 쓰레기로 버리시면 됩니다.', 'Y', '2023/10/10'),
	('user011', 11, 311, '패드는 알러지를 유발하지 않나요?', '무독성 소재로 알러지 유발 가능성이 낮습니다.', 'Y', '2023/10/11'),
	('user012', 11, 312, '패드의 유통기한이 있나요?', '유통기한은 제조일로부터 3년입니다.', 'Y', '2023/10/12'),
	('user013', 11, 313, '배변패드의 방수 기능은 얼마나 효과적인가요?', '액체가 바닥으로 새지 않도록 100% 방수 처리되었습니다.', 'Y', '2023/10/13'),
	('user014', 11, 314, '배변패드를 고정할 수 있는 추가 도구가 필요한가요?', '별도의 도구 없이도 바닥에 잘 고정됩니다.', 'Y', '2023/10/14'),
	('user015', 11, 315, '패드를 반려묘에게도 사용할 수 있나요?', '반려묘의 화장실용으로도 사용 가능합니다.', 'Y', '2023/10/15'),
	('user016', 11, 316, '패드는 얼마나 자주 교체해야 하나요?', '배변 후 즉시 교체를 권장합니다.', 'Y', '2023/10/16'),
	('user017', 11, 317, '패드는 냄새를 얼마나 잘 잡아주나요?', '활성탄 층이 냄새를 효과적으로 차단합니다.', 'Y', '2023/10/17'),
	('user018', 11, 318, '대량 구매할 수 있나요?', '대량 구매 시 추가 할인 혜택이 있습니다.', 'Y', '2023/10/18'),
	('user019', 11, 319, '패드의 디자인이 반려동물에게 친근한가요?', '반려동물이 거부감 없이 사용할 수 있도록 제작되었습니다.', 'Y', '2023/10/19'),
	('user020', 11, 320, '배변패드의 방수 기능은 어떤가요?', '이중 방수 처리로 바닥 보호에 탁월합니다.', 'Y', '2023/10/20'),
	('user021', 11, 321, '패드의 크기를 다른 크기로도 구매할 수 있나요?', '다양한 크기로 제공됩니다.', 'Y', '2023/10/21'),
	('user022', 11, 322, '패드에서 사용하는 소재는 안전한가요?', '식약처 인증을 받은 안전한 소재를 사용합니다.', 'Y', '2023/10/22'),
	('user023', 11, 323, '패드가 바닥에 밀리지 않게 설계되었나요?', '미끄럼 방지 기술로 바닥에 밀리지 않습니다.', 'Y', '2023/10/23'),
	('user024', 11, 324, '패드의 흡수량은 어느 정도인가요?', '대형견 소변 2~3회 분량을 흡수할 수 있습니다.', 'Y', '2023/10/24'),
	('user025', 11, 325, '패드의 두께가 어느 정도인가요?', '두께는 약 5mm로, 충분한 흡수층을 가지고 있습니다.', 'Y', '2023/10/25'),
	('user026', 11, 326, '패드를 사용한 후 냄새가 나지 않게 하려면 어떻게 해야 하나요?', '탈취 스프레이와 함께 사용하시면 효과적입니다.', 'Y', '2023/10/26'),
	('user027', 11, 327, '패드의 포장은 환경 친화적인가요?', '친환경 포장재를 사용하여 재활용이 가능합니다.', 'Y', '2023/10/27'),
	('user028', 11, 328, '패드는 야외에서도 사용할 수 있나요?', '야외에서도 충분히 사용 가능합니다.', 'Y', '2023/10/28'),
	('user029', 11, 329, '배변패드를 다른 용도로 사용할 수 있나요?', '다목적으로 사용 가능하지만, 배변 용도로 설계되었습니다.', 'Y', '2023/10/29'),
	('user030', 11, 330, '패드 사용 후 어떻게 처리하면 좋은가요?', '위생 봉투에 넣어 폐기하시길 권장합니다.', 'Y', '2023/10/30'),
	('user001', 12, 331, '탈취제 스프레이는 어떤 성분으로 만들어졌나요?', NULL, 'Y', '2023/11/01'),
	('user002', 12, 332, '스프레이는 반려동물에게 안전한가요?', NULL, 'Y', '2023/11/02'),
	('user003', 12, 333, '탈취 효과는 얼마나 지속되나요?', NULL, 'Y', '2023/11/03'),
	('user004', 12, 334, '스프레이를 사용하면 향이 강하지 않나요?', NULL, 'Y', '2023/11/04'),
	('user005', 12, 335, '탈취제 스프레이는 어디에 사용할 수 있나요?', NULL, 'Y', '2023/11/05'),
	('user006', 12, 336, '제품 사용 후 헹궈야 하나요?', NULL, 'Y', '2023/11/06'),
	('user007', 12, 337, '탈취제 스프레이는 어떤 향이 나나요?', NULL, 'Y', '2023/11/07'),
	('user008', 12, 338, '스프레이를 매일 사용해도 되나요?', NULL, 'Y', '2023/11/08'),
	('user009', 12, 339, '스프레이는 천연 성분인가요?', NULL, 'Y', '2023/11/09'),
	('user010', 12, 340, '탈취 효과가 검증되었나요?', NULL, 'Y', '2023/11/10'),
	('user011', 12, 341, '제품 사용 후 반려동물이 핥아도 괜찮나요?', NULL, 'Y', '2023/11/11'),
	('user012', 12, 342, '탈취제 스프레이의 유통기한은 얼마나 되나요?', NULL, 'Y', '2023/11/12'),
	('user013', 12, 343, '스프레이는 옷에 사용해도 되나요?', NULL, 'Y', '2023/11/13'),
	('user014', 12, 344, '탈취제 스프레이는 유해 성분이 없나요?', NULL, 'Y', '2023/11/14'),
	('user015', 12, 345, '스프레이는 냄새 외에 다른 오염물도 제거하나요?', NULL, 'Y', '2023/11/15'),
	('user016', 12, 346, '탈취제 스프레이는 직사광선이 닿아도 괜찮나요?', NULL, 'Y', '2023/11/16'),
	('user017', 12, 347, '스프레이 사용 후 지속 시간이 얼마나 되나요?', NULL, 'Y', '2023/11/17'),
	('user018', 12, 348, '스프레이는 반려묘에게도 사용할 수 있나요?', NULL, 'Y', '2023/11/18'),
	('user019', 12, 349, '제품은 어디에서 보관하는 것이 좋나요?', NULL, 'Y', '2023/11/19'),
	('user020', 12, 350, '탈취제 스프레이는 대량 구매가 가능한가요?', NULL, 'Y', '2023/11/20'),
	('user021', 12, 351, '스프레이는 섬유에도 안전한가요?', NULL, 'Y', '2023/11/21'),
	('user022', 12, 352, '스프레이는 방 안 공기에도 효과가 있나요?', NULL, 'Y', '2023/11/22'),
	('user023', 12, 353, '제품을 사용하면 향과 냄새가 섞이지 않나요?', NULL, 'Y', '2023/11/23'),
	('user024', 12, 354, '스프레이는 반려동물이 있는 공간에 뿌려도 되나요?', NULL, 'Y', '2023/11/24'),
	('user025', 12, 355, '스프레이는 애완용 장난감에도 사용할 수 있나요?', NULL, 'Y', '2023/11/25'),
	('user026', 12, 356, '탈취제 스프레이의 사용법은 간단한가요?', NULL, 'Y', '2023/11/26'),
	('user027', 12, 357, '스프레이를 사용하면 얼룩이 생기지는 않나요?', NULL, 'Y', '2023/11/27'),
	('user028', 12, 358, '스프레이는 식탁 근처에서도 사용해도 괜찮나요?', NULL, 'Y', '2023/11/28'),
	('user029', 12, 359, '스프레이는 재사용 가능한 용기로 제공되나요?', NULL, 'Y', '2023/11/29'),
	('user030', 12, 360, '탈취제 스프레이는 알러지 유발 가능성이 없나요?', NULL, 'Y', '2023/11/30'),
	('user001', 12, 331, '탈취제 스프레이는 어떤 성분으로 만들어졌나요?', '천연 허브와 탈취 효소로 만들어졌습니다.', 'Y', '2023/11/01'),
	('user002', 12, 332, '스프레이는 반려동물에게 안전한가요?', '반려동물에게 무해한 성분만 사용했습니다.', 'Y', '2023/11/02'),
	('user003', 12, 333, '탈취 효과는 얼마나 지속되나요?', '최대 24시간 동안 효과가 지속됩니다.', 'Y', '2023/11/03'),
	('user004', 12, 334, '스프레이를 사용하면 향이 강하지 않나요?', '은은한 향으로 반려동물이 거부감을 느끼지 않습니다.', 'Y', '2023/11/04'),
	('user005', 12, 335, '탈취제 스프레이는 어디에 사용할 수 있나요?', '침대, 소파, 카펫 등 다양한 섬유에 사용할 수 있습니다.', 'Y', '2023/11/05'),
	('user006', 12, 336, '제품 사용 후 헹궈야 하나요?', '헹굴 필요 없이 간편하게 사용할 수 있습니다.', 'Y', '2023/11/06'),
	('user007', 12, 337, '탈취제 스프레이는 어떤 향이 나나요?', '라벤더와 허브의 은은한 향이 납니다.', 'Y', '2023/11/07'),
	('user008', 12, 338, '스프레이를 매일 사용해도 되나요?', '매일 사용해도 무방하며 안전합니다.', 'Y', '2023/11/08'),
	('user009', 12, 339, '스프레이는 천연 성분인가요?', '천연 성분만을 사용해 안전합니다.', 'Y', '2023/11/09'),
	('user010', 12, 340, '탈취 효과가 검증되었나요?', '공인된 기관에서 탈취 효과가 검증되었습니다.', 'Y', '2023/11/10'),
	('user011', 12, 341, '제품 사용 후 반려동물이 핥아도 괜찮나요?', '천연 성분으로 핥아도 안전합니다.', 'Y', '2023/11/11'),
	('user012', 12, 342, '탈취제 스프레이의 유통기한은 얼마나 되나요?', '제조일로부터 18개월입니다.', 'Y', '2023/11/12'),
	('user013', 12, 343, '스프레이는 옷에 사용해도 되나요?', '옷에 사용해도 안전하며 얼룩이 생기지 않습니다.', 'Y', '2023/11/13'),
	('user014', 12, 344, '탈취제 스프레이는 유해 성분이 없나요?', '유해 성분은 포함되어 있지 않습니다.', 'Y', '2023/11/14'),
	('user015', 12, 345, '스프레이는 냄새 외에 다른 오염물도 제거하나요?', '탈취와 함께 소독 효과도 제공합니다.', 'Y', '2023/11/15'),
	('user016', 12, 346, '탈취제 스프레이는 직사광선이 닿아도 괜찮나요?', '직사광선을 피한 서늘한 곳에 보관하세요.', 'Y', '2023/11/16'),
	('user017', 12, 347, '스프레이 사용 후 지속 시간이 얼마나 되나요?', '하루 동안 지속적인 효과를 기대할 수 있습니다.', 'Y', '2023/11/17'),
	('user018', 12, 348, '스프레이는 반려묘에게도 사용할 수 있나요?', '반려묘에게도 안전하게 사용할 수 있습니다.', 'Y', '2023/11/18'),
	('user019', 12, 349, '제품은 어디에서 보관하는 것이 좋나요?', '서늘하고 건조한 곳에 보관하세요.', 'Y', '2023/11/19'),
	('user020', 12, 350, '탈취제 스프레이는 대량 구매가 가능한가요?', '대량 구매 시 할인 혜택이 제공됩니다.', 'Y', '2023/11/20'),
	('user021', 12, 351, '스프레이는 섬유에도 안전한가요?', '섬유에도 안전하며 변색이나 손상이 없습니다.', 'Y', '2023/11/21'),
	('user022', 12, 352, '스프레이는 방 안 공기에도 효과가 있나요?', '공기 중 악취 제거에도 효과적입니다.', 'Y', '2023/11/22'),
	('user023', 12, 353, '제품을 사용하면 향과 냄새가 섞이지 않나요?', '향과 냄새가 섞이지 않고 상쾌하게 유지됩니다.', 'Y', '2023/11/23'),
	('user024', 12, 354, '스프레이는 반려동물이 있는 공간에 뿌려도 되나요?', '반려동물이 있는 공간에서도 안전하게 사용 가능합니다.', 'Y', '2023/11/24'),
	('user025', 12, 355, '스프레이는 애완용 장난감에도 사용할 수 있나요?', '애완용 장난감에도 안전하게 사용할 수 있습니다.', 'Y', '2023/11/25'),
	('user026', 12, 356, '탈취제 스프레이의 사용법은 간단한가요?', '몇 번 분사 후 자연 건조하면 되는 간단한 사용법입니다.', 'Y', '2023/11/26'),
	('user027', 12, 357, '스프레이를 사용하면 얼룩이 생기지는 않나요?', '얼룩이 생기지 않도록 설계된 제품입니다.', 'Y', '2023/11/27'),
	('user028', 12, 358, '스프레이는 식탁 근처에서도 사용해도 괜찮나요?', '식탁 근처에서도 안전하게 사용 가능합니다.', 'Y', '2023/11/28'),
	('user029', 12, 359, '스프레이는 재사용 가능한 용기로 제공되나요?', '재사용 가능한 친환경 용기로 제공됩니다.', 'Y', '2023/11/29'),
	('user030', 12, 360, '탈취제 스프레이는 알러지 유발 가능성이 없나요?', '알러지 유발 가능성이 매우 낮은 제품입니다.', 'Y', '2023/11/30'),
	('user001', 13, 361, '저자극 전용 샴푸는 어떤 성분으로 만들어졌나요?', NULL, 'Y', '2023/12/01'),
	('user002', 13, 362, '샴푸를 사용하면 반려동물의 피부에 자극이 없나요?', NULL, 'Y', '2023/12/02'),
	('user003', 13, 363, '저자극 샴푸는 어떤 피부 타입에 적합한가요?', NULL, 'Y', '2023/12/03'),
	('user004', 13, 364, '샴푸 사용 후 충분히 헹궈야 하나요?', NULL, 'Y', '2023/12/04'),
	('user005', 13, 365, '샴푸는 눈에 들어가도 괜찮나요?', NULL, 'Y', '2023/12/05'),
	('user006', 13, 366, '샴푸의 향이 강하지 않나요?', NULL, 'Y', '2023/12/06'),
	('user007', 13, 367, '저자극 샴푸는 알러지 반응을 줄여주나요?', NULL, 'Y', '2023/12/07'),
	('user008', 13, 368, '샴푸를 얼마나 자주 사용할 수 있나요?', NULL, 'Y', '2023/12/08'),
	('user009', 13, 369, '샴푸를 사용하면 털이 부드러워지나요?', NULL, 'Y', '2023/12/09'),
	('user010', 13, 370, '샴푸는 장모종과 단모종 모두 사용 가능한가요?', NULL, 'Y', '2023/12/10'),
	('user011', 13, 371, '저자극 샴푸는 유통기한이 얼마나 되나요?', NULL, 'Y', '2023/12/11'),
	('user012', 13, 372, '샴푸는 대량으로 구매할 수 있나요?', NULL, 'Y', '2023/12/12'),
	('user013', 13, 373, '샴푸를 피부 트러블이 있는 반려동물에게 사용해도 되나요?', NULL, 'Y', '2023/12/13'),
	('user014', 13, 374, '샴푸를 사용하면 털 엉킴이 방지되나요?', NULL, 'Y', '2023/12/14'),
	('user015', 13, 375, '샴푸의 사용법은 간단한가요?', NULL, 'Y', '2023/12/15'),
	('user016', 13, 376, '저자극 샴푸는 어린 강아지에게도 안전한가요?', NULL, 'Y', '2023/12/16'),
	('user017', 13, 377, '샴푸 사용 후 보습제를 따로 발라야 하나요?', NULL, 'Y', '2023/12/17'),
	('user018', 13, 378, '샴푸는 어떤 향이 나나요?', NULL, 'Y', '2023/12/18'),
	('user019', 13, 379, '샴푸를 사용하면 피부 진정 효과가 있나요?', NULL, 'Y', '2023/12/19'),
	('user020', 13, 380, '샴푸 사용 후 털이 뻣뻣해지지는 않나요?', NULL, 'Y', '2023/12/20'),
	('user021', 13, 381, '샴푸를 반려묘에게도 사용할 수 있나요?', NULL, 'Y', '2023/12/21'),
	('user022', 13, 382, '샴푸는 얼마나 오래 사용할 수 있나요?', NULL, 'Y', '2023/12/22'),
	('user023', 13, 383, '샴푸를 사용해도 피부가 건조해지지 않나요?', NULL, 'Y', '2023/12/23'),
	('user024', 13, 384, '샴푸를 민감한 피부의 반려동물에게도 사용해도 되나요?', NULL, 'Y', '2023/12/24'),
	('user025', 13, 385, '샴푸는 눈물 자국 제거에 효과가 있나요?', NULL, 'Y', '2023/12/25'),
	('user026', 13, 386, '샴푸를 정기적으로 사용해도 부작용이 없나요?', NULL, 'Y', '2023/12/26'),
	('user027', 13, 387, '샴푸를 사용하면 털이 더 윤기나게 되나요?', NULL, 'Y', '2023/12/27'),
	('user028', 13, 388, '샴푸를 사용 후 털이 쉽게 말리나요?', NULL, 'Y', '2023/12/28'),
	('user029', 13, 389, '샴푸는 어린 반려동물에게도 안전한가요?', NULL, 'Y', '2023/12/29'),
	('user030', 13, 390, '샴푸를 사용하면 탈모 방지에 효과가 있나요?', NULL, 'Y', '2023/12/30'),
	('user001', 13, 361, '저자극 전용 샴푸는 어떤 성분으로 만들어졌나요?', '천연 식물성 추출물과 피부 진정 성분이 포함되어 있습니다.', 'Y', '2023/12/01'),
	('user002', 13, 362, '샴푸를 사용하면 반려동물의 피부에 자극이 없나요?', '저자극 포뮬러로 민감한 피부에도 안전합니다.', 'Y', '2023/12/02'),
	('user003', 13, 363, '저자극 샴푸는 어떤 피부 타입에 적합한가요?', '모든 피부 타입에 적합하며 특히 민감한 피부에 추천됩니다.', 'Y', '2023/12/03'),
	('user004', 13, 364, '샴푸 사용 후 충분히 헹궈야 하나요?', '샴푸 잔여물이 남지 않도록 충분히 헹궈주세요.', 'Y', '2023/12/04'),
	('user005', 13, 365, '샴푸는 눈에 들어가도 괜찮나요?', '눈에 들어갈 경우 물로 충분히 헹궈주세요. 무자극 제품이지만 조심히 사용하세요.', 'Y', '2023/12/05'),
	('user006', 13, 366, '샴푸의 향이 강하지 않나요?', '은은한 캐모마일 향으로 강하지 않습니다.', 'Y', '2023/12/06'),
	('user007', 13, 367, '저자극 샴푸는 알러지 반응을 줄여주나요?', '피부 진정 성분이 알러지 반응을 완화하는 데 도움을 줍니다.', 'Y', '2023/12/07'),
	('user008', 13, 368, '샴푸를 얼마나 자주 사용할 수 있나요?', '일주일에 1~2회 사용을 권장합니다.', 'Y', '2023/12/08'),
	('user009', 13, 369, '샴푸를 사용하면 털이 부드러워지나요?', '보습 성분으로 털을 부드럽게 유지시켜줍니다.', 'Y', '2023/12/09'),
	('user010', 13, 370, '샴푸는 장모종과 단모종 모두 사용 가능한가요?', '장모종과 단모종 모두에게 적합한 제품입니다.', 'Y', '2023/12/10'),
	('user011', 13, 371, '저자극 샴푸는 유통기한이 얼마나 되나요?', '제조일로부터 2년입니다.', 'Y', '2023/12/11'),
	('user012', 13, 372, '샴푸는 대량으로 구매할 수 있나요?', '대량 구매 시 추가 할인 혜택이 제공됩니다.', 'Y', '2023/12/12'),
	('user013', 13, 373, '샴푸를 피부 트러블이 있는 반려동물에게 사용해도 되나요?', '피부 트러블 완화 성분이 포함되어 있어 사용 가능합니다.', 'Y', '2023/12/13'),
	('user014', 13, 374, '샴푸를 사용하면 털 엉킴이 방지되나요?', '컨디셔닝 효과로 털 엉킴을 방지합니다.', 'Y', '2023/12/14'),
	('user015', 13, 375, '샴푸의 사용법은 간단한가요?', '물을 묻힌 후 거품을 내어 골고루 마사지한 뒤 헹궈주세요.', 'Y', '2023/12/15'),
	('user016', 13, 376, '저자극 샴푸는 어린 강아지에게도 안전한가요?', '6개월 이상 반려동물에게 안전하게 사용할 수 있습니다.', 'Y', '2023/12/16'),
	('user017', 13, 377, '샴푸 사용 후 보습제를 따로 발라야 하나요?', '보습 효과가 있어 추가 보습제 사용이 필요하지 않습니다.', 'Y', '2023/12/17'),
	('user018', 13, 378, '샴푸는 어떤 향이 나나요?', '은은한 캐모마일과 라벤더 향이 납니다.', 'Y', '2023/12/18'),
	('user019', 13, 379, '샴푸를 사용하면 피부 진정 효과가 있나요?', '캐모마일 성분이 피부 진정에 도움을 줍니다.', 'Y', '2023/12/19'),
	('user020', 13, 380, '샴푸 사용 후 털이 뻣뻣해지지는 않나요?', '보습 성분 덕분에 털이 뻣뻣해지지 않습니다.', 'Y', '2023/12/20'),
	('user021', 13, 381, '샴푸를 반려묘에게도 사용할 수 있나요?', '반려묘에게도 안전하게 사용할 수 있습니다.', 'Y', '2023/12/21'),
	('user022', 13, 382, '샴푸는 얼마나 오래 사용할 수 있나요?', '사용 빈도에 따라 다르지만, 250ml 기준으로 약 3개월 사용 가능합니다.', 'Y', '2023/12/22'),
	('user023', 13, 383, '샴푸를 사용해도 피부가 건조해지지 않나요?', '보습 성분이 건조함을 방지합니다.', 'Y', '2023/12/23'),
	('user024', 13, 384, '샴푸를 민감한 피부의 반려동물에게도 사용해도 되나요?', '민감한 피부에도 적합한 저자극 포뮬러입니다.', 'Y', '2023/12/24'),
	('user025', 13, 385, '샴푸는 눈물 자국 제거에 효과가 있나요?', '눈물 자국 제거 효과는 없지만 피부 진정에 도움을 줍니다.', 'Y', '2023/12/25'),
	('user026', 13, 386, '샴푸를 정기적으로 사용해도 부작용이 없나요?', '정기적으로 사용해도 안전합니다.', 'Y', '2023/12/26'),
	('user027', 13, 387, '샴푸를 사용하면 털이 더 윤기나게 되나요?', '윤기를 더해주는 성분이 포함되어 있습니다.', 'Y', '2023/12/27'),
	('user028', 13, 388, '샴푸를 사용 후 털이 쉽게 말리나요?', '가벼운 포뮬러로 빠르게 건조됩니다.', 'Y', '2023/12/28'),
	('user029', 13, 389, '샴푸는 어린 반려동물에게도 안전한가요?', '어린 반려동물에게도 안전합니다.', 'Y', '2023/12/29'),
	('user030', 13, 390, '샴푸를 사용하면 탈모 방지에 효과가 있나요?', '탈모 방지 효과는 없지만 피부와 털 건강을 유지합니다.', 'Y', '2023/12/30'),
	('user001', 14, 391, '컨디셔닝 트리트먼트는 어떤 성분으로 만들어졌나요?', NULL, 'Y', '2024/01/01'),
	('user002', 14, 392, '트리트먼트를 사용하면 털 엉킴이 줄어드나요?', NULL, 'Y', '2024/01/02'),
	('user003', 14, 393, '트리트먼트를 사용하면 반려동물의 피부에 자극이 없나요?', NULL, 'Y', '2024/01/03'),
	('user004', 14, 394, '트리트먼트 사용 후 헹궈야 하나요?', NULL, 'Y', '2024/01/04'),
	('user005', 14, 395, '트리트먼트를 얼마나 자주 사용할 수 있나요?', NULL, 'Y', '2024/01/05'),
	('user006', 14, 396, '트리트먼트를 어린 강아지에게 사용해도 되나요?', NULL, 'Y', '2024/01/06'),
	('user007', 14, 397, '트리트먼트는 털 윤기에 효과가 있나요?', NULL, 'Y', '2024/01/07'),
	('user008', 14, 398, '트리트먼트를 사용하는 데 얼마나 시간이 걸리나요?', NULL, 'Y', '2024/01/08'),
	('user009', 14, 399, '트리트먼트를 사용한 후 털이 뻣뻣해지지는 않나요?', NULL, 'Y', '2024/01/09'),
	('user010', 14, 400, '트리트먼트의 향이 강하지 않나요?', NULL, 'Y', '2024/01/10'),
	('user011', 14, 401, '컨디셔닝 트리트먼트는 유통기한이 얼마나 되나요?', NULL, 'Y', '2024/01/11'),
	('user012', 14, 402, '트리트먼트를 반려묘에게도 사용할 수 있나요?', NULL, 'Y', '2024/01/12'),
	('user013', 14, 403, '트리트먼트를 정기적으로 사용해도 안전한가요?', NULL, 'Y', '2024/01/13'),
	('user014', 14, 404, '트리트먼트 사용 후 헹굼이 충분하지 않으면 문제가 생기나요?', NULL, 'Y', '2024/01/14'),
	('user015', 14, 405, '트리트먼트를 사용하면 피부 진정 효과가 있나요?', NULL, 'Y', '2024/01/15'),
	('user016', 14, 406, '트리트먼트를 대량 구매할 수 있나요?', NULL, 'Y', '2024/01/16'),
	('user017', 14, 407, '트리트먼트를 사용하면 털이 빠지지 않게 되나요?', NULL, 'Y', '2024/01/17'),
	('user018', 14, 408, '트리트먼트를 여러 종류의 털에 사용할 수 있나요?', NULL, 'Y', '2024/01/18'),
	('user019', 14, 409, '트리트먼트는 민감한 피부에 적합한가요?', NULL, 'Y', '2024/01/19'),
	('user020', 14, 410, '트리트먼트는 건조 후 털의 부드러움을 유지하나요?', NULL, 'Y', '2024/01/20'),
	('user021', 14, 411, '트리트먼트는 샴푸와 함께 사용해야 하나요?', NULL, 'Y', '2024/01/21'),
	('user022', 14, 412, '트리트먼트를 얼마나 오랫동안 사용해야 효과가 있나요?', NULL, 'Y', '2024/01/22'),
	('user023', 14, 413, '트리트먼트의 주요 효과는 무엇인가요?', NULL, 'Y', '2024/01/23'),
	('user024', 14, 414, '트리트먼트를 반려동물이 핥아도 안전한가요?', NULL, 'Y', '2024/01/24'),
	('user025', 14, 415, '트리트먼트를 사용하면 털의 엉킴이 사라지나요?', NULL, 'Y', '2024/01/25'),
	('user026', 14, 416, '트리트먼트는 털이 빠지지 않게 도와주나요?', NULL, 'Y', '2024/01/26'),
	('user027', 14, 417, '트리트먼트를 사용하면 털의 볼륨이 더 좋아지나요?', NULL, 'Y', '2024/01/27'),
	('user028', 14, 418, '트리트먼트를 사용하는 가장 좋은 방법은 무엇인가요?', NULL, 'Y', '2024/01/28'),
	('user029', 14, 419, '트리트먼트를 반려동물이 있는 공간에서도 사용할 수 있나요?', NULL, 'Y', '2024/01/29'),
	('user030', 14, 420, '트리트먼트를 사용하면 털이 더 부드러워지나요?', NULL, 'Y', '2024/01/30'),
	('user001', 14, 391, '컨디셔닝 트리트먼트는 어떤 성분으로 만들어졌나요?', '케라틴 단백질과 보습 성분이 함유되어 있습니다.', 'Y', '2024/01/01'),
	('user002', 14, 392, '트리트먼트를 사용하면 털 엉킴이 줄어드나요?', '엉킴 방지 효과가 있어 빗질이 쉬워집니다.', 'Y', '2024/01/02'),
	('user003', 14, 393, '트리트먼트를 사용하면 반려동물의 피부에 자극이 없나요?', '피부에 자극을 최소화하도록 설계되었습니다.', 'Y', '2024/01/03'),
	('user004', 14, 394, '트리트먼트 사용 후 헹궈야 하나요?', '충분히 헹궈야 최상의 효과를 얻을 수 있습니다.', 'Y', '2024/01/04'),
	('user005', 14, 395, '트리트먼트를 얼마나 자주 사용할 수 있나요?', '일주일에 1~2회 사용을 권장합니다.', 'Y', '2024/01/05'),
	('user006', 14, 396, '트리트먼트를 어린 강아지에게 사용해도 되나요?', '생후 6개월 이상의 강아지에게 사용 가능합니다.', 'Y', '2024/01/06'),
	('user007', 14, 397, '트리트먼트는 털 윤기에 효과가 있나요?', '윤기를 더해주는 성분이 포함되어 있습니다.', 'Y', '2024/01/07'),
	('user008', 14, 398, '트리트먼트를 사용하는 데 얼마나 시간이 걸리나요?', '5분간 도포 후 헹구는 것을 추천합니다.', 'Y', '2024/01/08'),
	('user009', 14, 399, '트리트먼트를 사용한 후 털이 뻣뻣해지지는 않나요?', '보습 성분 덕분에 부드러운 털 상태를 유지합니다.', 'Y', '2024/01/09'),
	('user010', 14, 400, '트리트먼트의 향이 강하지 않나요?', '은은한 허브 향으로 강하지 않습니다.', 'Y', '2024/01/10'),
	('user011', 14, 401, '컨디셔닝 트리트먼트는 유통기한이 얼마나 되나요?', '제조일로부터 2년입니다.', 'Y', '2024/01/11'),
	('user012', 14, 402, '트리트먼트를 반려묘에게도 사용할 수 있나요?', '반려묘에게도 안전하게 사용할 수 있습니다.', 'Y', '2024/01/12'),
	('user013', 14, 403, '트리트먼트를 정기적으로 사용해도 안전한가요?', '정기적으로 사용해도 부작용이 없습니다.', 'Y', '2024/01/13'),
	('user014', 14, 404, '트리트먼트 사용 후 헹굼이 충분하지 않으면 문제가 생기나요?', '헹굼이 부족할 경우 잔여물이 남을 수 있으니 충분히 헹궈주세요.', 'Y', '2024/01/14'),
	('user015', 14, 405, '트리트먼트를 사용하면 피부 진정 효과가 있나요?', '피부 진정에 도움을 주는 성분이 포함되어 있습니다.', 'Y', '2024/01/15'),
	('user016', 14, 406, '트리트먼트를 대량 구매할 수 있나요?', '대량 구매 시 할인 혜택이 제공됩니다.', 'Y', '2024/01/16'),
	('user017', 14, 407, '트리트먼트를 사용하면 털이 빠지지 않게 되나요?', '털 빠짐을 줄이는 효과가 있습니다.', 'Y', '2024/01/17'),
	('user018', 14, 408, '트리트먼트를 여러 종류의 털에 사용할 수 있나요?', '모든 종류의 털에 적합합니다.', 'Y', '2024/01/18'),
	('user019', 14, 409, '트리트먼트는 민감한 피부에 적합한가요?', '민감한 피부에도 사용 가능한 저자극 제품입니다.', 'Y', '2024/01/19'),
	('user020', 14, 410, '트리트먼트는 건조 후 털의 부드러움을 유지하나요?', '건조 후에도 부드러운 상태를 유지합니다.', 'Y', '2024/01/20'),
	('user021', 14, 411, '트리트먼트는 샴푸와 함께 사용해야 하나요?', '샴푸 후 사용하는 것을 추천합니다.', 'Y', '2024/01/21'),
	('user022', 14, 412, '트리트먼트를 얼마나 오랫동안 사용해야 효과가 있나요?', '매 사용 시 3~5분 도포 후 헹구면 효과를 볼 수 있습니다.', 'Y', '2024/01/22'),
	('user023', 14, 413, '트리트먼트의 주요 효과는 무엇인가요?', '털 윤기, 엉킴 방지, 보습 효과를 제공합니다.', 'Y', '2024/01/23'),
	('user024', 14, 414, '트리트먼트를 반려동물이 핥아도 안전한가요?', '천연 성분으로 설계되어 안전하지만, 핥지 않도록 주의하세요.', 'Y', '2024/01/24'),
	('user025', 14, 415, '트리트먼트를 사용하면 털의 엉킴이 사라지나요?', '엉킴이 개선되고 빗질이 쉬워집니다.', 'Y', '2024/01/25'),
	('user026', 14, 416, '트리트먼트는 털이 빠지지 않게 도와주나요?', '피부와 털을 건강하게 유지해 털 빠짐을 줄여줍니다.', 'Y', '2024/01/26'),
	('user027', 14, 417, '트리트먼트를 사용하면 털의 볼륨이 더 좋아지나요?', '볼륨 개선 효과가 있습니다.', 'Y', '2024/01/27'),
	('user028', 14, 418, '트리트먼트를 사용하는 가장 좋은 방법은 무엇인가요?', '샴푸 후 젖은 털에 도포하여 5분 후 헹구세요.', 'Y', '2024/01/28'),
	('user029', 14, 419, '트리트먼트를 반려동물이 있는 공간에서도 사용할 수 있나요?', '반려동물 있는 공간에서도 안전하게 사용할 수 있습니다.', 'Y', '2024/01/29'),
	('user030', 14, 420, '트리트먼트를 사용하면 털이 더 부드러워지나요?', '보습 성분 덕분에 부드러움을 유지할 수 있습니다.', 'Y', '2024/01/30'),
	('user001', 15, 421, '털 브러시 세트는 어떤 종류의 브러시로 구성되어 있나요?', NULL, 'Y', '2024/02/01'),
	('user002', 15, 422, '브러시는 장모종과 단모종 모두 사용할 수 있나요?', NULL, 'Y', '2024/02/02'),
	('user003', 15, 423, '털 브러시 세트는 반려묘에게도 사용할 수 있나요?', NULL, 'Y', '2024/02/03'),
	('user004', 15, 424, '브러시 사용 시 반려동물이 아프지 않나요?', NULL, 'Y', '2024/02/04'),
	('user005', 15, 425, '브러시 세트를 어떻게 관리해야 하나요?', NULL, 'Y', '2024/02/05'),
	('user006', 15, 426, '털 브러시 세트의 핀 길이는 어느 정도인가요?', NULL, 'Y', '2024/02/06'),
	('user007', 15, 427, '브러시는 정전기 방지 처리가 되어 있나요?', NULL, 'Y', '2024/02/07'),
	('user008', 15, 428, '브러시를 사용하면 털 엉킴이 해결되나요?', NULL, 'Y', '2024/02/08'),
	('user009', 15, 429, '브러시 사용 후 세척이 쉬운가요?', NULL, 'Y', '2024/02/09'),
	('user010', 15, 430, '털 브러시 세트는 대형견에게도 적합한가요?', NULL, 'Y', '2024/02/10'),
	('user011', 15, 431, '브러시 세트는 몇 가지 종류의 브러시로 구성되어 있나요?', NULL, 'Y', '2024/02/11'),
	('user012', 15, 432, '브러시는 반려동물의 피부에 자극을 주지 않나요?', NULL, 'Y', '2024/02/12'),
	('user013', 15, 433, '털 브러시 세트를 대량으로 구매할 수 있나요?', NULL, 'Y', '2024/02/13'),
	('user014', 15, 434, '브러시를 사용하면 털 빠짐이 줄어드나요?', NULL, 'Y', '2024/02/14'),
	('user015', 15, 435, '털 브러시 세트의 핀이 튼튼한가요?', NULL, 'Y', '2024/02/15'),
	('user016', 15, 436, '브러시는 반려동물이 사용하기에 편안한가요?', NULL, 'Y', '2024/02/16'),
	('user017', 15, 437, '털 브러시 세트는 어린 반려동물에게도 적합한가요?', NULL, 'Y', '2024/02/17'),
	('user018', 15, 438, '털 브러시 세트의 손잡이는 미끄럽지 않나요?', NULL, 'Y', '2024/02/18'),
	('user019', 15, 439, '브러시는 방수 기능이 있나요?', NULL, 'Y', '2024/02/19'),
	('user020', 15, 440, '털 브러시 세트는 몇 년간 사용할 수 있나요?', NULL, 'Y', '2024/02/20'),
	('user021', 15, 441, '브러시는 어떤 재질로 만들어졌나요?', NULL, 'Y', '2024/02/21'),
	('user022', 15, 442, '브러시 사용 시 반려동물이 편안해하나요?', NULL, 'Y', '2024/02/22'),
	('user023', 15, 443, '브러시 세트의 가격 대비 성능은 어떤가요?', NULL, 'Y', '2024/02/23'),
	('user024', 15, 444, '브러시는 반려동물의 피부를 보호할 수 있나요?', NULL, 'Y', '2024/02/24'),
	('user025', 15, 445, '털 브러시 세트를 여행 시에도 사용할 수 있나요?', NULL, 'Y', '2024/02/25'),
	('user026', 15, 446, '브러시는 털 엉킴뿐 아니라 먼지도 제거하나요?', NULL, 'Y', '2024/02/26'),
	('user027', 15, 447, '브러시는 털을 쉽게 정리할 수 있도록 도와주나요?', NULL, 'Y', '2024/02/27'),
	('user028', 15, 448, '브러시는 알러지를 유발하지 않나요?', NULL, 'Y', '2024/02/28'),
	('user029', 15, 449, '털 브러시 세트는 사용 후 보관이 편리한가요?', NULL, 'Y', '2024/02/29'),
	('user030', 15, 450, '브러시를 사용하면 털의 윤기가 더 좋아지나요?', NULL, 'Y', '2024/02/29'),
	('user001', 15, 421, '털 브러시 세트는 어떤 종류의 브러시로 구성되어 있나요?', '장모용, 단모용, 먼지 제거용 등 3종으로 구성되어 있습니다.', 'Y', '2024/02/01'),
	('user002', 15, 422, '브러시는 장모종과 단모종 모두 사용할 수 있나요?', '장모종과 단모종 모두에게 적합하게 설계되었습니다.', 'Y', '2024/02/02'),
	('user003', 15, 423, '털 브러시 세트는 반려묘에게도 사용할 수 있나요?', '반려묘에게도 사용 가능한 제품입니다.', 'Y', '2024/02/03'),
	('user004', 15, 424, '브러시 사용 시 반려동물이 아프지 않나요?', '부드러운 핀을 사용하여 자극을 최소화했습니다.', 'Y', '2024/02/04'),
	('user005', 15, 425, '브러시 세트를 어떻게 관리해야 하나요?', '사용 후 물로 세척한 뒤 건조시켜 보관하세요.', 'Y', '2024/02/05'),
	('user006', 15, 426, '털 브러시 세트의 핀 길이는 어느 정도인가요?', '핀 길이는 약 1.5cm로 적절한 깊이를 제공합니다.', 'Y', '2024/02/06'),
	('user007', 15, 427, '브러시는 정전기 방지 처리가 되어 있나요?', '정전기 방지 처리가 되어 있어 사용 시 정전기가 발생하지 않습니다.', 'Y', '2024/02/07'),
	('user008', 15, 428, '브러시를 사용하면 털 엉킴이 해결되나요?', '엉킴 방지와 털 정리가 용이합니다.', 'Y', '2024/02/08'),
	('user009', 15, 429, '브러시 사용 후 세척이 쉬운가요?', '간단한 물 세척으로 쉽게 관리할 수 있습니다.', 'Y', '2024/02/09'),
	('user010', 15, 430, '털 브러시 세트는 대형견에게도 적합한가요?', '대형견의 털 관리에도 적합한 사이즈로 제작되었습니다.', 'Y', '2024/02/10'),
	('user011', 15, 431, '브러시 세트는 몇 가지 종류의 브러시로 구성되어 있나요?', '3가지 종류의 브러시로 구성되어 있습니다.', 'Y', '2024/02/11'),
	('user012', 15, 432, '브러시는 반려동물의 피부에 자극을 주지 않나요?', '저자극 핀으로 피부 자극을 최소화했습니다.', 'Y', '2024/02/12'),
	('user013', 15, 433, '털 브러시 세트를 대량으로 구매할 수 있나요?', '대량 구매 시 추가 할인 혜택이 제공됩니다.', 'Y', '2024/02/13'),
	('user014', 15, 434, '브러시를 사용하면 털 빠짐이 줄어드나요?', '털 빠짐을 줄이고 건강한 털을 유지하도록 도와줍니다.', 'Y', '2024/02/14'),
	('user015', 15, 435, '털 브러시 세트의 핀이 튼튼한가요?', '내구성이 높은 스테인리스 핀이 사용되었습니다.', 'Y', '2024/02/15'),
	('user016', 15, 436, '브러시는 반려동물이 사용하기에 편안한가요?', '인체공학적 설계로 반려동물도 편안함을 느낄 수 있습니다.', 'Y', '2024/02/16'),
	('user017', 15, 437, '털 브러시 세트는 어린 반려동물에게도 적합한가요?', '생후 6개월 이상의 반려동물에게 안전하게 사용할 수 있습니다.', 'Y', '2024/02/17'),
	('user018', 15, 438, '털 브러시 세트의 손잡이는 미끄럽지 않나요?', '미끄럼 방지 손잡이로 안정적인 사용이 가능합니다.', 'Y', '2024/02/18'),
	('user019', 15, 439, '브러시는 방수 기능이 있나요?', '방수 처리되어 물 세척이 가능합니다.', 'Y', '2024/02/19'),
	('user020', 15, 440, '털 브러시 세트는 몇 년간 사용할 수 있나요?', '올바른 관리 시 2~3년 이상 사용할 수 있습니다.', 'Y', '2024/02/20'),
	('user021', 15, 441, '브러시는 어떤 재질로 만들어졌나요?', '플라스틱과 스테인리스 재질로 제작되었습니다.', 'Y', '2024/02/21'),
	('user022', 15, 442, '브러시 사용 시 반려동물이 편안해하나요?', '부드러운 사용감으로 반려동물이 편안해합니다.', 'Y', '2024/02/22'),
	('user023', 15, 443, '브러시 세트의 가격 대비 성능은 어떤가요?', '합리적인 가격에 뛰어난 성능을 제공합니다.', 'Y', '2024/02/23'),
	('user024', 15, 444, '브러시는 반려동물의 피부를 보호할 수 있나요?', '피부 보호와 함께 털 건강을 유지합니다.', 'Y', '2024/02/24'),
	('user025', 15, 445, '털 브러시 세트를 여행 시에도 사용할 수 있나요?', '컴팩트한 크기로 휴대가 용이합니다.', 'Y', '2024/02/25'),
	('user026', 15, 446, '브러시는 털 엉킴뿐 아니라 먼지도 제거하나요?', '엉킴과 먼지 제거를 동시에 할 수 있습니다.', 'Y', '2024/02/26'),
	('user027', 15, 447, '브러시는 털을 쉽게 정리할 수 있도록 도와주나요?', '쉽고 빠르게 털을 정리할 수 있습니다.', 'Y', '2024/02/27'),
	('user028', 15, 448, '브러시는 알러지를 유발하지 않나요?', '알러지 유발 성분이 없는 안전한 제품입니다.', 'Y', '2024/02/28'),
	('user029', 15, 449, '털 브러시 세트는 사용 후 보관이 편리한가요?', '보관용 파우치가 포함되어 있어 보관이 편리합니다.', 'Y', '2024/02/29'),
	('user030', 15, 450, '브러시를 사용하면 털의 윤기가 더 좋아지나요?', '윤기 개선 효과가 있습니다.', 'Y', '2024/02/29'),
	('user001', 16, 451, '발톱 케어 세트는 어떤 구성품으로 이루어져 있나요?', NULL, 'Y', '2024/02/01'),
	('user002', 16, 452, '발톱 케어 세트를 사용하면 반려동물이 다치지 않나요?', NULL, 'Y', '2024/02/01'),
	('user003', 16, 453, '발톱 케어 세트는 어떤 크기의 반려동물에게 적합한가요?', NULL, 'Y', '2024/02/01'),
	('user004', 16, 454, '발톱 케어 세트 사용법은 어렵지 않나요?', NULL, 'Y', '2024/02/01'),
	('user005', 16, 455, '발톱 케어 세트는 어린 반려동물에게도 사용할 수 있나요?', NULL, 'Y', '2024/02/01'),
	('user006', 16, 456, '발톱 케어 세트의 날은 교체할 수 있나요?', NULL, 'Y', '2024/02/01'),
	('user007', 16, 457, '발톱 케어 세트를 사용할 때 소음이 발생하나요?', NULL, 'Y', '2024/02/01'),
	('user008', 16, 458, '발톱 케어 세트는 미끄러지지 않게 설계되어 있나요?', NULL, 'Y', '2024/02/01'),
	('user009', 16, 459, '발톱 케어 세트의 재질은 무엇인가요?', NULL, 'Y', '2024/02/01'),
	('user010', 16, 460, '발톱 케어 세트를 여행 중에도 사용할 수 있나요?', NULL, 'Y', '2024/02/01'),
	('user011', 16, 461, '발톱 케어 세트를 사용하면 발톱이 부러지지 않나요?', NULL, 'Y', '2024/02/01'),
	('user012', 16, 462, '발톱 케어 세트는 얼마나 자주 사용해야 하나요?', NULL, 'Y', '2024/02/01'),
	('user013', 16, 463, '발톱 케어 세트를 사용하면 반려동물이 스트레스를 받지 않나요?', NULL, 'Y', '2024/02/01'),
	('user014', 16, 464, '발톱 케어 세트는 대형견에게도 사용할 수 있나요?', NULL, 'Y', '2024/02/01'),
	('user015', 16, 465, '발톱 케어 세트는 정밀한 작업이 가능한가요?', NULL, 'Y', '2024/02/01'),
	('user016', 16, 466, '발톱 케어 세트를 장기간 사용해도 내구성이 좋나요?', NULL, 'Y', '2024/02/01'),
	('user017', 16, 467, '발톱 케어 세트는 초보자도 사용하기 쉬운가요?', NULL, 'Y', '2024/02/01'),
	('user018', 16, 468, '발톱 케어 세트를 사용하면 발톱 모양이 깔끔해지나요?', NULL, 'Y', '2024/02/01'),
	('user019', 16, 469, '발톱 케어 세트는 방수가 되나요?', NULL, 'Y', '2024/02/01'),
	('user020', 16, 470, '발톱 케어 세트는 가격 대비 성능이 어떤가요?', NULL, 'Y', '2024/02/01'),
	('user021', 16, 471, '발톱 케어 세트는 반려묘에게도 사용할 수 있나요?', NULL, 'Y', '2024/02/01'),
	('user022', 16, 472, '발톱 케어 세트의 손잡이는 미끄럽지 않나요?', NULL, 'Y', '2024/02/01'),
	('user023', 16, 473, '발톱 케어 세트는 어떤 안전장치가 있나요?', NULL, 'Y', '2024/02/01'),
	('user024', 16, 474, '발톱 케어 세트를 사용하면 발톱 끝이 매끄럽게 다듬어지나요?', NULL, 'Y', '2024/02/01'),
	('user025', 16, 475, '발톱 케어 세트는 다른 용도로도 사용할 수 있나요?', NULL, 'Y', '2024/02/01'),
	('user026', 16, 476, '발톱 케어 세트는 대량으로 구매할 수 있나요?', NULL, 'Y', '2024/02/01'),
	('user027', 16, 477, '발톱 케어 세트의 사용법은 간단한가요?', NULL, 'Y', '2024/02/01'),
	('user028', 16, 478, '발톱 케어 세트를 사용하면 발톱이 손상되지 않나요?', NULL, 'Y', '2024/02/01'),
	('user029', 16, 479, '발톱 케어 세트의 날은 얼마나 날카로운가요?', NULL, 'Y', '2024/02/01'),
	('user030', 16, 480, '발톱 케어 세트를 사용하면 발톱을 안전하게 다듬을 수 있나요?', NULL, 'Y', '2024/02/01'),
	('user001', 16, 451, '발톱 케어 세트는 어떤 구성품으로 이루어져 있나요?', '발톱 가위, 갈아내는 파일, 안전 가드로 구성되어 있습니다.', 'Y', '2024/02/01'),
	('user002', 16, 452, '발톱 케어 세트를 사용하면 반려동물이 다치지 않나요?', '안전 가드가 있어 다칠 위험을 최소화합니다.', 'Y', '2024/02/01'),
	('user003', 16, 453, '발톱 케어 세트는 어떤 크기의 반려동물에게 적합한가요?', '소형견부터 대형견까지 모두 사용할 수 있습니다.', 'Y', '2024/02/01'),
	('user004', 16, 454, '발톱 케어 세트 사용법은 어렵지 않나요?', '초보자도 쉽게 사용할 수 있도록 설계되었습니다.', 'Y', '2024/02/01'),
	('user005', 16, 455, '발톱 케어 세트는 어린 반려동물에게도 사용할 수 있나요?', '생후 6개월 이상의 반려동물에게 안전하게 사용할 수 있습니다.', 'Y', '2024/02/01'),
	('user006', 16, 456, '발톱 케어 세트의 날은 교체할 수 있나요?', '교체 가능한 날이 제공됩니다.', 'Y', '2024/02/01'),
	('user007', 16, 457, '발톱 케어 세트를 사용할 때 소음이 발생하나요?', '소음이 거의 없어 반려동물이 놀라지 않습니다.', 'Y', '2024/02/01'),
	('user008', 16, 458, '발톱 케어 세트는 미끄러지지 않게 설계되어 있나요?', '손잡이가 미끄럼 방지 처리되어 안전합니다.', 'Y', '2024/02/01'),
	('user009', 16, 459, '발톱 케어 세트의 재질은 무엇인가요?', '스테인리스와 내구성 높은 플라스틱으로 만들어졌습니다.', 'Y', '2024/02/01'),
	('user010', 16, 460, '발톱 케어 세트를 여행 중에도 사용할 수 있나요?', '컴팩트한 크기로 휴대가 간편합니다.', 'Y', '2024/02/01'),
	('user011', 16, 461, '발톱 케어 세트를 사용하면 발톱이 부러지지 않나요?', '부드럽게 다듬어 발톱 손상을 방지합니다.', 'Y', '2024/02/01'),
	('user012', 16, 462, '발톱 케어 세트는 얼마나 자주 사용해야 하나요?', '2주에 한 번 사용을 권장합니다.', 'Y', '2024/02/01'),
	('user013', 16, 463, '발톱 케어 세트를 사용하면 반려동물이 스트레스를 받지 않나요?', '조용하고 부드러운 작업으로 스트레스를 최소화합니다.', 'Y', '2024/02/01'),
	('user014', 16, 464, '발톱 케어 세트는 대형견에게도 사용할 수 있나요?', '대형견의 두꺼운 발톱에도 사용할 수 있도록 설계되었습니다.', 'Y', '2024/02/01'),
	('user015', 16, 465, '발톱 케어 세트는 정밀한 작업이 가능한가요?', '정교한 다듬기를 위한 세밀한 날이 포함되어 있습니다.', 'Y', '2024/02/01'),
	('user016', 16, 466, '발톱 케어 세트를 장기간 사용해도 내구성이 좋나요?', '내구성이 뛰어나 장기간 사용이 가능합니다.', 'Y', '2024/02/01'),
	('user017', 16, 467, '발톱 케어 세트는 초보자도 사용하기 쉬운가요?', '초보자도 쉽게 사용할 수 있는 디자인입니다.', 'Y', '2024/02/01'),
	('user018', 16, 468, '발톱 케어 세트를 사용하면 발톱 모양이 깔끔해지나요?', '깔끔하고 매끄러운 발톱 모양을 유지할 수 있습니다.', 'Y', '2024/02/01'),
	('user019', 16, 469, '발톱 케어 세트는 방수가 되나요?', '방수 처리가 되어 물로 세척할 수 있습니다.', 'Y', '2024/02/01'),
	('user020', 16, 470, '발톱 케어 세트는 가격 대비 성능이 어떤가요?', '합리적인 가격에 고성능을 제공합니다.', 'Y', '2024/02/01'),
	('user021', 16, 471, '발톱 케어 세트는 반려묘에게도 사용할 수 있나요?', '반려묘의 발톱 다듬기에도 적합합니다.', 'Y', '2024/02/01'),
	('user022', 16, 472, '발톱 케어 세트의 손잡이는 미끄럽지 않나요?', '인체공학적 미끄럼 방지 손잡이로 설계되었습니다.', 'Y', '2024/02/01'),
	('user023', 16, 473, '발톱 케어 세트는 어떤 안전장치가 있나요?', '안전 가드가 있어 너무 깊게 자르지 않도록 도와줍니다.', 'Y', '2024/02/01'),
	('user024', 16, 474, '발톱 케어 세트를 사용하면 발톱 끝이 매끄럽게 다듬어지나요?', '매끄럽고 안전한 마무리가 가능합니다.', 'Y', '2024/02/01'),
	('user025', 16, 475, '발톱 케어 세트는 다른 용도로도 사용할 수 있나요?', '반려동물 전용으로 권장되며 다른 용도로는 비추천합니다.', 'Y', '2024/02/01'),
	('user026', 16, 476, '발톱 케어 세트는 대량으로 구매할 수 있나요?', '대량 구매 시 추가 할인 혜택이 제공됩니다.', 'Y', '2024/02/01'),
	('user027', 16, 477, '발톱 케어 세트의 사용법은 간단한가요?', '초보자도 쉽게 사용할 수 있는 간단한 사용법입니다.', 'Y', '2024/02/01'),
	('user028', 16, 478, '발톱 케어 세트를 사용하면 발톱이 손상되지 않나요?', '부드럽고 정교하게 다듬어 손상을 방지합니다.', 'Y', '2024/02/01'),
	('user029', 16, 479, '발톱 케어 세트의 날은 얼마나 날카로운가요?', '적당한 날카로움으로 부드럽게 자를 수 있습니다.', 'Y', '2024/02/01'),
	('user030', 16, 480, '발톱 케어 세트를 사용하면 발톱을 안전하게 다듬을 수 있나요?', '안전하게 발톱을 다듬을 수 있도록 설계되었습니다.', 'Y', '2024/02/01'),
	('user001', 17, 481, '피부 보습 로션은 어떤 성분으로 만들어졌나요?', NULL, 'Y', '2024/02/01'),
	('user002', 17, 482, '보습 로션은 반려동물의 피부에 안전한가요?', NULL, 'Y', '2024/02/01'),
	('user003', 17, 483, '피부 보습 로션은 어떤 피부 타입에 적합한가요?', NULL, 'Y', '2024/02/01'),
	('user004', 17, 484, '보습 로션 사용 후 헹궈야 하나요?', NULL, 'Y', '2024/02/01'),
	('user005', 17, 485, '보습 로션을 발라주면 피부 자극이 없나요?', NULL, 'Y', '2024/02/01'),
	('user006', 17, 486, '피부 보습 로션의 향이 강하지 않나요?', NULL, 'Y', '2024/02/01'),
	('user007', 17, 487, '보습 로션은 하루에 몇 번 사용해야 하나요?', NULL, 'Y', '2024/02/01'),
	('user008', 17, 488, '피부 보습 로션은 건조함을 완화해주나요?', NULL, 'Y', '2024/02/01'),
	('user009', 17, 489, '보습 로션을 바르면 피부가 끈적이지 않나요?', NULL, 'Y', '2024/02/01'),
	('user010', 17, 490, '피부 보습 로션은 반려묘에게도 사용할 수 있나요?', NULL, 'Y', '2024/02/01'),
	('user011', 17, 491, '보습 로션은 사용 후 얼마나 오래 보습 효과가 유지되나요?', NULL, 'Y', '2024/02/01'),
	('user012', 17, 492, '피부 보습 로션은 발진이나 알러지를 유발하지 않나요?', NULL, 'Y', '2024/02/01'),
	('user013', 17, 493, '보습 로션을 사용해도 반려동물이 핥아도 괜찮나요?', NULL, 'Y', '2024/02/01'),
	('user014', 17, 494, '피부 보습 로션은 민감한 피부에도 사용할 수 있나요?', NULL, 'Y', '2024/02/01'),
	('user015', 17, 495, '보습 로션은 흡수가 빠른가요?', NULL, 'Y', '2024/02/01'),
	('user016', 17, 496, '피부 보습 로션은 대량 구매할 수 있나요?', NULL, 'Y', '2024/02/01'),
	('user017', 17, 497, '피부 보습 로션은 계절에 상관없이 사용할 수 있나요?', NULL, 'Y', '2024/02/01'),
	('user018', 17, 498, '보습 로션 사용법은 간단한가요?', NULL, 'Y', '2024/02/01'),
	('user019', 17, 499, '피부 보습 로션은 가려움증 완화에도 효과가 있나요?', NULL, 'Y', '2024/02/01'),
	('user020', 17, 500, '보습 로션은 건조한 발바닥에도 사용할 수 있나요?', NULL, 'Y', '2024/02/01'),
	('user021', 17, 501, '피부 보습 로션은 유통기한이 얼마나 되나요?', NULL, 'Y', '2024/02/01'),
	('user022', 17, 502, '보습 로션은 사용 후 반려동물이 스트레스를 받지 않나요?', NULL, 'Y', '2024/02/01'),
	('user023', 17, 503, '보습 로션을 사용할 때 따로 주의할 점이 있나요?', NULL, 'Y', '2024/02/01'),
	('user024', 17, 504, '보습 로션은 반려동물이 자주 있는 공간에서도 안전한가요?', NULL, 'Y', '2024/02/01'),
	('user025', 17, 505, '보습 로션은 피부 장벽을 강화하는 성분이 있나요?', NULL, 'Y', '2024/02/01'),
	('user026', 17, 506, '피부 보습 로션은 몇 세 이상의 반려동물에게 적합한가요?', NULL, 'Y', '2024/02/01'),
	('user027', 17, 507, '보습 로션은 자극적인 성분이 포함되어 있지 않나요?', NULL, 'Y', '2024/02/01'),
	('user028', 17, 508, '보습 로션은 반려동물의 외상에도 사용할 수 있나요?', NULL, 'Y', '2024/02/01'),
	('user029', 17, 509, '피부 보습 로션은 무향 제품인가요?', NULL, 'Y', '2024/02/01'),
	('user030', 17, 510, '보습 로션을 사용하면 피부가 더 부드러워지나요?', NULL, 'Y', '2024/02/01'),
	('user001', 17, 481, '피부 보습 로션은 어떤 성분으로 만들어졌나요?', '세라마이드와 판테놀 등 피부 보호 성분이 포함되어 있습니다.', 'Y', '2024/02/01'),
	('user002', 17, 482, '보습 로션은 반려동물의 피부에 안전한가요?', '천연 성분으로 민감한 피부에도 안전합니다.', 'Y', '2024/02/01'),
	('user003', 17, 483, '피부 보습 로션은 어떤 피부 타입에 적합한가요?', '모든 피부 타입에 적합하며 특히 건조한 피부에 효과적입니다.', 'Y', '2024/02/01'),
	('user004', 17, 484, '보습 로션 사용 후 헹궈야 하나요?', '헹구지 않고 자연 건조시키면 됩니다.', 'Y', '2024/02/01'),
	('user005', 17, 485, '보습 로션을 발라주면 피부 자극이 없나요?', '저자극 포뮬러로 피부 자극을 최소화합니다.', 'Y', '2024/02/01'),
	('user006', 17, 486, '피부 보습 로션의 향이 강하지 않나요?', '은은한 향으로 강하지 않습니다.', 'Y', '2024/02/01'),
	('user007', 17, 487, '보습 로션은 하루에 몇 번 사용해야 하나요?', '피부 상태에 따라 하루 1~2회 사용을 권장합니다.', 'Y', '2024/02/01'),
	('user008', 17, 488, '피부 보습 로션은 건조함을 완화해주나요?', '보습 성분이 피부 건조를 효과적으로 완화합니다.', 'Y', '2024/02/01'),
	('user009', 17, 489, '보습 로션을 바르면 피부가 끈적이지 않나요?', '빠르게 흡수되어 끈적임 없이 사용 가능합니다.', 'Y', '2024/02/01'),
	('user010', 17, 490, '피부 보습 로션은 반려묘에게도 사용할 수 있나요?', '반려묘에게도 안전하게 사용할 수 있습니다.', 'Y', '2024/02/01'),
	('user011', 17, 491, '보습 로션은 사용 후 얼마나 오래 보습 효과가 유지되나요?', '최대 24시간까지 보습 효과를 유지합니다.', 'Y', '2024/02/01'),
	('user012', 17, 492, '피부 보습 로션은 발진이나 알러지를 유발하지 않나요?', '알러지 유발 가능성을 최소화한 성분으로 제작되었습니다.', 'Y', '2024/02/01'),
	('user013', 17, 493, '보습 로션을 사용해도 반려동물이 핥아도 괜찮나요?', '천연 성분으로 만들어져 핥아도 안전합니다.', 'Y', '2024/02/01'),
	('user014', 17, 494, '피부 보습 로션은 민감한 피부에도 사용할 수 있나요?', '민감한 피부에도 적합한 저자극 제품입니다.', 'Y', '2024/02/01'),
	('user015', 17, 495, '보습 로션은 흡수가 빠른가요?', '빠르게 흡수되어 즉각적인 보습 효과를 제공합니다.', 'Y', '2024/02/01'),
	('user016', 17, 496, '피부 보습 로션은 대량 구매할 수 있나요?', '대량 구매 시 추가 할인 혜택이 제공됩니다.', 'Y', '2024/02/01'),
	('user017', 17, 497, '피부 보습 로션은 계절에 상관없이 사용할 수 있나요?', '사계절 내내 사용 가능한 제품입니다.', 'Y', '2024/02/01'),
	('user018', 17, 498, '보습 로션 사용법은 간단한가요?', '손바닥에 덜어 피부에 부드럽게 펴 바르기만 하면 됩니다.', 'Y', '2024/02/01'),
	('user019', 17, 499, '피부 보습 로션은 가려움증 완화에도 효과가 있나요?', '가려움증 완화 성분이 포함되어 있습니다.', 'Y', '2024/02/01'),
	('user020', 17, 500, '보습 로션은 건조한 발바닥에도 사용할 수 있나요?', '발바닥과 같은 부위에도 효과적입니다.', 'Y', '2024/02/01'),
	('user021', 17, 501, '피부 보습 로션은 유통기한이 얼마나 되나요?', '제조일로부터 2년간 사용 가능합니다.', 'Y', '2024/02/01'),
	('user022', 17, 502, '보습 로션은 사용 후 반려동물이 스트레스를 받지 않나요?', '부드러운 사용감으로 스트레스를 유발하지 않습니다.', 'Y', '2024/02/01'),
	('user023', 17, 503, '보습 로션을 사용할 때 따로 주의할 점이 있나요?', '상처가 있는 부위에는 사용을 피하세요.', 'Y', '2024/02/01'),
	('user024', 17, 504, '보습 로션은 반려동물이 자주 있는 공간에서도 안전한가요?', '안전한 성분으로 자주 있는 공간에서도 안심하고 사용할 수 있습니다.', 'Y', '2024/02/01'),
	('user025', 17, 505, '보습 로션은 피부 장벽을 강화하는 성분이 있나요?', '세라마이드가 피부 장벽 강화에 도움을 줍니다.', 'Y', '2024/02/01'),
	('user026', 17, 506, '피부 보습 로션은 몇 세 이상의 반려동물에게 적합한가요?', '생후 3개월 이상의 반려동물에게 적합합니다.', 'Y', '2024/02/01'),
	('user027', 17, 507, '보습 로션은 자극적인 성분이 포함되어 있지 않나요?', '자극적인 성분 없이 부드러운 포뮬러로 제작되었습니다.', 'Y', '2024/02/01'),
	('user028', 17, 508, '보습 로션은 반려동물의 외상에도 사용할 수 있나요?', '외상 부위에는 사용을 권장하지 않습니다.', 'Y', '2024/02/01'),
	('user029', 17, 509, '피부 보습 로션은 무향 제품인가요?', '은은한 자연 향이 포함되어 있습니다.', 'Y', '2024/02/01'),
	('user030', 17, 510, '보습 로션을 사용하면 피부가 더 부드러워지나요?', '보습 성분이 피부를 부드럽게 유지합니다.', 'Y', '2024/02/01'),
	('user001', 18, 511, '미용 가위 세트는 어떤 종류의 가위로 구성되어 있나요?', NULL, 'Y', '2024/02/01'),
	('user002', 18, 512, '미용 가위는 초보자도 사용하기 쉬운가요?', NULL, 'Y', '2024/02/01'),
	('user003', 18, 513, '가위 날은 얼마나 날카로운가요?', NULL, 'Y', '2024/02/01'),
	('user004', 18, 514, '미용 가위 세트는 반려동물의 피부를 손상시키지 않나요?', NULL, 'Y', '2024/02/01'),
	('user005', 18, 515, '미용 가위 세트는 어떤 재질로 만들어졌나요?', NULL, 'Y', '2024/02/01'),
	('user006', 18, 516, '미용 가위 세트는 반려묘에게도 사용할 수 있나요?', NULL, 'Y', '2024/02/01'),
	('user007', 18, 517, '가위 날은 교체할 수 있나요?', NULL, 'Y', '2024/02/01'),
	('user008', 18, 518, '미용 가위를 정기적으로 관리해야 하나요?', NULL, 'Y', '2024/02/01'),
	('user009', 18, 519, '미용 가위 세트는 소형견과 대형견 모두 사용할 수 있나요?', NULL, 'Y', '2024/02/01'),
	('user010', 18, 520, '가위 손잡이는 미끄럼 방지 처리가 되어 있나요?', NULL, 'Y', '2024/02/01'),
	('user011', 18, 521, '미용 가위 세트는 여행 시에도 휴대하기 편리한가요?', NULL, 'Y', '2024/02/01'),
	('user012', 18, 522, '가위를 사용할 때 소음이 발생하나요?', NULL, 'Y', '2024/02/01'),
	('user013', 18, 523, '미용 가위 세트의 무게는 무겁지 않나요?', NULL, 'Y', '2024/02/01'),
	('user014', 18, 524, '가위는 오래 사용해도 날카로움이 유지되나요?', NULL, 'Y', '2024/02/01'),
	('user015', 18, 525, '미용 가위 세트를 대량 구매할 수 있나요?', NULL, 'Y', '2024/02/01'),
	('user016', 18, 526, '가위 세트는 안전하게 보관할 수 있는 케이스가 포함되어 있나요?', NULL, 'Y', '2024/02/01'),
	('user017', 18, 527, '미용 가위 세트는 초보자용과 전문가용 모두 사용할 수 있나요?', NULL, 'Y', '2024/02/01'),
	('user018', 18, 528, '가위 사용법은 어렵지 않나요?', NULL, 'Y', '2024/02/01'),
	('user019', 18, 529, '가위를 사용하면 털이 고르게 잘리나요?', NULL, 'Y', '2024/02/01'),
	('user020', 18, 530, '미용 가위 세트는 알러지를 유발하지 않나요?', NULL, 'Y', '2024/02/01'),
	('user021', 18, 531, '미용 가위 세트의 손잡이는 편안한가요?', NULL, 'Y', '2024/02/01'),
	('user022', 18, 532, '가위 날이 둔해지면 어떻게 해야 하나요?', NULL, 'Y', '2024/02/01'),
	('user023', 18, 533, '가위를 사용하면 털이 상하지 않나요?', NULL, 'Y', '2024/02/01'),
	('user024', 18, 534, '미용 가위 세트는 어떤 종류의 털에 적합한가요?', NULL, 'Y', '2024/02/01'),
	('user025', 18, 535, '미용 가위 세트는 방수가 되나요?', NULL, 'Y', '2024/02/01'),
	('user026', 18, 536, '미용 가위 세트를 사용하면 반려동물이 스트레스를 받지 않나요?', NULL, 'Y', '2024/02/01'),
	('user027', 18, 537, '미용 가위 세트는 안전한 사용을 위한 장치가 있나요?', NULL, 'Y', '2024/02/01'),
	('user028', 18, 538, '미용 가위 세트를 어떻게 관리해야 하나요?', NULL, 'Y', '2024/02/01'),
	('user029', 18, 539, '미용 가위 세트를 사용하면 털 엉킴을 방지할 수 있나요?', NULL, 'Y', '2024/02/01'),
	('user030', 18, 540, '미용 가위 세트는 장모와 단모 모두에 적합한가요?', NULL, 'Y', '2024/02/01'),
	('user001', 18, 511, '미용 가위 세트는 어떤 종류의 가위로 구성되어 있나요?', '일반 가위, 숱 가위, 곡선 가위로 구성되어 있습니다.', 'Y', '2024/02/01'),
	('user002', 18, 512, '미용 가위는 초보자도 사용하기 쉬운가요?', '초보자도 쉽게 사용할 수 있도록 설계되었습니다.', 'Y', '2024/02/01'),
	('user003', 18, 513, '가위 날은 얼마나 날카로운가요?', '정밀하게 연마된 날로 고도의 날카로움을 제공합니다.', 'Y', '2024/02/01'),
	('user004', 18, 514, '미용 가위 세트는 반려동물의 피부를 손상시키지 않나요?', '둥근 끝 처리가 되어 피부 손상을 방지합니다.', 'Y', '2024/02/01'),
	('user005', 18, 515, '미용 가위 세트는 어떤 재질로 만들어졌나요?', '고품질 스테인리스 재질로 내구성이 뛰어납니다.', 'Y', '2024/02/01'),
	('user006', 18, 516, '미용 가위 세트는 반려묘에게도 사용할 수 있나요?', '반려묘의 털 관리에도 적합합니다.', 'Y', '2024/02/01'),
	('user007', 18, 517, '가위 날은 교체할 수 있나요?', '가위 날 교체는 불가능하지만 날 연마는 가능합니다.', 'Y', '2024/02/01'),
	('user008', 18, 518, '미용 가위를 정기적으로 관리해야 하나요?', '정기적인 날 연마와 세척을 권장합니다.', 'Y', '2024/02/01'),
	('user009', 18, 519, '미용 가위 세트는 소형견과 대형견 모두 사용할 수 있나요?', '소형견과 대형견 모두 사용 가능합니다.', 'Y', '2024/02/01'),
	('user010', 18, 520, '가위 손잡이는 미끄럼 방지 처리가 되어 있나요?', '미끄럼 방지 손잡이로 안정적인 사용이 가능합니다.', 'Y', '2024/02/01'),
	('user011', 18, 521, '미용 가위 세트는 여행 시에도 휴대하기 편리한가요?', '휴대용 케이스가 포함되어 있어 이동이 편리합니다.', 'Y', '2024/02/01'),
	('user012', 18, 522, '가위를 사용할 때 소음이 발생하나요?', '소음이 거의 없어 반려동물이 놀라지 않습니다.', 'Y', '2024/02/01'),
	('user013', 18, 523, '미용 가위 세트의 무게는 무겁지 않나요?', '가벼운 소재로 장시간 사용에도 부담이 없습니다.', 'Y', '2024/02/01'),
	('user014', 18, 524, '가위는 오래 사용해도 날카로움이 유지되나요?', '고품질 날로 오래 사용해도 날카로움이 유지됩니다.', 'Y', '2024/02/01'),
	('user015', 18, 525, '미용 가위 세트를 대량 구매할 수 있나요?', '대량 구매 시 할인 혜택이 제공됩니다.', 'Y', '2024/02/01'),
	('user016', 18, 526, '가위 세트는 안전하게 보관할 수 있는 케이스가 포함되어 있나요?', '안전한 보관을 위한 전용 케이스가 포함되어 있습니다.', 'Y', '2024/02/01'),
	('user017', 18, 527, '미용 가위 세트는 초보자용과 전문가용 모두 사용할 수 있나요?', '초보자와 전문가 모두 사용 가능한 다목적 가위 세트입니다.', 'Y', '2024/02/01'),
	('user018', 18, 528, '가위 사용법은 어렵지 않나요?', '간단한 사용법으로 누구나 쉽게 사용할 수 있습니다.', 'Y', '2024/02/01'),
	('user019', 18, 529, '가위를 사용하면 털이 고르게 잘리나요?', '균일한 커팅을 위한 정밀 설계가 적용되었습니다.', 'Y', '2024/02/01'),
	('user020', 18, 530, '미용 가위 세트는 알러지를 유발하지 않나요?', '안전한 소재로 알러지 유발 성분이 없습니다.', 'Y', '2024/02/01'),
	('user021', 18, 531, '미용 가위 세트의 손잡이는 편안한가요?', '인체공학적 손잡이로 편안한 사용감을 제공합니다.', 'Y', '2024/02/01'),
	('user022', 18, 532, '가위 날이 둔해지면 어떻게 해야 하나요?', '날 연마를 통해 다시 날카롭게 사용할 수 있습니다.', 'Y', '2024/02/01'),
	('user023', 18, 533, '가위를 사용하면 털이 상하지 않나요?', '털 손상을 최소화하는 디자인으로 설계되었습니다.', 'Y', '2024/02/01'),
	('user024', 18, 534, '미용 가위 세트는 어떤 종류의 털에 적합한가요?', '모든 털 타입에 적합하며 장모와 단모 모두 사용할 수 있습니다.', 'Y', '2024/02/01'),
	('user025', 18, 535, '미용 가위 세트는 방수가 되나요?', '방수 처리가 되어 물 세척이 가능합니다.', 'Y', '2024/02/01'),
	('user026', 18, 536, '미용 가위 세트를 사용하면 반려동물이 스트레스를 받지 않나요?', '조용하고 부드러운 작동으로 스트레스를 최소화합니다.', 'Y', '2024/02/01'),
	('user027', 18, 537, '미용 가위 세트는 안전한 사용을 위한 장치가 있나요?', '둥근 끝 처리와 안전 잠금 장치가 포함되어 있습니다.', 'Y', '2024/02/01'),
	('user028', 18, 538, '미용 가위 세트를 어떻게 관리해야 하나요?', '사용 후 물 세척과 건조를 통해 관리하세요.', 'Y', '2024/02/01'),
	('user029', 18, 539, '미용 가위 세트를 사용하면 털 엉킴을 방지할 수 있나요?', '털 엉킴 제거와 정리를 동시에 할 수 있습니다.', 'Y', '2024/02/01'),
	('user030', 18, 540, '미용 가위 세트는 장모와 단모 모두에 적합한가요?', '장모와 단모 모두를 위한 최적의 설계로 제작되었습니다.', 'Y', '2024/02/01'),
	('user001', 19, 541, '겨울용 패딩 점퍼는 어떤 소재로 만들어졌나요?', NULL, 'Y', '2024/02/01'),
	('user002', 19, 542, '패딩 점퍼는 방수 기능이 있나요?', NULL, 'Y', '2024/02/01'),
	('user003', 19, 543, '패딩 점퍼는 어떤 크기 옵션이 있나요?', NULL, 'Y', '2024/02/01'),
	('user004', 19, 544, '겨울용 패딩 점퍼는 털 빠짐이 있나요?', NULL, 'Y', '2024/02/01'),
	('user005', 19, 545, '패딩 점퍼는 세탁이 가능한가요?', NULL, 'Y', '2024/02/01'),
	('user006', 19, 546, '겨울용 패딩 점퍼는 대형견에게도 적합한가요?', NULL, 'Y', '2024/02/01'),
	('user007', 19, 547, '패딩 점퍼는 보온 효과가 뛰어난가요?', NULL, 'Y', '2024/02/01'),
	('user008', 19, 548, '겨울용 패딩 점퍼는 반려묘에게도 사용할 수 있나요?', NULL, 'Y', '2024/02/01'),
	('user009', 19, 549, '패딩 점퍼의 착용이 간편한가요?', NULL, 'Y', '2024/02/01'),
	('user010', 19, 550, '겨울용 패딩 점퍼는 야간 산책 시 안전한가요?', NULL, 'Y', '2024/02/01'),
	('user011', 19, 551, '패딩 점퍼는 반려동물이 움직이기에 편안한가요?', NULL, 'Y', '2024/02/01'),
	('user012', 19, 552, '패딩 점퍼는 어떤 색상 옵션이 있나요?', NULL, 'Y', '2024/02/01'),
	('user013', 19, 553, '겨울용 패딩 점퍼는 목줄과 하네스 착용이 가능한가요?', NULL, 'Y', '2024/02/01'),
	('user014', 19, 554, '패딩 점퍼는 바람을 막아주는 기능이 있나요?', NULL, 'Y', '2024/02/01'),
	('user015', 19, 555, '패딩 점퍼는 알러지를 유발하지 않나요?', NULL, 'Y', '2024/02/01'),
	('user016', 19, 556, '패딩 점퍼는 대량 구매할 수 있나요?', NULL, 'Y', '2024/02/01'),
	('user017', 19, 557, '겨울용 패딩 점퍼는 세탁기 사용이 가능한가요?', NULL, 'Y', '2024/02/01'),
	('user018', 19, 558, '패딩 점퍼의 보관이 용이한가요?', NULL, 'Y', '2024/02/01'),
	('user019', 19, 559, '겨울용 패딩 점퍼는 실내에서도 착용이 적합한가요?', NULL, 'Y', '2024/02/01'),
	('user020', 19, 560, '패딩 점퍼는 가격 대비 성능이 어떤가요?', NULL, 'Y', '2024/02/01'),
	('user021', 19, 561, '겨울용 패딩 점퍼는 추운 지역에서도 효과적인가요?', NULL, 'Y', '2024/02/01'),
	('user022', 19, 562, '패딩 점퍼는 목 부위를 따뜻하게 유지할 수 있나요?', NULL, 'Y', '2024/02/01'),
	('user023', 19, 563, '겨울용 패딩 점퍼는 착용 시 반려동물이 스트레스를 받지 않나요?', NULL, 'Y', '2024/02/01'),
	('user024', 19, 564, '패딩 점퍼는 이동 시 소음이 발생하지 않나요?', NULL, 'Y', '2024/02/01'),
	('user025', 19, 565, '겨울용 패딩 점퍼는 내구성이 뛰어난가요?', NULL, 'Y', '2024/02/01'),
	('user026', 19, 566, '패딩 점퍼는 사이즈 조절이 가능한가요?', NULL, 'Y', '2024/02/01'),
	('user027', 19, 567, '겨울용 패딩 점퍼는 방풍 기능이 있나요?', NULL, 'Y', '2024/02/01'),
	('user028', 19, 568, '패딩 점퍼는 착용 후 피부 자극이 없나요?', NULL, 'Y', '2024/02/01'),
	('user029', 19, 569, '패딩 점퍼는 소형견에게도 적합한가요?', NULL, 'Y', '2024/02/01'),
	('user030', 19, 570, '패딩 점퍼는 세탁 후 변형이 없나요?', NULL, 'Y', '2024/02/01'),
	('user001', 19, 541, '겨울용 패딩 점퍼는 어떤 소재로 만들어졌나요?', '방수 원단과 고급 충전재로 제작되었습니다.', 'Y', '2024/02/01'),
	('user002', 19, 542, '패딩 점퍼는 방수 기능이 있나요?', '생활 방수 기능이 있어 눈과 비로부터 보호합니다.', 'Y', '2024/02/01'),
	('user003', 19, 543, '패딩 점퍼는 어떤 크기 옵션이 있나요?', 'S, M, L, XL 등 다양한 사이즈로 제공됩니다.', 'Y', '2024/02/01'),
	('user004', 19, 544, '겨울용 패딩 점퍼는 털 빠짐이 있나요?', '고급 원단을 사용하여 털 빠짐이 거의 없습니다.', 'Y', '2024/02/01'),
	('user005', 19, 545, '패딩 점퍼는 세탁이 가능한가요?', '손세탁을 권장하지만, 약한 모드의 세탁기 사용도 가능합니다.', 'Y', '2024/02/01'),
	('user006', 19, 546, '겨울용 패딩 점퍼는 대형견에게도 적합한가요?', '대형견을 위한 맞춤형 사이즈가 제공됩니다.', 'Y', '2024/02/01'),
	('user007', 19, 547, '패딩 점퍼는 보온 효과가 뛰어난가요?', '고급 충전재로 보온 효과가 뛰어납니다.', 'Y', '2024/02/01'),
	('user008', 19, 548, '겨울용 패딩 점퍼는 반려묘에게도 사용할 수 있나요?', '반려묘의 사이즈에 맞는 경우 사용 가능합니다.', 'Y', '2024/02/01'),
	('user009', 19, 549, '패딩 점퍼의 착용이 간편한가요?', '벨크로 방식으로 착용이 간편합니다.', 'Y', '2024/02/01'),
	('user010', 19, 550, '겨울용 패딩 점퍼는 야간 산책 시 안전한가요?', '반사 소재가 적용되어 야간에도 안전합니다.', 'Y', '2024/02/01'),
	('user011', 19, 551, '패딩 점퍼는 반려동물이 움직이기에 편안한가요?', '편안한 착용감을 제공하는 디자인입니다.', 'Y', '2024/02/01'),
	('user012', 19, 552, '패딩 점퍼는 어떤 색상 옵션이 있나요?', '블랙, 네이비, 레드 등 다양한 색상이 있습니다.', 'Y', '2024/02/01'),
	('user013', 19, 553, '겨울용 패딩 점퍼는 목줄과 하네스 착용이 가능한가요?', '목줄과 하네스를 통과시킬 수 있는 홀이 있습니다.', 'Y', '2024/02/01'),
	('user014', 19, 554, '패딩 점퍼는 바람을 막아주는 기능이 있나요?', '방풍 기능이 있어 바람을 효과적으로 차단합니다.', 'Y', '2024/02/01'),
	('user015', 19, 555, '패딩 점퍼는 알러지를 유발하지 않나요?', '안전한 소재로 알러지 유발 성분이 포함되어 있지 않습니다.', 'Y', '2024/02/01'),
	('user016', 19, 556, '패딩 점퍼는 대량 구매할 수 있나요?', '대량 구매 시 할인 혜택이 제공됩니다.', 'Y', '2024/02/01'),
	('user017', 19, 557, '겨울용 패딩 점퍼는 세탁기 사용이 가능한가요?', '찬물 모드로 세탁기 사용이 가능합니다.', 'Y', '2024/02/01'),
	('user018', 19, 558, '패딩 점퍼의 보관이 용이한가요?', '접어서 보관할 수 있어 공간을 절약합니다.', 'Y', '2024/02/01'),
	('user019', 19, 559, '겨울용 패딩 점퍼는 실내에서도 착용이 적합한가요?', '실내 착용에도 적합한 가벼운 디자인입니다.', 'Y', '2024/02/01'),
	('user020', 19, 560, '패딩 점퍼는 가격 대비 성능이 어떤가요?', '뛰어난 성능에 합리적인 가격을 자랑합니다.', 'Y', '2024/02/01'),
	('user021', 19, 561, '겨울용 패딩 점퍼는 추운 지역에서도 효과적인가요?', '혹한 지역에서도 착용이 적합한 보온성을 제공합니다.', 'Y', '2024/02/01'),
	('user022', 19, 562, '패딩 점퍼는 목 부위를 따뜻하게 유지할 수 있나요?', '높은 카라 디자인으로 목 부위를 따뜻하게 보호합니다.', 'Y', '2024/02/01'),
	('user023', 19, 563, '겨울용 패딩 점퍼는 착용 시 반려동물이 스트레스를 받지 않나요?', '부드럽고 편안한 착용감으로 스트레스를 줄여줍니다.', 'Y', '2024/02/01'),
	('user024', 19, 564, '패딩 점퍼는 이동 시 소음이 발생하지 않나요?', '조용한 원단으로 소음이 거의 발생하지 않습니다.', 'Y', '2024/02/01'),
	('user025', 19, 565, '겨울용 패딩 점퍼는 내구성이 뛰어난가요?', '튼튼한 원단과 봉제로 내구성이 뛰어납니다.', 'Y', '2024/02/01'),
	('user026', 19, 566, '패딩 점퍼는 사이즈 조절이 가능한가요?', '벨크로로 사이즈 조절이 가능합니다.', 'Y', '2024/02/01'),
	('user027', 19, 567, '겨울용 패딩 점퍼는 방풍 기능이 있나요?', '방풍 기능이 있어 강한 바람도 막아줍니다.', 'Y', '2024/02/01'),
	('user028', 19, 568, '패딩 점퍼는 착용 후 피부 자극이 없나요?', '부드러운 소재로 피부 자극을 방지합니다.', 'Y', '2024/02/01'),
	('user029', 19, 569, '패딩 점퍼는 소형견에게도 적합한가요?', '소형견을 위한 맞춤 사이즈가 준비되어 있습니다.', 'Y', '2024/02/01'),
	('user030', 19, 570, '패딩 점퍼는 세탁 후 변형이 없나요?', '세탁 후에도 원래 형태를 유지합니다.', 'Y', '2024/02/01'),
	('user001', 20, 571, '쿨링 메쉬 민소매는 어떤 소재로 만들어졌나요?', NULL, 'Y', '2024/02/01'),
	('user002', 20, 572, '쿨링 메쉬 민소매는 자외선 차단 기능이 있나요?', NULL, 'Y', '2024/02/01'),
	('user003', 20, 573, '쿨링 메쉬 민소매는 어떤 크기 옵션이 있나요?', NULL, 'Y', '2024/02/01'),
	('user004', 20, 574, '쿨링 메쉬 민소매는 통기성이 좋은가요?', NULL, 'Y', '2024/02/01'),
	('user005', 20, 575, '쿨링 메쉬 민소매는 세탁이 가능한가요?', NULL, 'Y', '2024/02/01'),
	('user006', 20, 576, '쿨링 메쉬 민소매는 대형견에게도 적합한가요?', NULL, 'Y', '2024/02/01'),
	('user007', 20, 577, '쿨링 메쉬 민소매는 더운 날씨에 효과적인가요?', NULL, 'Y', '2024/02/01'),
	('user008', 20, 578, '쿨링 메쉬 민소매는 반려묘에게도 사용할 수 있나요?', NULL, 'Y', '2024/02/01'),
	('user009', 20, 579, '쿨링 메쉬 민소매는 착용이 간편한가요?', NULL, 'Y', '2024/02/01'),
	('user010', 20, 580, '쿨링 메쉬 민소매는 야외 활동 시 유용한가요?', NULL, 'Y', '2024/02/01'),
	('user011', 20, 581, '쿨링 메쉬 민소매는 반려동물이 움직이기에 편안한가요?', NULL, 'Y', '2024/02/01'),
	('user012', 20, 582, '쿨링 메쉬 민소매는 어떤 색상 옵션이 있나요?', NULL, 'Y', '2024/02/01'),
	('user013', 20, 583, '쿨링 메쉬 민소매는 목줄과 하네스 착용이 가능한가요?', NULL, 'Y', '2024/02/01'),
	('user014', 20, 584, '쿨링 메쉬 민소매는 땀 냄새를 흡수하나요?', NULL, 'Y', '2024/02/01'),
	('user015', 20, 585, '쿨링 메쉬 민소매는 알러지를 유발하지 않나요?', NULL, 'Y', '2024/02/01'),
	('user016', 20, 586, '쿨링 메쉬 민소매는 대량 구매할 수 있나요?', NULL, 'Y', '2024/02/01'),
	('user017', 20, 587, '쿨링 메쉬 민소매는 세탁기 사용이 가능한가요?', NULL, 'Y', '2024/02/01'),
	('user018', 20, 588, '쿨링 메쉬 민소매의 보관이 용이한가요?', NULL, 'Y', '2024/02/01'),
	('user019', 20, 589, '쿨링 메쉬 민소매는 실내에서도 착용이 적합한가요?', NULL, 'Y', '2024/02/01'),
	('user020', 20, 590, '쿨링 메쉬 민소매는 가격 대비 성능이 어떤가요?', NULL, 'Y', '2024/02/01'),
	('user021', 20, 591, '쿨링 메쉬 민소매는 여름철 더위 해소에 효과적인가요?', NULL, 'Y', '2024/02/01'),
	('user022', 20, 592, '쿨링 메쉬 민소매는 물에 적셔서 사용해도 되나요?', NULL, 'Y', '2024/02/01'),
	('user023', 20, 593, '쿨링 메쉬 민소매는 반려동물이 스트레스를 받지 않나요?', NULL, 'Y', '2024/02/01'),
	('user024', 20, 594, '쿨링 메쉬 민소매는 이동 시 불편함이 없나요?', NULL, 'Y', '2024/02/01'),
	('user025', 20, 595, '쿨링 메쉬 민소매는 내구성이 뛰어난가요?', NULL, 'Y', '2024/02/01'),
	('user026', 20, 596, '쿨링 메쉬 민소매는 사이즈 조절이 가능한가요?', NULL, 'Y', '2024/02/01'),
	('user027', 20, 597, '쿨링 메쉬 민소매는 피부 자극이 없나요?', NULL, 'Y', '2024/02/01'),
	('user028', 20, 598, '쿨링 메쉬 민소매는 소형견에게도 적합한가요?', NULL, 'Y', '2024/02/01'),
	('user029', 20, 599, '쿨링 메쉬 민소매는 세탁 후 변형이 없나요?', NULL, 'Y', '2024/02/01'),
	('user030', 20, 600, '쿨링 메쉬 민소매는 신축성이 좋은가요?', NULL, 'Y', '2024/02/01'),
	('user001', 20, 571, '쿨링 메쉬 민소매는 어떤 소재로 만들어졌나요?', '통기성과 내구성을 갖춘 메쉬 소재로 제작되었습니다.', 'Y', '2024/02/01'),
	('user002', 20, 572, '쿨링 메쉬 민소매는 자외선 차단 기능이 있나요?', 'UPF50+ 등급으로 자외선 차단이 가능합니다.', 'Y', '2024/02/01'),
	('user003', 20, 573, '쿨링 메쉬 민소매는 어떤 크기 옵션이 있나요?', 'S, M, L, XL 등 다양한 사이즈로 제공됩니다.', 'Y', '2024/02/01'),
	('user004', 20, 574, '쿨링 메쉬 민소매는 통기성이 좋은가요?', '공기 순환이 원활하여 쾌적함을 제공합니다.', 'Y', '2024/02/01'),
	('user005', 20, 575, '쿨링 메쉬 민소매는 세탁이 가능한가요?', '찬물 세탁기로 세탁이 가능합니다.', 'Y', '2024/02/01'),
	('user006', 20, 576, '쿨링 메쉬 민소매는 대형견에게도 적합한가요?', '대형견을 위한 맞춤형 사이즈가 준비되어 있습니다.', 'Y', '2024/02/01'),
	('user007', 20, 577, '쿨링 메쉬 민소매는 더운 날씨에 효과적인가요?', '더운 날씨에 몸을 시원하게 유지합니다.', 'Y', '2024/02/01'),
	('user008', 20, 578, '쿨링 메쉬 민소매는 반려묘에게도 사용할 수 있나요?', '반려묘의 사이즈에 맞는 경우 사용 가능합니다.', 'Y', '2024/02/01'),
	('user009', 20, 579, '쿨링 메쉬 민소매는 착용이 간편한가요?', '편리한 벨크로 방식으로 쉽게 착용할 수 있습니다.', 'Y', '2024/02/01'),
	('user010', 20, 580, '쿨링 메쉬 민소매는 야외 활동 시 유용한가요?', '야외 활동 시 더위를 식히는 데 효과적입니다.', 'Y', '2024/02/01'),
	('user011', 20, 581, '쿨링 메쉬 민소매는 반려동물이 움직이기에 편안한가요?', '가벼운 디자인으로 자유로운 움직임을 제공합니다.', 'Y', '2024/02/01'),
	('user012', 20, 582, '쿨링 메쉬 민소매는 어떤 색상 옵션이 있나요?', '블루, 그린, 옐로우 등 다양한 색상이 있습니다.', 'Y', '2024/02/01'),
	('user013', 20, 583, '쿨링 메쉬 민소매는 목줄과 하네스 착용이 가능한가요?', '목줄과 하네스를 통과시킬 수 있는 홀이 있습니다.', 'Y', '2024/02/01'),
	('user014', 20, 584, '쿨링 메쉬 민소매는 땀 냄새를 흡수하나요?', '흡수 기능이 있어 땀 냄새를 최소화합니다.', 'Y', '2024/02/01'),
	('user015', 20, 585, '쿨링 메쉬 민소매는 알러지를 유발하지 않나요?', '알러지 유발 가능성이 없는 안전한 소재로 제작되었습니다.', 'Y', '2024/02/01'),
	('user016', 20, 586, '쿨링 메쉬 민소매는 대량 구매할 수 있나요?', '대량 구매 시 할인 혜택이 제공됩니다.', 'Y', '2024/02/01'),
	('user017', 20, 587, '쿨링 메쉬 민소매는 세탁기 사용이 가능한가요?', '찬물 모드로 세탁기 사용이 가능합니다.', 'Y', '2024/02/01'),
	('user018', 20, 588, '쿨링 메쉬 민소매의 보관이 용이한가요?', '접어서 보관이 가능하며 공간을 절약합니다.', 'Y', '2024/02/01'),
	('user019', 20, 589, '쿨링 메쉬 민소매는 실내에서도 착용이 적합한가요?', '실내에서도 적합한 쾌적한 소재로 제작되었습니다.', 'Y', '2024/02/01'),
	('user020', 20, 590, '쿨링 메쉬 민소매는 가격 대비 성능이 어떤가요?', '합리적인 가격으로 뛰어난 성능을 제공합니다.', 'Y', '2024/02/01'),
	('user021', 20, 591, '쿨링 메쉬 민소매는 여름철 더위 해소에 효과적인가요?', '여름철 더위 해소를 위해 설계되었습니다.', 'Y', '2024/02/01'),
	('user022', 20, 592, '쿨링 메쉬 민소매는 물에 적셔서 사용해도 되나요?', '물을 적셔 사용하면 쿨링 효과가 더욱 증가합니다.', 'Y', '2024/02/01'),
	('user023', 20, 593, '쿨링 메쉬 민소매는 반려동물이 스트레스를 받지 않나요?', '부드러운 착용감으로 스트레스를 줄여줍니다.', 'Y', '2024/02/01'),
	('user024', 20, 594, '쿨링 메쉬 민소매는 이동 시 불편함이 없나요?', '가벼운 소재로 이동 시에도 편안합니다.', 'Y', '2024/02/01'),
	('user025', 20, 595, '쿨링 메쉬 민소매는 내구성이 뛰어난가요?', '튼튼한 봉제와 소재로 내구성이 뛰어납니다.', 'Y', '2024/02/01'),
	('user026', 20, 596, '쿨링 메쉬 민소매는 사이즈 조절이 가능한가요?', '벨크로로 사이즈 조절이 가능합니다.', 'Y', '2024/02/01'),
	('user027', 20, 597, '쿨링 메쉬 민소매는 피부 자극이 없나요?', '피부 자극을 최소화하는 부드러운 소재로 제작되었습니다.', 'Y', '2024/02/01'),
	('user028', 20, 598, '쿨링 메쉬 민소매는 소형견에게도 적합한가요?', '소형견을 위한 맞춤 사이즈가 준비되어 있습니다.', 'Y', '2024/02/01'),
	('user029', 20, 599, '쿨링 메쉬 민소매는 세탁 후 변형이 없나요?', '세탁 후에도 원래 형태를 유지합니다.', 'Y', '2024/02/01'),
	('user030', 20, 600, '쿨링 메쉬 민소매는 신축성이 좋은가요?', '신축성이 뛰어나 활동하기 편리합니다.', 'Y', '2024/02/01'),
	('user001', 21, 601, '레인코트 바람막이는 방수 기능이 있나요?', NULL, 'Y', '2024/02/01'),
	('user002', 21, 602, '레인코트는 어떤 소재로 만들어졌나요?', NULL, 'Y', '2024/02/01'),
	('user003', 21, 603, '레인코트는 가볍나요?', NULL, 'Y', '2024/02/01'),
	('user004', 21, 604, '레인코트는 소형견과 대형견 모두 사용할 수 있나요?', NULL, 'Y', '2024/02/01'),
	('user005', 21, 605, '레인코트는 착용이 간편한가요?', NULL, 'Y', '2024/02/01'),
	('user006', 21, 606, '레인코트는 세탁이 가능한가요?', NULL, 'Y', '2024/02/01'),
	('user007', 21, 607, '레인코트는 반려묘에게도 사용할 수 있나요?', NULL, 'Y', '2024/02/01'),
	('user008', 21, 608, '레인코트는 비가 많이 오는 날에도 효과적인가요?', NULL, 'Y', '2024/02/01'),
	('user009', 21, 609, '레인코트는 바람을 막아주는 기능이 있나요?', NULL, 'Y', '2024/02/01'),
	('user010', 21, 610, '레인코트는 야간 산책 시 안전한가요?', NULL, 'Y', '2024/02/01'),
	('user011', 21, 611, '레인코트는 반려동물이 움직이기에 편안한가요?', NULL, 'Y', '2024/02/01'),
	('user012', 21, 612, '레인코트는 어떤 크기 옵션이 있나요?', NULL, 'Y', '2024/02/01'),
	('user013', 21, 613, '레인코트는 하네스와 목줄을 착용한 상태에서 사용할 수 있나요?', NULL, 'Y', '2024/02/01'),
	('user014', 21, 614, '레인코트는 접어서 휴대하기 편리한가요?', NULL, 'Y', '2024/02/01'),
	('user015', 21, 615, '레인코트는 알러지를 유발하지 않나요?', NULL, 'Y', '2024/02/01'),
	('user016', 21, 616, '레인코트는 대량 구매할 수 있나요?', NULL, 'Y', '2024/02/01'),
	('user017', 21, 617, '레인코트는 비 오는 날 외에도 사용할 수 있나요?', NULL, 'Y', '2024/02/01'),
	('user018', 21, 618, '레인코트는 가격 대비 성능이 어떤가요?', NULL, 'Y', '2024/02/01'),
	('user019', 21, 619, '레인코트는 오래 착용해도 반려동물이 불편해하지 않나요?', NULL, 'Y', '2024/02/01'),
	('user020', 21, 620, '레인코트는 방수 외에 어떤 추가 기능이 있나요?', NULL, 'Y', '2024/02/01'),
	('user021', 21, 621, '레인코트는 디자인이 다양한가요?', NULL, 'Y', '2024/02/01'),
	('user022', 21, 622, '레인코트는 비 오는 날에 얼마나 효과적인가요?', NULL, 'Y', '2024/02/01'),
	('user023', 21, 623, '레인코트는 어떤 색상 옵션이 있나요?', NULL, 'Y', '2024/02/01'),
	('user024', 21, 624, '레인코트는 반려동물이 싫어하지 않나요?', NULL, 'Y', '2024/02/01'),
	('user025', 21, 625, '레인코트는 강한 바람에도 견딜 수 있나요?', NULL, 'Y', '2024/02/01'),
	('user026', 21, 626, '레인코트는 내구성이 뛰어난가요?', NULL, 'Y', '2024/02/01'),
	('user027', 21, 627, '레인코트는 비를 완전히 막아줄 수 있나요?', NULL, 'Y', '2024/02/01'),
	('user028', 21, 628, '레인코트는 세탁 후 변형되지 않나요?', NULL, 'Y', '2024/02/01'),
	('user029', 21, 629, '레인코트는 반려동물이 스트레스를 받지 않도록 설계되었나요?', NULL, 'Y', '2024/02/01'),
	('user030', 21, 630, '레인코트는 소형견 전용 사이즈도 있나요?', NULL, 'Y', '2024/02/01'),
	('user001', 21, 601, '레인코트 바람막이는 방수 기능이 있나요?', '고급 방수 소재로 제작되어 완벽한 방수를 제공합니다.', 'Y', '2024/02/01'),
	('user002', 21, 602, '레인코트는 어떤 소재로 만들어졌나요?', '경량 방수 원단으로 제작되었습니다.', 'Y', '2024/02/01'),
	('user003', 21, 603, '레인코트는 가볍나요?', '초경량 소재로 무게가 거의 느껴지지 않습니다.', 'Y', '2024/02/01'),
	('user004', 21, 604, '레인코트는 소형견과 대형견 모두 사용할 수 있나요?', '소형견부터 대형견까지 사용할 수 있는 다양한 사이즈를 제공합니다.', 'Y', '2024/02/01'),
	('user005', 21, 605, '레인코트는 착용이 간편한가요?', '벨크로 디자인으로 착용이 간편합니다.', 'Y', '2024/02/01'),
	('user006', 21, 606, '레인코트는 세탁이 가능한가요?', '찬물 세탁기로 세탁할 수 있습니다.', 'Y', '2024/02/01'),
	('user007', 21, 607, '레인코트는 반려묘에게도 사용할 수 있나요?', '반려묘의 체형에 맞는 경우 사용 가능합니다.', 'Y', '2024/02/01'),
	('user008', 21, 608, '레인코트는 비가 많이 오는 날에도 효과적인가요?', '강수량이 많은 날에도 몸을 완벽히 보호합니다.', 'Y', '2024/02/01'),
	('user009', 21, 609, '레인코트는 바람을 막아주는 기능이 있나요?', '방풍 기능으로 강한 바람도 막아줍니다.', 'Y', '2024/02/01'),
	('user010', 21, 610, '레인코트는 야간 산책 시 안전한가요?', '반사 소재가 적용되어 야간에도 안전하게 사용할 수 있습니다.', 'Y', '2024/02/01'),
	('user011', 21, 611, '레인코트는 반려동물이 움직이기에 편안한가요?', '자유로운 움직임을 지원하는 유연한 디자인입니다.', 'Y', '2024/02/01'),
	('user012', 21, 612, '레인코트는 어떤 크기 옵션이 있나요?', 'S, M, L, XL 등 다양한 크기가 제공됩니다.', 'Y', '2024/02/01'),
	('user013', 21, 613, '레인코트는 하네스와 목줄을 착용한 상태에서 사용할 수 있나요?', '목줄과 하네스를 통과할 수 있는 홀이 있습니다.', 'Y', '2024/02/01'),
	('user014', 21, 614, '레인코트는 접어서 휴대하기 편리한가요?', '접어서 보관할 수 있어 이동이 편리합니다.', 'Y', '2024/02/01'),
	('user015', 21, 615, '레인코트는 알러지를 유발하지 않나요?', '안전한 소재로 제작되어 알러지 유발 가능성이 없습니다.', 'Y', '2024/02/01'),
	('user016', 21, 616, '레인코트는 대량 구매할 수 있나요?', '대량 구매 시 할인 혜택이 제공됩니다.', 'Y', '2024/02/01'),
	('user017', 21, 617, '레인코트는 비 오는 날 외에도 사용할 수 있나요?', '비가 오는 날뿐 아니라 바람이 강한 날에도 유용합니다.', 'Y', '2024/02/01'),
	('user018', 21, 618, '레인코트는 가격 대비 성능이 어떤가요?', '합리적인 가격으로 최고의 성능을 제공합니다.', 'Y', '2024/02/01'),
	('user019', 21, 619, '레인코트는 오래 착용해도 반려동물이 불편해하지 않나요?', '부드러운 소재로 장시간 착용에도 불편함이 없습니다.', 'Y', '2024/02/01'),
	('user020', 21, 620, '레인코트는 방수 외에 어떤 추가 기능이 있나요?', '방풍, 반사 소재 적용 등 다양한 기능이 포함되어 있습니다.', 'Y', '2024/02/01'),
	('user021', 21, 621, '레인코트는 디자인이 다양한가요?', '스타일리시한 디자인으로 다양한 선택이 가능합니다.', 'Y', '2024/02/01'),
	('user022', 21, 622, '레인코트는 비 오는 날에 얼마나 효과적인가요?', '비 오는 날에 완벽히 몸을 보호합니다.', 'Y', '2024/02/01'),
	('user023', 21, 623, '레인코트는 어떤 색상 옵션이 있나요?', '네이비, 옐로우, 레드 등 다양한 색상이 제공됩니다.', 'Y', '2024/02/01'),
	('user024', 21, 624, '레인코트는 반려동물이 싫어하지 않나요?', '편안한 착용감으로 반려동물이 거부감을 느끼지 않습니다.', 'Y', '2024/02/01'),
	('user025', 21, 625, '레인코트는 강한 바람에도 견딜 수 있나요?', '방풍 기능이 있어 강한 바람도 효과적으로 막아줍니다.', 'Y', '2024/02/01'),
	('user026', 21, 626, '레인코트는 내구성이 뛰어난가요?', '튼튼한 원단으로 내구성이 뛰어납니다.', 'Y', '2024/02/01'),
	('user027', 21, 627, '레인코트는 비를 완전히 막아줄 수 있나요?', '비를 100% 차단하는 방수 원단이 사용되었습니다.', 'Y', '2024/02/01'),
	('user028', 21, 628, '레인코트는 세탁 후 변형되지 않나요?', '세탁 후에도 변형 없이 원형을 유지합니다.', 'Y', '2024/02/01'),
	('user029', 21, 629, '레인코트는 반려동물이 스트레스를 받지 않도록 설계되었나요?', '부드러운 원단과 유연한 디자인으로 스트레스를 최소화합니다.', 'Y', '2024/02/01'),
	('user030', 21, 630, '레인코트는 소형견 전용 사이즈도 있나요?', '소형견을 위한 전용 사이즈도 제공됩니다.', 'Y', '2024/02/01'),
	('user001', 22, 631, '산책용 조끼 하네스는 어떤 소재로 만들어졌나요?', NULL, 'Y', '2024/02/01'),
	('user002', 22, 632, '조끼 하네스는 반려동물이 착용하기 편한가요?', NULL, 'Y', '2024/02/01'),
	('user003', 22, 633, '조끼 하네스는 어떤 크기 옵션이 있나요?', NULL, 'Y', '2024/02/01'),
	('user004', 22, 634, '조끼 하네스는 대형견도 사용할 수 있나요?', NULL, 'Y', '2024/02/01'),
	('user005', 22, 635, '조끼 하네스는 착용 시 피부 자극이 없나요?', NULL, 'Y', '2024/02/01'),
	('user006', 22, 636, '조끼 하네스는 야간 산책 시 안전한가요?', NULL, 'Y', '2024/02/01'),
	('user007', 22, 637, '조끼 하네스는 소형견에게도 적합한가요?', NULL, 'Y', '2024/02/01'),
	('user008', 22, 638, '조끼 하네스는 착용 후 반려동물이 스트레스를 받지 않나요?', NULL, 'Y', '2024/02/01'),
	('user009', 22, 639, '조끼 하네스는 어떤 색상 옵션이 있나요?', NULL, 'Y', '2024/02/01'),
	('user010', 22, 640, '조끼 하네스는 세탁이 가능한가요?', NULL, 'Y', '2024/02/01'),
	('user011', 22, 641, '조끼 하네스는 목줄과 하네스 착용이 동시에 가능한가요?', NULL, 'Y', '2024/02/01'),
	('user012', 22, 642, '조끼 하네스는 내구성이 뛰어난가요?', NULL, 'Y', '2024/02/01'),
	('user013', 22, 643, '조끼 하네스는 반려묘에게도 사용할 수 있나요?', NULL, 'Y', '2024/02/01'),
	('user014', 22, 644, '조끼 하네스는 이동 중에도 쉽게 풀리지 않나요?', NULL, 'Y', '2024/02/01'),
	('user015', 22, 645, '조끼 하네스는 조절 가능한 디자인인가요?', NULL, 'Y', '2024/02/01'),
	('user016', 22, 646, '조끼 하네스는 가벼운가요?', NULL, 'Y', '2024/02/01'),
	('user017', 22, 647, '조끼 하네스는 물에 젖어도 괜찮나요?', NULL, 'Y', '2024/02/01'),
	('user018', 22, 648, '조끼 하네스는 대량 구매할 수 있나요?', NULL, 'Y', '2024/02/01'),
	('user019', 22, 649, '조끼 하네스는 디자인이 다양한가요?', NULL, 'Y', '2024/02/01'),
	('user020', 22, 650, '조끼 하네스는 안전하게 사용할 수 있나요?', NULL, 'Y', '2024/02/01'),
	('user021', 22, 651, '조끼 하네스는 장거리 산책에도 편리한가요?', NULL, 'Y', '2024/02/01'),
	('user022', 22, 652, '조끼 하네스는 어떤 반사 소재를 사용하나요?', NULL, 'Y', '2024/02/01'),
	('user023', 22, 653, '조끼 하네스는 세탁 후 변형되지 않나요?', NULL, 'Y', '2024/02/01'),
	('user024', 22, 654, '조끼 하네스는 알러지를 유발하지 않나요?', NULL, 'Y', '2024/02/01'),
	('user025', 22, 655, '조끼 하네스는 뜯김에 강한가요?', NULL, 'Y', '2024/02/01'),
	('user026', 22, 656, '조끼 하네스는 착용 후 움직임을 방해하지 않나요?', NULL, 'Y', '2024/02/01'),
	('user027', 22, 657, '조끼 하네스는 쉽게 착용할 수 있나요?', NULL, 'Y', '2024/02/01'),
	('user028', 22, 658, '조끼 하네스는 여름철에도 사용할 수 있나요?', NULL, 'Y', '2024/02/01'),
	('user029', 22, 659, '조끼 하네스는 가격 대비 성능이 어떤가요?', NULL, 'Y', '2024/02/01'),
	('user030', 22, 660, '조끼 하네스는 배송이 빠른가요?', NULL, 'Y', '2024/02/01'),
	('user001', 22, 631, '산책용 조끼 하네스는 어떤 소재로 만들어졌나요?', '부드러운 메쉬 소재와 내구성 있는 나일론으로 제작되었습니다.', 'Y', '2024/02/01'),
	('user002', 22, 632, '조끼 하네스는 반려동물이 착용하기 편한가요?', '인체공학적 디자인으로 편안한 착용감을 제공합니다.', 'Y', '2024/02/01'),
	('user003', 22, 633, '조끼 하네스는 어떤 크기 옵션이 있나요?', 'XS, S, M, L, XL 등 다양한 크기로 제공됩니다.', 'Y', '2024/02/01'),
	('user004', 22, 634, '조끼 하네스는 대형견도 사용할 수 있나요?', '대형견을 위한 강화된 내구성을 제공합니다.', 'Y', '2024/02/01'),
	('user005', 22, 635, '조끼 하네스는 착용 시 피부 자극이 없나요?', '부드러운 안감으로 피부 자극을 최소화했습니다.', 'Y', '2024/02/01'),
	('user006', 22, 636, '조끼 하네스는 야간 산책 시 안전한가요?', '3M 반사 소재를 사용해 야간에도 안전합니다.', 'Y', '2024/02/01'),
	('user007', 22, 637, '조끼 하네스는 소형견에게도 적합한가요?', '소형견 전용 사이즈와 경량 디자인으로 적합합니다.', 'Y', '2024/02/01'),
	('user008', 22, 638, '조끼 하네스는 착용 후 반려동물이 스트레스를 받지 않나요?', '편안한 착용감으로 스트레스를 최소화합니다.', 'Y', '2024/02/01'),
	('user009', 22, 639, '조끼 하네스는 어떤 색상 옵션이 있나요?', '블랙, 블루, 핑크 등 다양한 색상이 있습니다.', 'Y', '2024/02/01'),
	('user010', 22, 640, '조끼 하네스는 세탁이 가능한가요?', '찬물로 손세탁 또는 약한 세탁기 모드로 가능합니다.', 'Y', '2024/02/01'),
	('user011', 22, 641, '조끼 하네스는 목줄과 하네스 착용이 동시에 가능한가요?', '하네스와 목줄을 함께 사용할 수 있는 디자인입니다.', 'Y', '2024/02/01'),
	('user012', 22, 642, '조끼 하네스는 내구성이 뛰어난가요?', '강화된 나일론 소재로 내구성이 우수합니다.', 'Y', '2024/02/01'),
	('user013', 22, 643, '조끼 하네스는 반려묘에게도 사용할 수 있나요?', '반려묘의 사이즈에 맞는 경우 사용 가능합니다.', 'Y', '2024/02/01'),
	('user014', 22, 644, '조끼 하네스는 이동 중에도 쉽게 풀리지 않나요?', '이중 잠금 장치로 이동 중에도 안정적입니다.', 'Y', '2024/02/01'),
	('user015', 22, 645, '조끼 하네스는 조절 가능한 디자인인가요?', '조절 가능한 스트랩으로 체형에 맞게 착용할 수 있습니다.', 'Y', '2024/02/01'),
	('user016', 22, 646, '조끼 하네스는 가벼운가요?', '경량 소재로 장시간 착용에도 부담이 없습니다.', 'Y', '2024/02/01'),
	('user017', 22, 647, '조끼 하네스는 물에 젖어도 괜찮나요?', '방수 처리된 소재로 물에 젖어도 문제없습니다.', 'Y', '2024/02/01'),
	('user018', 22, 648, '조끼 하네스는 대량 구매할 수 있나요?', '대량 구매 시 할인 혜택이 제공됩니다.', 'Y', '2024/02/01'),
	('user019', 22, 649, '조끼 하네스는 디자인이 다양한가요?', '다양한 색상과 패턴으로 선택의 폭이 넓습니다.', 'Y', '2024/02/01'),
	('user020', 22, 650, '조끼 하네스는 안전하게 사용할 수 있나요?', '튼튼한 소재와 이중 잠금 장치로 안전하게 사용할 수 있습니다.', 'Y', '2024/02/01'),
	('user021', 22, 651, '조끼 하네스는 장거리 산책에도 편리한가요?', '편안한 착용감으로 장거리 산책에도 적합합니다.', 'Y', '2024/02/01'),
	('user022', 22, 652, '조끼 하네스는 어떤 반사 소재를 사용하나요?', '야간 안전을 위한 3M 반사 소재가 적용되었습니다.', 'Y', '2024/02/01'),
	('user023', 22, 653, '조끼 하네스는 세탁 후 변형되지 않나요?', '세탁 후에도 원형을 유지합니다.', 'Y', '2024/02/01'),
	('user024', 22, 654, '조끼 하네스는 알러지를 유발하지 않나요?', '알러지 유발 가능성이 없는 안전한 소재를 사용했습니다.', 'Y', '2024/02/01'),
	('user025', 22, 655, '조끼 하네스는 뜯김에 강한가요?', '내구성이 뛰어나 뜯김에 강합니다.', 'Y', '2024/02/01'),
	('user026', 22, 656, '조끼 하네스는 착용 후 움직임을 방해하지 않나요?', '유연한 소재로 움직임을 방해하지 않습니다.', 'Y', '2024/02/01'),
	('user027', 22, 657, '조끼 하네스는 쉽게 착용할 수 있나요?', '쉽고 빠르게 착용할 수 있도록 설계되었습니다.', 'Y', '2024/02/01'),
	('user028', 22, 658, '조끼 하네스는 여름철에도 사용할 수 있나요?', '통기성이 좋아 여름철에도 적합합니다.', 'Y', '2024/02/01'),
	('user029', 22, 659, '조끼 하네스는 가격 대비 성능이 어떤가요?', '뛰어난 품질과 합리적인 가격을 제공합니다.', 'Y', '2024/02/01'),
	('user030', 22, 660, '조끼 하네스는 배송이 빠른가요?', '주문 후 빠른 배송이 가능합니다.', 'Y', '2024/02/01'),
	('user001', 23, 661, '명품 니트 스웨터는 어떤 소재로 만들어졌나요?', NULL, 'Y', '2024/02/01'),
	('user002', 23, 662, '니트 스웨터는 착용 시 반려동물이 편안한가요?', NULL, 'Y', '2024/02/01'),
	('user003', 23, 663, '니트 스웨터는 어떤 크기 옵션이 있나요?', NULL, 'Y', '2024/02/01'),
	('user004', 23, 664, '니트 스웨터는 대형견도 착용할 수 있나요?', NULL, 'Y', '2024/02/01'),
	('user005', 23, 665, '니트 스웨터는 세탁이 가능한가요?', NULL, 'Y', '2024/02/01'),
	('user006', 23, 666, '니트 스웨터는 알러지를 유발하지 않나요?', NULL, 'Y', '2024/02/01'),
	('user007', 23, 667, '니트 스웨터는 겨울철에 보온성이 뛰어난가요?', NULL, 'Y', '2024/02/01'),
	('user008', 23, 668, '니트 스웨터는 소형견에게도 적합한가요?', NULL, 'Y', '2024/02/01'),
	('user009', 23, 669, '니트 스웨터는 반려묘가 착용할 수 있나요?', NULL, 'Y', '2024/02/01'),
	('user010', 23, 670, '니트 스웨터는 착용 시 쉽게 늘어나지 않나요?', NULL, 'Y', '2024/02/01'),
	('user011', 23, 671, '니트 스웨터는 어떤 색상 옵션이 있나요?', NULL, 'Y', '2024/02/01'),
	('user012', 23, 672, '니트 스웨터는 촉감이 부드러운가요?', NULL, 'Y', '2024/02/01'),
	('user013', 23, 673, '니트 스웨터는 세탁 후 변형되지 않나요?', NULL, 'Y', '2024/02/01'),
	('user014', 23, 674, '니트 스웨터는 착용이 간편한가요?', NULL, 'Y', '2024/02/01'),
	('user015', 23, 675, '니트 스웨터는 반려동물이 장시간 착용해도 괜찮나요?', NULL, 'Y', '2024/02/01'),
	('user016', 23, 676, '니트 스웨터는 물 세탁이 가능한가요?', NULL, 'Y', '2024/02/01'),
	('user017', 23, 677, '니트 스웨터는 대량 구매할 수 있나요?', NULL, 'Y', '2024/02/01'),
	('user018', 23, 678, '니트 스웨터는 여름철에는 착용하기 어려운가요?', NULL, 'Y', '2024/02/01'),
	('user019', 23, 679, '니트 스웨터는 착용 후 반려동물이 스트레스를 받지 않나요?', NULL, 'Y', '2024/02/01'),
	('user020', 23, 680, '니트 스웨터는 내구성이 뛰어난가요?', NULL, 'Y', '2024/02/01'),
	('user021', 23, 681, '니트 스웨터는 배송이 빠른가요?', NULL, 'Y', '2024/02/01'),
	('user022', 23, 682, '니트 스웨터는 디자인이 다양한가요?', NULL, 'Y', '2024/02/01'),
	('user023', 23, 683, '니트 스웨터는 가격 대비 품질이 어떤가요?', NULL, 'Y', '2024/02/01'),
	('user024', 23, 684, '니트 스웨터는 반려동물이 거부하지 않나요?', NULL, 'Y', '2024/02/01'),
	('user025', 23, 685, '니트 스웨터는 세탁 후 보풀이 생기지 않나요?', NULL, 'Y', '2024/02/01'),
	('user026', 23, 686, '니트 스웨터는 착용 후 움직임을 방해하지 않나요?', NULL, 'Y', '2024/02/01'),
	('user027', 23, 687, '니트 스웨터는 간단히 보관할 수 있나요?', NULL, 'Y', '2024/02/01'),
	('user028', 23, 688, '니트 스웨터는 털 빠짐을 방지하나요?', NULL, 'Y', '2024/02/01'),
	('user029', 23, 689, '니트 스웨터는 목 부위가 따뜻하게 유지되나요?', NULL, 'Y', '2024/02/01'),
	('user030', 23, 690, '니트 스웨터는 찬물 세탁이 가능한가요?', NULL, 'Y', '2024/02/01'),
	('user001', 23, 661, '명품 니트 스웨터는 어떤 소재로 만들어졌나요?', '최고급 메리노 울로 제작되었습니다.', 'Y', '2024/02/01'),
	('user002', 23, 662, '니트 스웨터는 착용 시 반려동물이 편안한가요?', '부드러운 니트 소재로 편안한 착용감을 제공합니다.', 'Y', '2024/02/01'),
	('user003', 23, 663, '니트 스웨터는 어떤 크기 옵션이 있나요?', 'XS, S, M, L, XL 등 다양한 크기로 제공됩니다.', 'Y', '2024/02/01'),
	('user004', 23, 664, '니트 스웨터는 대형견도 착용할 수 있나요?', '대형견을 위한 맞춤형 사이즈가 준비되어 있습니다.', 'Y', '2024/02/01'),
	('user005', 23, 665, '니트 스웨터는 세탁이 가능한가요?', '손세탁을 권장하지만 약한 세탁기 모드로도 세탁 가능합니다.', 'Y', '2024/02/01'),
	('user006', 23, 666, '니트 스웨터는 알러지를 유발하지 않나요?', '저자극 소재로 알러지 유발 가능성이 없습니다.', 'Y', '2024/02/01'),
	('user007', 23, 667, '니트 스웨터는 겨울철에 보온성이 뛰어난가요?', '울 소재로 보온성이 매우 뛰어납니다.', 'Y', '2024/02/01'),
	('user008', 23, 668, '니트 스웨터는 소형견에게도 적합한가요?', '소형견을 위한 사이즈와 경량 디자인으로 적합합니다.', 'Y', '2024/02/01'),
	('user009', 23, 669, '니트 스웨터는 반려묘가 착용할 수 있나요?', '반려묘에게도 착용 가능하며 사이즈 조절이 가능합니다.', 'Y', '2024/02/01'),
	('user010', 23, 670, '니트 스웨터는 착용 시 쉽게 늘어나지 않나요?', '탄력 있는 울 소재로 쉽게 늘어나지 않습니다.', 'Y', '2024/02/01'),
	('user011', 23, 671, '니트 스웨터는 어떤 색상 옵션이 있나요?', '블루, 베이지, 브라운 등 다양한 색상이 있습니다.', 'Y', '2024/02/01'),
	('user012', 23, 672, '니트 스웨터는 촉감이 부드러운가요?', '고급 울 소재로 촉감이 매우 부드럽습니다.', 'Y', '2024/02/01'),
	('user013', 23, 673, '니트 스웨터는 세탁 후 변형되지 않나요?', '세탁 후에도 원형을 유지하도록 제작되었습니다.', 'Y', '2024/02/01'),
	('user014', 23, 674, '니트 스웨터는 착용이 간편한가요?', '간단한 디자인으로 쉽게 착용할 수 있습니다.', 'Y', '2024/02/01'),
	('user015', 23, 675, '니트 스웨터는 반려동물이 장시간 착용해도 괜찮나요?', '부드럽고 가벼워 장시간 착용에도 적합합니다.', 'Y', '2024/02/01'),
	('user016', 23, 676, '니트 스웨터는 물 세탁이 가능한가요?', '찬물로 손세탁을 권장합니다.', 'Y', '2024/02/01'),
	('user017', 23, 677, '니트 스웨터는 대량 구매할 수 있나요?', '대량 구매 시 할인 혜택을 제공합니다.', 'Y', '2024/02/01'),
	('user018', 23, 678, '니트 스웨터는 여름철에는 착용하기 어려운가요?', '보온성이 높아 여름철에는 사용을 권장하지 않습니다.', 'Y', '2024/02/01'),
	('user019', 23, 679, '니트 스웨터는 착용 후 반려동물이 스트레스를 받지 않나요?', '편안한 착용감으로 스트레스를 줄여줍니다.', 'Y', '2024/02/01'),
	('user020', 23, 680, '니트 스웨터는 내구성이 뛰어난가요?', '튼튼한 울 소재와 꼼꼼한 마감으로 내구성이 뛰어납니다.', 'Y', '2024/02/01'),
	('user021', 23, 681, '니트 스웨터는 배송이 빠른가요?', '빠른 배송 서비스를 제공합니다.', 'Y', '2024/02/01'),
	('user022', 23, 682, '니트 스웨터는 디자인이 다양한가요?', '다양한 스타일과 패턴으로 제공됩니다.', 'Y', '2024/02/01'),
	('user023', 23, 683, '니트 스웨터는 가격 대비 품질이 어떤가요?', '고급 소재와 세련된 디자인으로 가격 대비 품질이 우수합니다.', 'Y', '2024/02/01'),
	('user024', 23, 684, '니트 스웨터는 반려동물이 거부하지 않나요?', '부드러운 촉감으로 거부감을 최소화합니다.', 'Y', '2024/02/01'),
	('user025', 23, 685, '니트 스웨터는 세탁 후 보풀이 생기지 않나요?', '울 소재의 특성상 보풀 발생을 최소화했습니다.', 'Y', '2024/02/01'),
	('user026', 23, 686, '니트 스웨터는 착용 후 움직임을 방해하지 않나요?', '신축성이 좋아 자유로운 움직임이 가능합니다.', 'Y', '2024/02/01'),
	('user027', 23, 687, '니트 스웨터는 간단히 보관할 수 있나요?', '접어서 보관이 가능하며 공간을 절약할 수 있습니다.', 'Y', '2024/02/01'),
	('user028', 23, 688, '니트 스웨터는 털 빠짐을 방지하나요?', '특수 처리된 원단으로 털 빠짐을 방지합니다.', 'Y', '2024/02/01'),
	('user029', 23, 689, '니트 스웨터는 목 부위가 따뜻하게 유지되나요?', '높은 카라 디자인으로 목 부위를 따뜻하게 보호합니다.', 'Y', '2024/02/01'),
	('user030', 23, 690, '니트 스웨터는 찬물 세탁이 가능한가요?', '찬물 세탁이 가능하며 손세탁을 권장합니다.', 'Y', '2024/02/01'),
	('user001', 24, 691, '패션 티셔츠는 어떤 소재로 만들어졌나요?', NULL, 'Y', '2024/02/01'),
	('user002', 24, 692, '패션 티셔츠는 반려동물이 착용하기 편안한가요?', NULL, 'Y', '2024/02/01'),
	('user003', 24, 693, '패션 티셔츠는 여름철 착용하기 적합한가요?', NULL, 'Y', '2024/02/01'),
	('user004', 24, 694, '패션 티셔츠는 어떤 크기 옵션이 있나요?', NULL, 'Y', '2024/02/01'),
	('user005', 24, 695, '패션 티셔츠는 반려묘에게도 사용할 수 있나요?', NULL, 'Y', '2024/02/01'),
	('user006', 24, 696, '패션 티셔츠는 세탁이 용이한가요?', NULL, 'Y', '2024/02/01'),
	('user007', 24, 697, '패션 티셔츠는 다양한 색상이 제공되나요?', NULL, 'Y', '2024/02/01'),
	('user008', 24, 698, '패션 티셔츠는 내구성이 강한가요?', NULL, 'Y', '2024/02/01'),
	('user009', 24, 699, '패션 티셔츠는 착용 후 반려동물이 불편해하지 않나요?', NULL, 'Y', '2024/02/01'),
	('user010', 24, 700, '패션 티셔츠는 움직임에 제한을 주지 않나요?', NULL, 'Y', '2024/02/01'),
	('user011', 24, 701, '패션 티셔츠는 알러지를 유발하지 않나요?', NULL, 'Y', '2024/02/01'),
	('user012', 24, 702, '패션 티셔츠는 가격 대비 품질이 좋은가요?', NULL, 'Y', '2024/02/01'),
	('user013', 24, 703, '패션 티셔츠는 세탁 후 변형이 없나요?', NULL, 'Y', '2024/02/01'),
	('user014', 24, 704, '패션 티셔츠는 목 부위가 편안한가요?', NULL, 'Y', '2024/02/01'),
	('user015', 24, 705, '패션 티셔츠는 디자인이 세련되었나요?', NULL, 'Y', '2024/02/01'),
	('user016', 24, 706, '패션 티셔츠는 대량 구매 시 혜택이 있나요?', NULL, 'Y', '2024/02/01'),
	('user017', 24, 707, '패션 티셔츠는 사계절 내내 착용 가능한가요?', NULL, 'Y', '2024/02/01'),
	('user018', 24, 708, '패션 티셔츠는 착용 후 쉽게 늘어나지 않나요?', NULL, 'Y', '2024/02/01'),
	('user019', 24, 709, '패션 티셔츠는 반려동물이 스트레스를 받지 않도록 설계되었나요?', NULL, 'Y', '2024/02/01'),
	('user020', 24, 710, '패션 티셔츠는 털 빠짐 방지 기능이 있나요?', NULL, 'Y', '2024/02/01'),
	('user021', 24, 711, '패션 티셔츠는 다양한 패턴 옵션이 있나요?', NULL, 'Y', '2024/02/01'),
	('user022', 24, 712, '패션 티셔츠는 반려동물이 거부하지 않나요?', NULL, 'Y', '2024/02/01'),
	('user023', 24, 713, '패션 티셔츠는 배송이 빠른가요?', NULL, 'Y', '2024/02/01'),
	('user024', 24, 714, '패션 티셔츠는 착용 중 털이 묻어나지 않나요?', NULL, 'Y', '2024/02/01'),
	('user025', 24, 715, '패션 티셔츠는 어떤 세탁 방법이 적합한가요?', NULL, 'Y', '2024/02/01'),
	('user026', 24, 716, '패션 티셔츠는 목줄이나 하네스 착용과 호환되나요?', NULL, 'Y', '2024/02/01'),
	('user027', 24, 717, '패션 티셔츠는 보풀이 잘 생기지 않나요?', NULL, 'Y', '2024/02/01'),
	('user028', 24, 718, '패션 티셔츠는 활동성이 좋은가요?', NULL, 'Y', '2024/02/01'),
	('user029', 24, 719, '패션 티셔츠는 대형견에게도 적합한가요?', NULL, 'Y', '2024/02/01'),
	('user030', 24, 720, '패션 티셔츠는 세탁 후 색상이 변하지 않나요?', NULL, 'Y', '2024/02/01'),
	('user001', 24, 691, '패션 티셔츠는 어떤 소재로 만들어졌나요?', '100% 순면으로 제작되었습니다.', 'Y', '2024/02/01'),
	('user002', 24, 692, '패션 티셔츠는 반려동물이 착용하기 편안한가요?', '부드럽고 신축성이 좋은 원단으로 편안한 착용감을 제공합니다.', 'Y', '2024/02/01'),
	('user003', 24, 693, '패션 티셔츠는 여름철 착용하기 적합한가요?', '통기성이 좋아 여름철에도 적합합니다.', 'Y', '2024/02/01'),
	('user004', 24, 694, '패션 티셔츠는 어떤 크기 옵션이 있나요?', 'XS, S, M, L, XL 등 다양한 크기가 제공됩니다.', 'Y', '2024/02/01'),
	('user005', 24, 695, '패션 티셔츠는 반려묘에게도 사용할 수 있나요?', '반려묘의 사이즈에 맞는 경우 사용 가능합니다.', 'Y', '2024/02/01'),
	('user006', 24, 696, '패션 티셔츠는 세탁이 용이한가요?', '찬물로 세탁기 세탁이 가능하며 관리가 쉽습니다.', 'Y', '2024/02/01'),
	('user007', 24, 697, '패션 티셔츠는 다양한 색상이 제공되나요?', '네, 다양한 색상으로 제공됩니다.', 'Y', '2024/02/01'),
	('user008', 24, 698, '패션 티셔츠는 내구성이 강한가요?', '튼튼한 봉제로 내구성이 뛰어납니다.', 'Y', '2024/02/01'),
	('user009', 24, 699, '패션 티셔츠는 착용 후 반려동물이 불편해하지 않나요?', '편안한 착용감을 제공하여 불편함을 최소화합니다.', 'Y', '2024/02/01'),
	('user010', 24, 700, '패션 티셔츠는 움직임에 제한을 주지 않나요?', '신축성이 좋아 자유로운 움직임이 가능합니다.', 'Y', '2024/02/01'),
	('user011', 24, 701, '패션 티셔츠는 알러지를 유발하지 않나요?', '알러지 유발 가능성이 없는 안전한 소재로 제작되었습니다.', 'Y', '2024/02/01'),
	('user012', 24, 702, '패션 티셔츠는 가격 대비 품질이 좋은가요?', '합리적인 가격으로 우수한 품질을 제공합니다.', 'Y', '2024/02/01'),
	('user013', 24, 703, '패션 티셔츠는 세탁 후 변형이 없나요?', '세탁 후에도 원형을 유지합니다.', 'Y', '2024/02/01'),
	('user014', 24, 704, '패션 티셔츠는 목 부위가 편안한가요?', '부드러운 마감 처리로 목 부위가 편안합니다.', 'Y', '2024/02/01'),
	('user015', 24, 705, '패션 티셔츠는 디자인이 세련되었나요?', '심플하면서도 세련된 디자인으로 제작되었습니다.', 'Y', '2024/02/01'),
	('user016', 24, 706, '패션 티셔츠는 대량 구매 시 혜택이 있나요?', '대량 구매 시 할인 혜택을 제공합니다.', 'Y', '2024/02/01'),
	('user017', 24, 707, '패션 티셔츠는 사계절 내내 착용 가능한가요?', '봄, 여름, 가을에 적합하며 겨울에는 이너웨어로 착용 가능합니다.', 'Y', '2024/02/01'),
	('user018', 24, 708, '패션 티셔츠는 착용 후 쉽게 늘어나지 않나요?', '내구성 있는 소재로 쉽게 늘어나지 않습니다.', 'Y', '2024/02/01'),
	('user019', 24, 709, '패션 티셔츠는 반려동물이 스트레스를 받지 않도록 설계되었나요?', '편안한 착용감으로 스트레스를 줄여줍니다.', 'Y', '2024/02/01'),
	('user020', 24, 710, '패션 티셔츠는 털 빠짐 방지 기능이 있나요?', '특수 원단으로 털 빠짐을 방지합니다.', 'Y', '2024/02/01'),
	('user021', 24, 711, '패션 티셔츠는 다양한 패턴 옵션이 있나요?', '심플한 단색부터 귀여운 패턴까지 다양한 옵션이 있습니다.', 'Y', '2024/02/01'),
	('user022', 24, 712, '패션 티셔츠는 반려동물이 거부하지 않나요?', '부드러운 소재와 가벼운 무게로 거부감을 줄였습니다.', 'Y', '2024/02/01'),
	('user023', 24, 713, '패션 티셔츠는 배송이 빠른가요?', '빠른 배송 서비스를 제공합니다.', 'Y', '2024/02/01'),
	('user024', 24, 714, '패션 티셔츠는 착용 중 털이 묻어나지 않나요?', '특수 코팅으로 털 묻어남을 최소화했습니다.', 'Y', '2024/02/01'),
	('user025', 24, 715, '패션 티셔츠는 어떤 세탁 방법이 적합한가요?', '찬물 세탁기 세탁 또는 손세탁을 권장합니다.', 'Y', '2024/02/01'),
	('user026', 24, 716, '패션 티셔츠는 목줄이나 하네스 착용과 호환되나요?', '목줄과 하네스를 위한 홀이 디자인에 포함되어 있습니다.', 'Y', '2024/02/01'),
	('user027', 24, 717, '패션 티셔츠는 보풀이 잘 생기지 않나요?', '보풀 방지 처리가 되어 있어 오래 사용 가능합니다.', 'Y', '2024/02/01'),
	('user028', 24, 718, '패션 티셔츠는 활동성이 좋은가요?', '신축성과 가벼움으로 활동성을 보장합니다.', 'Y', '2024/02/01'),
	('user029', 24, 719, '패션 티셔츠는 대형견에게도 적합한가요?', '대형견 전용 사이즈도 제공됩니다.', 'Y', '2024/02/01'),
	('user030', 24, 720, '패션 티셔츠는 세탁 후 색상이 변하지 않나요?', '색상이 변하지 않도록 염료가 처리되었습니다.', 'Y', '2024/02/01'),
	('user001', 25, 721, '고양이 낚시대는 어떤 소재로 만들어졌나요?', NULL, 'Y', '2024/02/01'),
	('user002', 25, 722, '고양이 낚시대는 내구성이 좋은가요?', NULL, 'Y', '2024/02/01'),
	('user003', 25, 723, '고양이 낚시대는 깃털이 쉽게 떨어지지 않나요?', NULL, 'Y', '2024/02/01'),
	('user004', 25, 724, '고양이 낚시대는 방울 소리가 큰가요?', NULL, 'Y', '2024/02/01'),
	('user005', 25, 725, '고양이 낚시대는 손잡이가 미끄럽지 않나요?', NULL, 'Y', '2024/02/01'),
	('user006', 25, 726, '고양이 낚시대는 반려묘가 안전하게 사용할 수 있나요?', NULL, 'Y', '2024/02/01'),
	('user007', 25, 727, '고양이 낚시대는 길이가 조절 가능한가요?', NULL, 'Y', '2024/02/01'),
	('user008', 25, 728, '고양이 낚시대는 어떤 색상 옵션이 있나요?', NULL, 'Y', '2024/02/01'),
	('user009', 25, 729, '고양이 낚시대는 깃털과 방울을 교체할 수 있나요?', NULL, 'Y', '2024/02/01'),
	('user010', 25, 730, '고양이 낚시대는 배송이 빠른가요?', NULL, 'Y', '2024/02/01'),
	('user011', 25, 731, '고양이 낚시대는 반려묘의 흥미를 잘 끌 수 있나요?', NULL, 'Y', '2024/02/01'),
	('user012', 25, 732, '고양이 낚시대는 성묘와 새끼 고양이 모두 사용할 수 있나요?', NULL, 'Y', '2024/02/01'),
	('user013', 25, 733, '고양이 낚시대는 소재가 안전한가요?', NULL, 'Y', '2024/02/01'),
	('user014', 25, 734, '고양이 낚시대는 활동량을 늘리는 데 효과적인가요?', NULL, 'Y', '2024/02/01'),
	('user015', 25, 735, '고양이 낚시대는 낚싯줄이 쉽게 끊어지지 않나요?', NULL, 'Y', '2024/02/01'),
	('user016', 25, 736, '고양이 낚시대는 대량 구매가 가능한가요?', NULL, 'Y', '2024/02/01'),
	('user017', 25, 737, '고양이 낚시대는 가격 대비 품질이 좋은가요?', NULL, 'Y', '2024/02/01'),
	('user018', 25, 738, '고양이 낚시대는 손잡이 길이가 적당한가요?', NULL, 'Y', '2024/02/01'),
	('user019', 25, 739, '고양이 낚시대는 반려묘가 스트레스를 받지 않도록 설계되었나요?', NULL, 'Y', '2024/02/01'),
	('user020', 25, 740, '고양이 낚시대는 오래 사용해도 깃털이 손상되지 않나요?', NULL, 'Y', '2024/02/01'),
	('user021', 25, 741, '고양이 낚시대는 사냥 본능을 자극할 수 있나요?', NULL, 'Y', '2024/02/01'),
	('user022', 25, 742, '고양이 낚시대는 휴대가 간편한가요?', NULL, 'Y', '2024/02/01'),
	('user023', 25, 743, '고양이 낚시대는 물로 세척할 수 있나요?', NULL, 'Y', '2024/02/01'),
	('user024', 25, 744, '고양이 낚시대는 끊어진 낚싯줄을 교체할 수 있나요?', NULL, 'Y', '2024/02/01'),
	('user025', 25, 745, '고양이 낚시대는 낚싯줄이 얇지 않나요?', NULL, 'Y', '2024/02/01'),
	('user026', 25, 746, '고양이 낚시대는 고양이의 발톱으로 긁혀도 괜찮나요?', NULL, 'Y', '2024/02/01'),
	('user027', 25, 747, '고양이 낚시대는 다양한 액세서리가 포함되어 있나요?', NULL, 'Y', '2024/02/01'),
	('user028', 25, 748, '고양이 낚시대는 반려묘가 지루하지 않도록 설계되었나요?', NULL, 'Y', '2024/02/01'),
	('user029', 25, 749, '고양이 낚시대는 다치지 않도록 끝부분이 부드럽게 처리되었나요?', NULL, 'Y', '2024/02/01'),
	('user030', 25, 750, '고양이 낚시대는 반려묘가 쉽게 흥미를 잃지 않나요?', NULL, 'Y', '2024/02/01'),
	('user001', 25, 721, '고양이 낚시대는 어떤 소재로 만들어졌나요?', '탄성이 좋은 플라스틱과 내구성 있는 나일론으로 제작되었습니다.', 'Y', '2024/02/01'),
	('user002', 25, 722, '고양이 낚시대는 내구성이 좋은가요?', '고강도 소재로 쉽게 손상되지 않습니다.', 'Y', '2024/02/01'),
	('user003', 25, 723, '고양이 낚시대는 깃털이 쉽게 떨어지지 않나요?', '튼튼한 고정 방식으로 깃털이 쉽게 떨어지지 않습니다.', 'Y', '2024/02/01'),
	('user004', 25, 724, '고양이 낚시대는 방울 소리가 큰가요?', '은은한 방울 소리로 반려묘의 흥미를 끕니다.', 'Y', '2024/02/01'),
	('user005', 25, 725, '고양이 낚시대는 손잡이가 미끄럽지 않나요?', '미끄럼 방지 처리된 손잡이로 안정적인 사용이 가능합니다.', 'Y', '2024/02/01'),
	('user006', 25, 726, '고양이 낚시대는 반려묘가 안전하게 사용할 수 있나요?', '안전한 소재와 부드러운 마감 처리로 반려묘가 다치지 않습니다.', 'Y', '2024/02/01'),
	('user007', 25, 727, '고양이 낚시대는 길이가 조절 가능한가요?', '길이를 조절할 수 있어 다양한 놀이 환경에 적합합니다.', 'Y', '2024/02/01'),
	('user008', 25, 728, '고양이 낚시대는 어떤 색상 옵션이 있나요?', '다양한 색상의 깃털과 낚싯줄이 포함되어 있습니다.', 'Y', '2024/02/01'),
	('user009', 25, 729, '고양이 낚시대는 깃털과 방울을 교체할 수 있나요?', '교체형 액세서리로 깃털과 방울을 쉽게 변경할 수 있습니다.', 'Y', '2024/02/01'),
	('user010', 25, 730, '고양이 낚시대는 배송이 빠른가요?', '빠른 배송 서비스를 제공합니다.', 'Y', '2024/02/01'),
	('user011', 25, 731, '고양이 낚시대는 반려묘의 흥미를 잘 끌 수 있나요?', '생동감 있는 움직임으로 반려묘의 흥미를 자극합니다.', 'Y', '2024/02/01'),
	('user012', 25, 732, '고양이 낚시대는 성묘와 새끼 고양이 모두 사용할 수 있나요?', '성묘와 새끼 고양이 모두 사용할 수 있는 크기와 디자인입니다.', 'Y', '2024/02/01'),
	('user013', 25, 733, '고양이 낚시대는 소재가 안전한가요?', '유해 물질이 포함되지 않은 안전한 소재로 제작되었습니다.', 'Y', '2024/02/01'),
	('user014', 25, 734, '고양이 낚시대는 활동량을 늘리는 데 효과적인가요?', '놀이 시간을 늘려 활동량을 증가시킵니다.', 'Y', '2024/02/01'),
	('user015', 25, 735, '고양이 낚시대는 낚싯줄이 쉽게 끊어지지 않나요?', '튼튼한 낚싯줄로 쉽게 끊어지지 않습니다.', 'Y', '2024/02/01'),
	('user016', 25, 736, '고양이 낚시대는 대량 구매가 가능한가요?', '대량 구매 시 할인 혜택을 제공합니다.', 'Y', '2024/02/01'),
	('user017', 25, 737, '고양이 낚시대는 가격 대비 품질이 좋은가요?', '합리적인 가격에 우수한 품질을 제공합니다.', 'Y', '2024/02/01'),
	('user018', 25, 738, '고양이 낚시대는 손잡이 길이가 적당한가요?', '적당한 길이의 손잡이로 편리한 사용이 가능합니다.', 'Y', '2024/02/01'),
	('user019', 25, 739, '고양이 낚시대는 반려묘가 스트레스를 받지 않도록 설계되었나요?', '부드러운 움직임과 소리로 스트레스를 최소화합니다.', 'Y', '2024/02/01'),
	('user020', 25, 740, '고양이 낚시대는 오래 사용해도 깃털이 손상되지 않나요?', '내구성 있는 깃털로 오래 사용할 수 있습니다.', 'Y', '2024/02/01'),
	('user021', 25, 741, '고양이 낚시대는 사냥 본능을 자극할 수 있나요?', '깃털과 방울로 사냥 본능을 효과적으로 자극합니다.', 'Y', '2024/02/01'),
	('user022', 25, 742, '고양이 낚시대는 휴대가 간편한가요?', '가벼운 무게와 컴팩트한 디자인으로 휴대가 편리합니다.', 'Y', '2024/02/01'),
	('user023', 25, 743, '고양이 낚시대는 물로 세척할 수 있나요?', '물 세척이 가능하며 관리가 간편합니다.', 'Y', '2024/02/01'),
	('user024', 25, 744, '고양이 낚시대는 끊어진 낚싯줄을 교체할 수 있나요?', '교체형 낚싯줄로 쉽게 교체가 가능합니다.', 'Y', '2024/02/01'),
	('user025', 25, 745, '고양이 낚시대는 낚싯줄이 얇지 않나요?', '적당한 두께의 낚싯줄로 안정적인 사용이 가능합니다.', 'Y', '2024/02/01'),
	('user026', 25, 746, '고양이 낚시대는 고양이의 발톱으로 긁혀도 괜찮나요?', '발톱에 긁혀도 손상되지 않는 내구성을 가지고 있습니다.', 'Y', '2024/02/01'),
	('user027', 25, 747, '고양이 낚시대는 다양한 액세서리가 포함되어 있나요?', '다양한 깃털과 방울 액세서리가 포함되어 있습니다.', 'Y', '2024/02/01'),
	('user028', 25, 748, '고양이 낚시대는 반려묘가 지루하지 않도록 설계되었나요?', '다양한 움직임과 소리로 지루함을 방지합니다.', 'Y', '2024/02/01'),
	('user029', 25, 749, '고양이 낚시대는 다치지 않도록 끝부분이 부드럽게 처리되었나요?', '끝부분을 부드럽게 처리해 안전성을 높였습니다.', 'Y', '2024/02/01'),
	('user030', 25, 750, '고양이 낚시대는 반려묘가 쉽게 흥미를 잃지 않나요?', '다양한 색상과 액세서리로 흥미를 유지시켜줍니다.', 'Y', '2024/02/01'),
	('user001', 26, 751, '노즈워크 매트는 어떤 소재로 만들어졌나요?', NULL, 'Y', '2024/02/01'),
	('user002', 26, 752, '노즈워크 매트는 세탁이 가능한가요?', NULL, 'Y', '2024/02/01'),
	('user003', 26, 753, '노즈워크 매트는 반려동물이 안전하게 사용할 수 있나요?', NULL, 'Y', '2024/02/01'),
	('user004', 26, 754, '노즈워크 매트는 다양한 크기가 제공되나요?', NULL, 'Y', '2024/02/01'),
	('user005', 26, 755, '노즈워크 매트는 사용법이 간단한가요?', NULL, 'Y', '2024/02/01'),
	('user006', 26, 756, '노즈워크 매트는 어떤 연령의 반려동물에게 적합한가요?', NULL, 'Y', '2024/02/01'),
	('user007', 26, 757, '노즈워크 매트는 내구성이 강한가요?', NULL, 'Y', '2024/02/01'),
	('user008', 26, 758, '노즈워크 매트는 반려동물이 스트레스를 받지 않도록 설계되었나요?', NULL, 'Y', '2024/02/01'),
	('user009', 26, 759, '노즈워크 매트는 반려동물의 활동량을 늘리는 데 효과적인가요?', NULL, 'Y', '2024/02/01'),
	('user010', 26, 760, '노즈워크 매트는 휴대가 간편한가요?', NULL, 'Y', '2024/02/01'),
	('user011', 26, 761, '노즈워크 매트는 간식을 숨기기에 충분한 공간이 있나요?', NULL, 'Y', '2024/02/01'),
	('user012', 26, 762, '노즈워크 매트는 반려묘도 사용할 수 있나요?', NULL, 'Y', '2024/02/01'),
	('user013', 26, 763, '노즈워크 매트는 털 빠짐이 방지되나요?', NULL, 'Y', '2024/02/01'),
	('user014', 26, 764, '노즈워크 매트는 바닥에서 미끄러지지 않나요?', NULL, 'Y', '2024/02/01'),
	('user015', 26, 765, '노즈워크 매트는 세척 후에도 변형되지 않나요?', NULL, 'Y', '2024/02/01'),
	('user016', 26, 766, '노즈워크 매트는 접어서 보관할 수 있나요?', NULL, 'Y', '2024/02/01'),
	('user017', 26, 767, '노즈워크 매트는 가격 대비 품질이 좋은가요?', NULL, 'Y', '2024/02/01'),
	('user018', 26, 768, '노즈워크 매트는 배송이 빠른가요?', NULL, 'Y', '2024/02/01'),
	('user019', 26, 769, '노즈워크 매트는 대형견도 사용할 수 있나요?', NULL, 'Y', '2024/02/01'),
	('user020', 26, 770, '노즈워크 매트는 어떤 색상 옵션이 있나요?', NULL, 'Y', '2024/02/01'),
	('user021', 26, 771, '노즈워크 매트는 디자인이 다양한가요?', NULL, 'Y', '2024/02/01'),
	('user022', 26, 772, '노즈워크 매트는 사용 후 간단히 청소할 수 있나요?', NULL, 'Y', '2024/02/01'),
	('user023', 26, 773, '노즈워크 매트는 반려동물이 흥미를 잃지 않도록 설계되었나요?', NULL, 'Y', '2024/02/01'),
	('user024', 26, 774, '노즈워크 매트는 견고하게 제작되었나요?', NULL, 'Y', '2024/02/01'),
	('user025', 26, 775, '노즈워크 매트는 장시간 사용해도 괜찮나요?', NULL, 'Y', '2024/02/01'),
	('user026', 26, 776, '노즈워크 매트는 반려동물이 물어도 쉽게 손상되지 않나요?', NULL, 'Y', '2024/02/01'),
	('user027', 26, 777, '노즈워크 매트는 반려동물이 지루하지 않도록 다양한 구조물이 포함되어 있나요?', NULL, 'Y', '2024/02/01'),
	('user028', 26, 778, '노즈워크 매트는 반려동물의 두뇌 발달에 도움을 주나요?', NULL, 'Y', '2024/02/01'),
	('user029', 26, 779, '노즈워크 매트는 반려동물이 안전하게 놀 수 있도록 끝부분이 부드럽게 처리되었나요?', NULL, 'Y', '2024/02/01'),
	('user030', 26, 780, '노즈워크 매트는 사용 시 소음이 나지 않나요?', NULL, 'Y', '2024/02/01'),
	('user001', 26, 751, '노즈워크 매트는 어떤 소재로 만들어졌나요?', '고급 펠트와 내구성 있는 패브릭으로 제작되었습니다.', 'Y', '2024/02/01'),
	('user002', 26, 752, '노즈워크 매트는 세탁이 가능한가요?', '손세탁과 약한 세탁기 모드로 세탁 가능합니다.', 'Y', '2024/02/01'),
	('user003', 26, 753, '노즈워크 매트는 반려동물이 안전하게 사용할 수 있나요?', '무독성 소재로 안전하게 사용할 수 있습니다.', 'Y', '2024/02/01'),
	('user004', 26, 754, '노즈워크 매트는 다양한 크기가 제공되나요?', '소형, 중형, 대형 옵션이 제공됩니다.', 'Y', '2024/02/01'),
	('user005', 26, 755, '노즈워크 매트는 사용법이 간단한가요?', '간단히 간식을 숨기고 반려동물에게 제공하면 됩니다.', 'Y', '2024/02/01'),
	('user006', 26, 756, '노즈워크 매트는 어떤 연령의 반려동물에게 적합한가요?', '모든 연령의 반려동물이 사용할 수 있습니다.', 'Y', '2024/02/01'),
	('user007', 26, 757, '노즈워크 매트는 내구성이 강한가요?', '튼튼한 봉제로 오래 사용할 수 있습니다.', 'Y', '2024/02/01'),
	('user008', 26, 758, '노즈워크 매트는 반려동물이 스트레스를 받지 않도록 설계되었나요?', '부드럽고 안전한 소재로 스트레스를 최소화합니다.', 'Y', '2024/02/01'),
	('user009', 26, 759, '노즈워크 매트는 반려동물의 활동량을 늘리는 데 효과적인가요?', '놀이를 통해 활동량을 효과적으로 늘릴 수 있습니다.', 'Y', '2024/02/01'),
	('user010', 26, 760, '노즈워크 매트는 휴대가 간편한가요?', '접어서 쉽게 휴대할 수 있습니다.', 'Y', '2024/02/01'),
	('user011', 26, 761, '노즈워크 매트는 간식을 숨기기에 충분한 공간이 있나요?', '다양한 크기의 숨김 공간이 포함되어 있습니다.', 'Y', '2024/02/01'),
	('user012', 26, 762, '노즈워크 매트는 반려묘도 사용할 수 있나요?', '반려묘도 사용할 수 있는 디자인입니다.', 'Y', '2024/02/01'),
	('user013', 26, 763, '노즈워크 매트는 털 빠짐이 방지되나요?', '특수 처리된 소재로 털 빠짐을 방지합니다.', 'Y', '2024/02/01'),
	('user014', 26, 764, '노즈워크 매트는 바닥에서 미끄러지지 않나요?', '바닥 미끄럼 방지 처리가 되어 있습니다.', 'Y', '2024/02/01'),
	('user015', 26, 765, '노즈워크 매트는 세척 후에도 변형되지 않나요?', '세척 후에도 원형을 유지합니다.', 'Y', '2024/02/01'),
	('user016', 26, 766, '노즈워크 매트는 접어서 보관할 수 있나요?', '접어서 간편하게 보관할 수 있습니다.', 'Y', '2024/02/01'),
	('user017', 26, 767, '노즈워크 매트는 가격 대비 품질이 좋은가요?', '합리적인 가격에 높은 품질을 제공합니다.', 'Y', '2024/02/01'),
	('user018', 26, 768, '노즈워크 매트는 배송이 빠른가요?', '빠른 배송 서비스가 가능합니다.', 'Y', '2024/02/01'),
	('user019', 26, 769, '노즈워크 매트는 대형견도 사용할 수 있나요?', '대형견도 사용할 수 있는 넉넉한 크기입니다.', 'Y', '2024/02/01'),
	('user020', 26, 770, '노즈워크 매트는 어떤 색상 옵션이 있나요?', '다양한 색상으로 제공되어 선택의 폭이 넓습니다.', 'Y', '2024/02/01'),
	('user021', 26, 771, '노즈워크 매트는 디자인이 다양한가요?', '다양한 패턴과 구조물이 포함된 디자인입니다.', 'Y', '2024/02/01'),
	('user022', 26, 772, '노즈워크 매트는 사용 후 간단히 청소할 수 있나요?', '쉽게 털어내고 물로 간단히 세척할 수 있습니다.', 'Y', '2024/02/01'),
	('user023', 26, 773, '노즈워크 매트는 반려동물이 흥미를 잃지 않도록 설계되었나요?', '다양한 숨김 공간과 구조로 흥미를 유지합니다.', 'Y', '2024/02/01'),
	('user024', 26, 774, '노즈워크 매트는 견고하게 제작되었나요?', '내구성이 뛰어나 오랜 기간 사용할 수 있습니다.', 'Y', '2024/02/01'),
	('user025', 26, 775, '노즈워크 매트는 장시간 사용해도 괜찮나요?', '편안한 소재로 장시간 사용해도 적합합니다.', 'Y', '2024/02/01'),
	('user026', 26, 776, '노즈워크 매트는 반려동물이 물어도 쉽게 손상되지 않나요?', '물림 방지 처리가 되어 있어 쉽게 손상되지 않습니다.', 'Y', '2024/02/01'),
	('user027', 26, 777, '노즈워크 매트는 반려동물이 지루하지 않도록 다양한 구조물이 포함되어 있나요?', '다양한 형태의 구조물이 포함되어 있습니다.', 'Y', '2024/02/01'),
	('user028', 26, 778, '노즈워크 매트는 반려동물의 두뇌 발달에 도움을 주나요?', '놀이를 통해 두뇌 발달을 촉진합니다.', 'Y', '2024/02/01'),
	('user029', 26, 779, '노즈워크 매트는 반려동물이 안전하게 놀 수 있도록 끝부분이 부드럽게 처리되었나요?', '끝부분을 부드럽게 처리해 안전성을 높였습니다.', 'Y', '2024/02/01'),
	('user030', 26, 780, '노즈워크 매트는 사용 시 소음이 나지 않나요?', '소음을 최소화한 소재로 제작되었습니다.', 'Y', '2024/02/01'),
	('user001', 27, 781, '터그 로프 장난감은 어떤 소재로 만들어졌나요?', NULL, 'Y', '2024/02/01'),
	('user002', 27, 782, '터그 로프 장난감은 내구성이 강한가요?', NULL, 'Y', '2024/02/01'),
	('user003', 27, 783, '터그 로프 장난감은 대형견도 사용할 수 있나요?', NULL, 'Y', '2024/02/01'),
	('user004', 27, 784, '터그 로프 장난감은 소형견도 적합한가요?', NULL, 'Y', '2024/02/01'),
	('user005', 27, 785, '터그 로프 장난감은 반려동물이 물어도 안전한가요?', NULL, 'Y', '2024/02/01'),
	('user006', 27, 786, '터그 로프 장난감은 길이가 적당한가요?', NULL, 'Y', '2024/02/01'),
	('user007', 27, 787, '터그 로프 장난감은 색상이 다양한가요?', NULL, 'Y', '2024/02/01'),
	('user008', 27, 788, '터그 로프 장난감은 반려동물이 쉽게 물 수 있나요?', NULL, 'Y', '2024/02/01'),
	('user009', 27, 789, '터그 로프 장난감은 세탁이 가능한가요?', NULL, 'Y', '2024/02/01'),
	('user010', 27, 790, '터그 로프 장난감은 배송이 빠른가요?', NULL, 'Y', '2024/02/01'),
	('user011', 27, 791, '터그 로프 장난감은 다치지 않도록 부드럽게 처리되었나요?', NULL, 'Y', '2024/02/01'),
	('user012', 27, 792, '터그 로프 장난감은 끊어지지 않나요?', NULL, 'Y', '2024/02/01'),
	('user013', 27, 793, '터그 로프 장난감은 반려동물이 지루하지 않도록 설계되었나요?', NULL, 'Y', '2024/02/01'),
	('user014', 27, 794, '터그 로프 장난감은 활동량을 늘리는 데 효과적인가요?', NULL, 'Y', '2024/02/01'),
	('user015', 27, 795, '터그 로프 장난감은 두 마리의 반려동물이 함께 사용할 수 있나요?', NULL, 'Y', '2024/02/01'),
	('user016', 27, 796, '터그 로프 장난감은 장시간 사용해도 손상되지 않나요?', NULL, 'Y', '2024/02/01'),
	('user017', 27, 797, '터그 로프 장난감은 가격 대비 품질이 좋은가요?', NULL, 'Y', '2024/02/01'),
	('user018', 27, 798, '터그 로프 장난감은 반려동물의 스트레스를 줄여주나요?', NULL, 'Y', '2024/02/01'),
	('user019', 27, 799, '터그 로프 장난감은 반려묘도 사용할 수 있나요?', NULL, 'Y', '2024/02/01'),
	('user020', 27, 800, '터그 로프 장난감은 씻어도 색이 변하지 않나요?', NULL, 'Y', '2024/02/01'),
	('user021', 27, 801, '터그 로프 장난감은 견고하게 제작되었나요?', NULL, 'Y', '2024/02/01'),
	('user022', 27, 802, '터그 로프 장난감은 반려동물이 쉽게 물고 끌 수 있나요?', NULL, 'Y', '2024/02/01'),
	('user023', 27, 803, '터그 로프 장난감은 반려동물이 놀다가 다치지 않나요?', NULL, 'Y', '2024/02/01'),
	('user024', 27, 804, '터그 로프 장난감은 다양한 크기로 제공되나요?', NULL, 'Y', '2024/02/01'),
	('user025', 27, 805, '터그 로프 장난감은 휴대가 간편한가요?', NULL, 'Y', '2024/02/01'),
	('user026', 27, 806, '터그 로프 장난감은 가벼운가요?', NULL, 'Y', '2024/02/01'),
	('user027', 27, 807, '터그 로프 장난감은 반려동물이 쉽게 흥미를 잃지 않나요?', NULL, 'Y', '2024/02/01'),
	('user028', 27, 808, '터그 로프 장난감은 실내외 모두 사용 가능한가요?', NULL, 'Y', '2024/02/01'),
	('user029', 27, 809, '터그 로프 장난감은 환경 친화적인가요?', NULL, 'Y', '2024/02/01'),
	('user030', 27, 810, '터그 로프 장난감은 다양한 놀이에 활용할 수 있나요?', NULL, 'Y', '2024/02/01'),
	('user001', 27, 781, '터그 로프 장난감은 어떤 소재로 만들어졌나요?', '튼튼한 면 소재로 제작되었습니다.', 'Y', '2024/02/01'),
	('user002', 27, 782, '터그 로프 장난감은 내구성이 강한가요?', '이중 꼬임 처리로 내구성이 매우 강합니다.', 'Y', '2024/02/01'),
	('user003', 27, 783, '터그 로프 장난감은 대형견도 사용할 수 있나요?', '대형견도 사용할 수 있도록 견고하게 제작되었습니다.', 'Y', '2024/02/01'),
	('user004', 27, 784, '터그 로프 장난감은 소형견도 적합한가요?', '소형견도 사용할 수 있는 작은 크기 옵션이 있습니다.', 'Y', '2024/02/01'),
	('user005', 27, 785, '터그 로프 장난감은 반려동물이 물어도 안전한가요?', '무독성 소재로 안전하게 사용할 수 있습니다.', 'Y', '2024/02/01'),
	('user006', 27, 786, '터그 로프 장난감은 길이가 적당한가요?', '반려동물이 편리하게 사용할 수 있는 적당한 길이로 제작되었습니다.', 'Y', '2024/02/01'),
	('user007', 27, 787, '터그 로프 장난감은 색상이 다양한가요?', '다양한 색상 옵션으로 제공됩니다.', 'Y', '2024/02/01'),
	('user008', 27, 788, '터그 로프 장난감은 반려동물이 쉽게 물 수 있나요?', '손잡이가 있어 쉽게 물고 끌 수 있습니다.', 'Y', '2024/02/01'),
	('user009', 27, 789, '터그 로프 장난감은 세탁이 가능한가요?', '세탁이 가능하며 위생적으로 관리할 수 있습니다.', 'Y', '2024/02/01'),
	('user010', 27, 790, '터그 로프 장난감은 배송이 빠른가요?', '빠른 배송 서비스를 제공합니다.', 'Y', '2024/02/01'),
	('user011', 27, 791, '터그 로프 장난감은 다치지 않도록 부드럽게 처리되었나요?', '끝부분이 부드럽게 처리되어 반려동물이 안전하게 사용할 수 있습니다.', 'Y', '2024/02/01'),
	('user012', 27, 792, '터그 로프 장난감은 끊어지지 않나요?', '고품질의 내구성 있는 소재로 쉽게 끊어지지 않습니다.', 'Y', '2024/02/01'),
	('user013', 27, 793, '터그 로프 장난감은 반려동물이 지루하지 않도록 설계되었나요?', '다양한 색상과 구조로 지루하지 않게 설계되었습니다.', 'Y', '2024/02/01'),
	('user014', 27, 794, '터그 로프 장난감은 활동량을 늘리는 데 효과적인가요?', '놀이를 통해 반려동물의 활동량을 효과적으로 늘릴 수 있습니다.', 'Y', '2024/02/01'),
	('user015', 27, 795, '터그 로프 장난감은 두 마리의 반려동물이 함께 사용할 수 있나요?', '충분히 견고하여 두 마리의 반려동물이 함께 놀 수 있습니다.', 'Y', '2024/02/01'),
	('user016', 27, 796, '터그 로프 장난감은 장시간 사용해도 손상되지 않나요?', '내구성이 뛰어나 장시간 사용에도 손상되지 않습니다.', 'Y', '2024/02/01'),
	('user017', 27, 797, '터그 로프 장난감은 가격 대비 품질이 좋은가요?', '합리적인 가격에 높은 품질을 제공합니다.', 'Y', '2024/02/01'),
	('user018', 27, 798, '터그 로프 장난감은 반려동물의 스트레스를 줄여주나요?', '놀이를 통해 스트레스를 줄여줍니다.', 'Y', '2024/02/01'),
	('user019', 27, 799, '터그 로프 장난감은 반려묘도 사용할 수 있나요?', '반려묘도 사용할 수 있는 크기와 디자인입니다.', 'Y', '2024/02/01'),
	('user020', 27, 800, '터그 로프 장난감은 씻어도 색이 변하지 않나요?', '특수 염색 처리로 세탁 후에도 색상이 유지됩니다.', 'Y', '2024/02/01'),
	('user021', 27, 801, '터그 로프 장난감은 견고하게 제작되었나요?', '이중 꼬임과 고강도 소재로 제작되어 견고합니다.', 'Y', '2024/02/01'),
	('user022', 27, 802, '터그 로프 장난감은 반려동물이 쉽게 물고 끌 수 있나요?', '반려동물이 쉽게 물고 끌 수 있도록 디자인되었습니다.', 'Y', '2024/02/01'),
	('user023', 27, 803, '터그 로프 장난감은 반려동물이 놀다가 다치지 않나요?', '부드러운 마감 처리로 다치지 않도록 설계되었습니다.', 'Y', '2024/02/01'),
	('user024', 27, 804, '터그 로프 장난감은 다양한 크기로 제공되나요?', '소형, 중형, 대형 크기로 제공됩니다.', 'Y', '2024/02/01'),
	('user025', 27, 805, '터그 로프 장난감은 휴대가 간편한가요?', '가벼운 무게와 컴팩트한 크기로 휴대가 간편합니다.', 'Y', '2024/02/01'),
	('user026', 27, 806, '터그 로프 장난감은 가벼운가요?', '가벼운 무게로 반려동물이 쉽게 사용할 수 있습니다.', 'Y', '2024/02/01'),
	('user027', 27, 807, '터그 로프 장난감은 반려동물이 쉽게 흥미를 잃지 않나요?', '다양한 색상과 움직임으로 흥미를 유지합니다.', 'Y', '2024/02/01'),
	('user028', 27, 808, '터그 로프 장난감은 실내외 모두 사용 가능한가요?', '실내외 모두에서 안전하게 사용할 수 있습니다.', 'Y', '2024/02/01'),
	('user029', 27, 809, '터그 로프 장난감은 환경 친화적인가요?', '친환경 소재를 사용하여 제작되었습니다.', 'Y', '2024/02/01'),
	('user030', 27, 810, '터그 로프 장난감은 다양한 놀이에 활용할 수 있나요?', '다양한 놀이 방식에 활용 가능한 다용도 장난감입니다.', 'Y', '2024/02/01'),
	('user001', 28, 811, '자동 레이저 포인터는 어떤 기능이 있나요?', NULL, 'Y', '2024/02/01'),
	('user002', 28, 812, '자동 레이저 포인터는 배터리로 작동하나요?', NULL, 'Y', '2024/02/01'),
	('user003', 28, 813, '자동 레이저 포인터는 타이머 기능이 있나요?', NULL, 'Y', '2024/02/01'),
	('user004', 28, 814, '자동 레이저 포인터는 고양이만 사용 가능한가요?', NULL, 'Y', '2024/02/01'),
	('user005', 28, 815, '자동 레이저 포인터는 다양한 패턴이 제공되나요?', NULL, 'Y', '2024/02/01'),
	('user006', 28, 816, '자동 레이저 포인터는 소음이 심하지 않나요?', NULL, 'Y', '2024/02/01'),
	('user007', 28, 817, '자동 레이저 포인터는 안전한가요?', NULL, 'Y', '2024/02/01'),
	('user008', 28, 818, '자동 레이저 포인터는 쉽게 설치할 수 있나요?', NULL, 'Y', '2024/02/01'),
	('user009', 28, 819, '자동 레이저 포인터는 작동 거리가 얼마나 되나요?', NULL, 'Y', '2024/02/01'),
	('user010', 28, 820, '자동 레이저 포인터는 충전식인가요?', NULL, 'Y', '2024/02/01'),
	('user011', 28, 821, '자동 레이저 포인터는 고양이 흥미를 끌기에 적합한가요?', NULL, 'Y', '2024/02/01'),
	('user012', 28, 822, '자동 레이저 포인터는 내구성이 강한가요?', NULL, 'Y', '2024/02/01'),
	('user013', 28, 823, '자동 레이저 포인터는 반려묘의 스트레스를 줄여줄 수 있나요?', NULL, 'Y', '2024/02/01'),
	('user014', 28, 824, '자동 레이저 포인터는 디자인이 세련되었나요?', NULL, 'Y', '2024/02/01'),
	('user015', 28, 825, '자동 레이저 포인터는 LED 밝기가 조절 가능한가요?', NULL, 'Y', '2024/02/01'),
	('user016', 28, 826, '자동 레이저 포인터는 작동 시간이 얼마나 되나요?', NULL, 'Y', '2024/02/01'),
	('user017', 28, 827, '자동 레이저 포인터는 다양한 색상의 레이저를 지원하나요?', NULL, 'Y', '2024/02/01'),
	('user018', 28, 828, '자동 레이저 포인터는 대형 공간에서도 사용할 수 있나요?', NULL, 'Y', '2024/02/01'),
	('user019', 28, 829, '자동 레이저 포인터는 고양이가 다칠 위험은 없나요?', NULL, 'Y', '2024/02/01'),
	('user020', 28, 830, '자동 레이저 포인터는 사용이 편리한가요?', NULL, 'Y', '2024/02/01'),
	('user021', 28, 831, '자동 레이저 포인터는 가격 대비 품질이 좋은가요?', NULL, 'Y', '2024/02/01'),
	('user022', 28, 832, '자동 레이저 포인터는 배송이 빠른가요?', NULL, 'Y', '2024/02/01'),
	('user023', 28, 833, '자동 레이저 포인터는 실내외 모두 사용 가능한가요?', NULL, 'Y', '2024/02/01'),
	('user024', 28, 834, '자동 레이저 포인터는 전원 어댑터가 포함되어 있나요?', NULL, 'Y', '2024/02/01'),
	('user025', 28, 835, '자동 레이저 포인터는 청소가 간단한가요?', NULL, 'Y', '2024/02/01'),
	('user026', 28, 836, '자동 레이저 포인터는 설정이 복잡하지 않나요?', NULL, 'Y', '2024/02/01'),
	('user027', 28, 837, '자동 레이저 포인터는 작동 중에 발열이 심하지 않나요?', NULL, 'Y', '2024/02/01'),
	('user028', 28, 838, '자동 레이저 포인터는 반려묘가 흥미를 잃지 않게 설계되었나요?', NULL, 'Y', '2024/02/01'),
	('user029', 28, 839, '자동 레이저 포인터는 소모품이 자주 필요한가요?', NULL, 'Y', '2024/02/01'),
	('user030', 28, 840, '자동 레이저 포인터는 무게가 가벼운가요?', NULL, 'Y', '2024/02/01'),
	('user001', 28, 811, '자동 레이저 포인터는 어떤 기능이 있나요?', '다양한 패턴으로 움직이며 타이머 기능이 포함되어 있습니다.', 'Y', '2024/02/01'),
	('user002', 28, 812, '자동 레이저 포인터는 배터리로 작동하나요?', 'AA 배터리 2개로 작동합니다.', 'Y', '2024/02/01'),
	('user003', 28, 813, '자동 레이저 포인터는 타이머 기능이 있나요?', '네, 15분 간격으로 자동 종료되는 타이머가 내장되어 있습니다.', 'Y', '2024/02/01'),
	('user004', 28, 814, '자동 레이저 포인터는 고양이만 사용 가능한가요?', '반려견도 사용할 수 있지만, 주로 반려묘를 위한 제품입니다.', 'Y', '2024/02/01'),
	('user005', 28, 815, '자동 레이저 포인터는 다양한 패턴이 제공되나요?', '5가지 이상의 패턴으로 반려묘의 흥미를 유도합니다.', 'Y', '2024/02/01'),
	('user006', 28, 816, '자동 레이저 포인터는 소음이 심하지 않나요?', '작동 중 소음이 거의 나지 않아 조용하게 사용할 수 있습니다.', 'Y', '2024/02/01'),
	('user007', 28, 817, '자동 레이저 포인터는 안전한가요?', '눈에 해롭지 않은 저출력 레이저를 사용해 안전합니다.', 'Y', '2024/02/01'),
	('user008', 28, 818, '자동 레이저 포인터는 쉽게 설치할 수 있나요?', '조립이 필요 없이 바로 사용할 수 있습니다.', 'Y', '2024/02/01'),
	('user009', 28, 819, '자동 레이저 포인터는 작동 거리가 얼마나 되나요?', '최대 5미터까지 작동이 가능합니다.', 'Y', '2024/02/01'),
	('user010', 28, 820, '자동 레이저 포인터는 충전식인가요?', '배터리형으로 충전 기능은 없습니다.', 'Y', '2024/02/01'),
	('user011', 28, 821, '자동 레이저 포인터는 고양이 흥미를 끌기에 적합한가요?', '랜덤 패턴으로 고양이의 흥미를 유발합니다.', 'Y', '2024/02/01'),
	('user012', 28, 822, '자동 레이저 포인터는 내구성이 강한가요?', '고품질 소재로 제작되어 내구성이 뛰어납니다.', 'Y', '2024/02/01'),
	('user013', 28, 823, '자동 레이저 포인터는 반려묘의 스트레스를 줄여줄 수 있나요?', '놀이를 통해 반려묘의 스트레스를 완화시킵니다.', 'Y', '2024/02/01'),
	('user014', 28, 824, '자동 레이저 포인터는 디자인이 세련되었나요?', '심플하고 세련된 디자인으로 인테리어에도 잘 어울립니다.', 'Y', '2024/02/01'),
	('user015', 28, 825, '자동 레이저 포인터는 LED 밝기가 조절 가능한가요?', '밝기는 조절할 수 없습니다.', 'Y', '2024/02/01'),
	('user016', 28, 826, '자동 레이저 포인터는 작동 시간이 얼마나 되나요?', '배터리 교체 없이 약 6시간 연속 작동이 가능합니다.', 'Y', '2024/02/01'),
	('user017', 28, 827, '자동 레이저 포인터는 다양한 색상의 레이저를 지원하나요?', '단일 색상(빨간색) 레이저만 제공됩니다.', 'Y', '2024/02/01'),
	('user018', 28, 828, '자동 레이저 포인터는 대형 공간에서도 사용할 수 있나요?', '넓은 공간에서도 사용이 가능하도록 설계되었습니다.', 'Y', '2024/02/01'),
	('user019', 28, 829, '자동 레이저 포인터는 고양이가 다칠 위험은 없나요?', '레이저 각도와 출력이 안전하게 설정되어 있습니다.', 'Y', '2024/02/01'),
	('user020', 28, 830, '자동 레이저 포인터는 사용이 편리한가요?', '한 번의 버튼으로 작동하여 매우 편리합니다.', 'Y', '2024/02/01'),
	('user021', 28, 831, '자동 레이저 포인터는 가격 대비 품질이 좋은가요?', '합리적인 가격으로 우수한 품질을 제공합니다.', 'Y', '2024/02/01'),
	('user022', 28, 832, '자동 레이저 포인터는 배송이 빠른가요?', '빠른 배송이 가능하며 포장이 꼼꼼합니다.', 'Y', '2024/02/01'),
	('user023', 28, 833, '자동 레이저 포인터는 실내외 모두 사용 가능한가요?', '실내에서 사용하는 것이 더 적합하지만, 실외에서도 사용 가능합니다.', 'Y', '2024/02/01'),
	('user024', 28, 834, '자동 레이저 포인터는 전원 어댑터가 포함되어 있나요?', '전원 어댑터는 포함되어 있지 않습니다.', 'Y', '2024/02/01'),
	('user025', 28, 835, '자동 레이저 포인터는 청소가 간단한가요?', '표면을 간단히 닦아 관리할 수 있습니다.', 'Y', '2024/02/01'),
	('user026', 28, 836, '자동 레이저 포인터는 설정이 복잡하지 않나요?', '간단한 설정으로 바로 사용할 수 있습니다.', 'Y', '2024/02/01'),
	('user027', 28, 837, '자동 레이저 포인터는 작동 중에 발열이 심하지 않나요?', '발열을 최소화한 설계로 안전하게 사용할 수 있습니다.', 'Y', '2024/02/01'),
	('user028', 28, 838, '자동 레이저 포인터는 반려묘가 흥미를 잃지 않게 설계되었나요?', '랜덤 움직임과 패턴으로 흥미를 유지합니다.', 'Y', '2024/02/01'),
	('user029', 28, 839, '자동 레이저 포인터는 소모품이 자주 필요한가요?', '별도의 소모품이 필요하지 않습니다.', 'Y', '2024/02/01'),
	('user030', 28, 840, '자동 레이저 포인터는 무게가 가벼운가요?', '컴팩트한 디자인으로 가벼워 이동이 편리합니다.', 'Y', '2024/02/01'),
	('user001', 29, 841, '치석제거 장난감볼은 어떤 소재로 만들어졌나요?', NULL, 'Y', '2024/02/01'),
	('user002', 29, 842, '치석제거 장난감볼은 반려동물이 안전하게 사용할 수 있나요?', NULL, 'Y', '2024/02/01'),
	('user003', 29, 843, '치석제거 장난감볼은 내구성이 강한가요?', NULL, 'Y', '2024/02/01'),
	('user004', 29, 844, '치석제거 장난감볼은 고무 냄새가 심하지 않나요?', NULL, 'Y', '2024/02/01'),
	('user005', 29, 845, '치석제거 장난감볼은 크기가 다양한가요?', NULL, 'Y', '2024/02/01'),
	('user006', 29, 846, '치석제거 장난감볼은 간식을 넣을 수 있나요?', NULL, 'Y', '2024/02/01'),
	('user007', 29, 847, '치석제거 장난감볼은 치아 건강에 정말 도움이 되나요?', NULL, 'Y', '2024/02/01'),
	('user008', 29, 848, '치석제거 장난감볼은 작은 반려동물도 사용할 수 있나요?', NULL, 'Y', '2024/02/01'),
	('user009', 29, 849, '치석제거 장난감볼은 세척이 간편한가요?', NULL, 'Y', '2024/02/01'),
	('user010', 29, 850, '치석제거 장난감볼은 배송이 빠른가요?', NULL, 'Y', '2024/02/01'),
	('user011', 29, 851, '치석제거 장난감볼은 사용 중에 쉽게 깨지지 않나요?', NULL, 'Y', '2024/02/01'),
	('user012', 29, 852, '치석제거 장난감볼은 반려동물의 스트레스를 줄여줄 수 있나요?', NULL, 'Y', '2024/02/01'),
	('user013', 29, 853, '치석제거 장난감볼은 소음이 심하지 않나요?', NULL, 'Y', '2024/02/01'),
	('user014', 29, 854, '치석제거 장난감볼은 대형견도 사용할 수 있나요?', NULL, 'Y', '2024/02/01'),
	('user015', 29, 855, '치석제거 장난감볼은 반려묘도 사용할 수 있나요?', NULL, 'Y', '2024/02/01'),
	('user016', 29, 856, '치석제거 장난감볼은 장시간 사용해도 변형되지 않나요?', NULL, 'Y', '2024/02/01'),
	('user017', 29, 857, '치석제거 장난감볼은 환경 친화적인가요?', NULL, 'Y', '2024/02/01'),
	('user018', 29, 858, '치석제거 장난감볼은 턱이 약한 반려동물도 사용할 수 있나요?', NULL, 'Y', '2024/02/01'),
	('user019', 29, 859, '치석제거 장난감볼은 사용 후 관리가 간편한가요?', NULL, 'Y', '2024/02/01'),
	('user020', 29, 860, '치석제거 장난감볼은 물고 다니기 편한가요?', NULL, 'Y', '2024/02/01'),
	('user021', 29, 861, '치석제거 장난감볼은 가격 대비 품질이 좋은가요?', NULL, 'Y', '2024/02/01'),
	('user022', 29, 862, '치석제거 장난감볼은 다양한 색상으로 제공되나요?', NULL, 'Y', '2024/02/01'),
	('user023', 29, 863, '치석제거 장난감볼은 물에서도 사용할 수 있나요?', NULL, 'Y', '2024/02/01'),
	('user024', 29, 864, '치석제거 장난감볼은 반려동물이 지루하지 않도록 설계되었나요?', NULL, 'Y', '2024/02/01'),
	('user025', 29, 865, '치석제거 장난감볼은 반려동물이 다칠 위험이 없나요?', NULL, 'Y', '2024/02/01'),
	('user026', 29, 866, '치석제거 장난감볼은 반려동물의 입 크기에 맞게 선택할 수 있나요?', NULL, 'Y', '2024/02/01'),
	('user027', 29, 867, '치석제거 장난감볼은 씹는 재미를 주도록 설계되었나요?', NULL, 'Y', '2024/02/01'),
	('user028', 29, 868, '치석제거 장난감볼은 치석 제거 효과가 눈에 띄게 보이나요?', NULL, 'Y', '2024/02/01'),
	('user029', 29, 869, '치석제거 장난감볼은 반려동물의 잇몸을 보호할 수 있나요?', NULL, 'Y', '2024/02/01'),
	('user030', 29, 870, '치석제거 장난감볼은 사용 중에 반려동물이 흥미를 잃지 않나요?', NULL, 'Y', '2024/02/01'),
	('user001', 29, 841, '치석제거 장난감볼은 어떤 소재로 만들어졌나요?', '천연 고무로 제작되어 안전합니다.', 'Y', '2024/02/01'),
	('user002', 29, 842, '치석제거 장난감볼은 반려동물이 안전하게 사용할 수 있나요?', '무독성 소재로 제작되어 반려동물이 안심하고 사용할 수 있습니다.', 'Y', '2024/02/01'),
	('user003', 29, 843, '치석제거 장난감볼은 내구성이 강한가요?', '특수 내구성 소재로 장시간 사용 가능합니다.', 'Y', '2024/02/01'),
	('user004', 29, 844, '치석제거 장난감볼은 고무 냄새가 심하지 않나요?', '저자극 천연 고무로 냄새를 최소화했습니다.', 'Y', '2024/02/01'),
	('user005', 29, 845, '치석제거 장난감볼은 크기가 다양한가요?', '소형, 중형, 대형으로 다양한 크기가 제공됩니다.', 'Y', '2024/02/01'),
	('user006', 29, 846, '치석제거 장난감볼은 간식을 넣을 수 있나요?', '내부에 간식을 숨길 수 있는 공간이 있습니다.', 'Y', '2024/02/01'),
	('user007', 29, 847, '치석제거 장난감볼은 치아 건강에 정말 도움이 되나요?', '특수 돌기 디자인으로 치석 제거에 효과적입니다.', 'Y', '2024/02/01'),
	('user008', 29, 848, '치석제거 장난감볼은 작은 반려동물도 사용할 수 있나요?', '소형 크기 옵션으로 작은 반려동물도 사용 가능합니다.', 'Y', '2024/02/01'),
	('user009', 29, 849, '치석제거 장난감볼은 세척이 간편한가요?', '물이 잘 통과되는 구조로 세척이 간편합니다.', 'Y', '2024/02/01'),
	('user010', 29, 850, '치석제거 장난감볼은 배송이 빠른가요?', '빠른 배송 서비스를 제공합니다.', 'Y', '2024/02/01'),
	('user011', 29, 851, '치석제거 장난감볼은 사용 중에 쉽게 깨지지 않나요?', '내구성이 뛰어나 쉽게 깨지지 않습니다.', 'Y', '2024/02/01'),
	('user012', 29, 852, '치석제거 장난감볼은 반려동물의 스트레스를 줄여줄 수 있나요?', '놀이와 함께 스트레스를 완화할 수 있습니다.', 'Y', '2024/02/01'),
	('user013', 29, 853, '치석제거 장난감볼은 소음이 심하지 않나요?', '소음을 최소화한 설계로 조용히 사용할 수 있습니다.', 'Y', '2024/02/01'),
	('user014', 29, 854, '치석제거 장난감볼은 대형견도 사용할 수 있나요?', '대형견 전용 크기도 제공됩니다.', 'Y', '2024/02/01'),
	('user015', 29, 855, '치석제거 장난감볼은 반려묘도 사용할 수 있나요?', '반려묘도 사용할 수 있도록 설계되었습니다.', 'Y', '2024/02/01'),
	('user016', 29, 856, '치석제거 장난감볼은 장시간 사용해도 변형되지 않나요?', '장시간 사용 후에도 원형을 유지합니다.', 'Y', '2024/02/01'),
	('user017', 29, 857, '치석제거 장난감볼은 환경 친화적인가요?', '친환경 소재로 제작되어 환경에 무해합니다.', 'Y', '2024/02/01'),
	('user018', 29, 858, '치석제거 장난감볼은 턱이 약한 반려동물도 사용할 수 있나요?', '부드러운 소재로 턱이 약한 반려동물도 사용할 수 있습니다.', 'Y', '2024/02/01'),
	('user019', 29, 859, '치석제거 장난감볼은 사용 후 관리가 간편한가요?', '물이 잘 빠져 관리가 간편합니다.', 'Y', '2024/02/01'),
	('user020', 29, 860, '치석제거 장난감볼은 물고 다니기 편한가요?', '가벼운 무게와 적당한 크기로 물고 다니기 편리합니다.', 'Y', '2024/02/01'),
	('user021', 29, 861, '치석제거 장난감볼은 가격 대비 품질이 좋은가요?', '합리적인 가격에 우수한 품질을 제공합니다.', 'Y', '2024/02/01'),
	('user022', 29, 862, '치석제거 장난감볼은 다양한 색상으로 제공되나요?', '다양한 색상 옵션이 제공됩니다.', 'Y', '2024/02/01'),
	('user023', 29, 863, '치석제거 장난감볼은 물에서도 사용할 수 있나요?', '방수 기능이 있어 물에서도 사용할 수 있습니다.', 'Y', '2024/02/01'),
	('user024', 29, 864, '치석제거 장난감볼은 반려동물이 지루하지 않도록 설계되었나요?', '다양한 텍스처와 색상으로 흥미를 유지합니다.', 'Y', '2024/02/01'),
	('user025', 29, 865, '치석제거 장난감볼은 반려동물이 다칠 위험이 없나요?', '부드러운 소재로 다칠 위험이 없습니다.', 'Y', '2024/02/01'),
	('user026', 29, 866, '치석제거 장난감볼은 반려동물의 입 크기에 맞게 선택할 수 있나요?', '다양한 크기로 입 크기에 맞게 선택할 수 있습니다.', 'Y', '2024/02/01'),
	('user027', 29, 867, '치석제거 장난감볼은 씹는 재미를 주도록 설계되었나요?', '특수 텍스처로 씹는 재미를 제공합니다.', 'Y', '2024/02/01'),
	('user028', 29, 868, '치석제거 장난감볼은 치석 제거 효과가 눈에 띄게 보이나요?', '꾸준히 사용하면 치석 제거 효과가 나타납니다.', 'Y', '2024/02/01'),
	('user029', 29, 869, '치석제거 장난감볼은 반려동물의 잇몸을 보호할 수 있나요?', '부드러운 텍스처로 잇몸을 보호합니다.', 'Y', '2024/02/01'),
	('user030', 29, 870, '치석제거 장난감볼은 사용 중에 반려동물이 흥미를 잃지 않나요?', '다양한 패턴과 움직임으로 흥미를 유지합니다.', 'Y', '2024/02/01'),
	('user001', 30, 871, '소리나는 곰인형은 어떤 소재로 만들어졌나요?', NULL, 'Y', '2024/02/01'),
	('user002', 30, 872, '소리나는 곰인형은 세탁이 가능한가요?', NULL, 'Y', '2024/02/01'),
	('user003', 30, 873, '소리나는 곰인형은 소리가 너무 크지 않나요?', NULL, 'Y', '2024/02/01'),
	('user004', 30, 874, '소리나는 곰인형은 고양이도 사용할 수 있나요?', NULL, 'Y', '2024/02/01'),
	('user005', 30, 875, '소리나는 곰인형은 내구성이 강한가요?', NULL, 'Y', '2024/02/01'),
	('user006', 30, 876, '소리나는 곰인형은 반려동물이 안전하게 사용할 수 있나요?', NULL, 'Y', '2024/02/01'),
	('user007', 30, 877, '소리나는 곰인형은 크기가 적당한가요?', NULL, 'Y', '2024/02/01'),
	('user008', 30, 878, '소리나는 곰인형은 배송이 빠른가요?', NULL, 'Y', '2024/02/01'),
	('user009', 30, 879, '소리나는 곰인형은 다양한 색상이 제공되나요?', NULL, 'Y', '2024/02/01'),
	('user010', 30, 880, '소리나는 곰인형은 사용 시 반려동물이 다칠 위험이 없나요?', NULL, 'Y', '2024/02/01'),
	('user011', 30, 881, '소리나는 곰인형은 반려동물이 흥미를 잃지 않게 설계되었나요?', NULL, 'Y', '2024/02/01'),
	('user012', 30, 882, '소리나는 곰인형은 장시간 사용해도 소리가 변하지 않나요?', NULL, 'Y', '2024/02/01'),
	('user013', 30, 883, '소리나는 곰인형은 털이 빠지지 않나요?', NULL, 'Y', '2024/02/01'),
	('user014', 30, 884, '소리나는 곰인형은 세척 후에도 변형되지 않나요?', NULL, 'Y', '2024/02/01'),
	('user015', 30, 885, '소리나는 곰인형은 가격 대비 품질이 좋은가요?', NULL, 'Y', '2024/02/01'),
	('user016', 30, 886, '소리나는 곰인형은 반려동물의 스트레스를 줄이는 데 도움이 되나요?', NULL, 'Y', '2024/02/01'),
	('user017', 30, 887, '소리나는 곰인형은 조작이 간단한가요?', NULL, 'Y', '2024/02/01'),
	('user018', 30, 888, '소리나는 곰인형은 반려동물이 입으로 물어도 안전한가요?', NULL, 'Y', '2024/02/01'),
	('user019', 30, 889, '소리나는 곰인형은 반려묘도 사용할 수 있나요?', NULL, 'Y', '2024/02/01'),
	('user020', 30, 890, '소리나는 곰인형은 쉽게 휴대할 수 있나요?', NULL, 'Y', '2024/02/01'),
	('user021', 30, 891, '소리나는 곰인형은 소리를 끌 수 있나요?', NULL, 'Y', '2024/02/01'),
	('user022', 30, 892, '소리나는 곰인형은 어떤 연령대의 반려동물에게 적합한가요?', NULL, 'Y', '2024/02/01'),
	('user023', 30, 893, '소리나는 곰인형은 반려동물이 씹어도 쉽게 찢어지지 않나요?', NULL, 'Y', '2024/02/01'),
	('user024', 30, 894, '소리나는 곰인형은 소리의 음질이 좋은가요?', NULL, 'Y', '2024/02/01'),
	('user025', 30, 895, '소리나는 곰인형은 사용 후 관리가 간편한가요?', NULL, 'Y', '2024/02/01'),
	('user026', 30, 896, '소리나는 곰인형은 환경 친화적인 소재로 제작되었나요?', NULL, 'Y', '2024/02/01'),
	('user027', 30, 897, '소리나는 곰인형은 고급스러운 디자인인가요?', NULL, 'Y', '2024/02/01'),
	('user028', 30, 898, '소리나는 곰인형은 털이 쉽게 더러워지지 않나요?', NULL, 'Y', '2024/02/01'),
	('user029', 30, 899, '소리나는 곰인형은 반려동물이 흥미를 잃지 않게 다양한 요소가 포함되었나요?', NULL, 'Y', '2024/02/01'),
	('user030', 30, 900, '소리나는 곰인형은 가벼운가요?', NULL, 'Y', '2024/02/01'),
	('user001', 30, 871, '소리나는 곰인형은 어떤 소재로 만들어졌나요?', '부드러운 무독성 소재로 제작되어 안전합니다.', 'Y', '2024/02/01'),
	('user002', 30, 872, '소리나는 곰인형은 세탁이 가능한가요?', '세탁기로 손쉽게 세척할 수 있습니다.', 'Y', '2024/02/01'),
	('user003', 30, 873, '소리나는 곰인형은 소리가 너무 크지 않나요?', '적당한 소리 크기로 반려동물이 부담 없이 즐길 수 있습니다.', 'Y', '2024/02/01'),
	('user004', 30, 874, '소리나는 곰인형은 고양이도 사용할 수 있나요?', '반려묘도 즐겁게 사용할 수 있습니다.', 'Y', '2024/02/01'),
	('user005', 30, 875, '소리나는 곰인형은 내구성이 강한가요?', '튼튼한 봉제 처리로 내구성이 뛰어납니다.', 'Y', '2024/02/01'),
	('user006', 30, 876, '소리나는 곰인형은 반려동물이 안전하게 사용할 수 있나요?', '무독성 소재와 부드러운 마감으로 안전성을 보장합니다.', 'Y', '2024/02/01'),
	('user007', 30, 877, '소리나는 곰인형은 크기가 적당한가요?', '중소형 반려동물 모두에게 적합한 크기로 제작되었습니다.', 'Y', '2024/02/01'),
	('user008', 30, 878, '소리나는 곰인형은 배송이 빠른가요?', '빠른 배송 서비스로 신속히 받아보실 수 있습니다.', 'Y', '2024/02/01'),
	('user009', 30, 879, '소리나는 곰인형은 다양한 색상이 제공되나요?', '다양한 색상 옵션으로 제공됩니다.', 'Y', '2024/02/01'),
	('user010', 30, 880, '소리나는 곰인형은 사용 시 반려동물이 다칠 위험이 없나요?', '안전 테스트를 거친 제품으로 다칠 위험이 없습니다.', 'Y', '2024/02/01'),
	('user011', 30, 881, '소리나는 곰인형은 반려동물이 흥미를 잃지 않게 설계되었나요?', '소리와 움직임으로 반려동물의 흥미를 유지합니다.', 'Y', '2024/02/01'),
	('user012', 30, 882, '소리나는 곰인형은 장시간 사용해도 소리가 변하지 않나요?', '고품질 소리 장치로 장시간 사용에도 변형되지 않습니다.', 'Y', '2024/02/01'),
	('user013', 30, 883, '소리나는 곰인형은 털이 빠지지 않나요?', '고정 털 처리로 털 빠짐을 최소화했습니다.', 'Y', '2024/02/01'),
	('user014', 30, 884, '소리나는 곰인형은 세척 후에도 변형되지 않나요?', '세척 후에도 원래 형태를 유지합니다.', 'Y', '2024/02/01'),
	('user015', 30, 885, '소리나는 곰인형은 가격 대비 품질이 좋은가요?', '합리적인 가격으로 우수한 품질을 제공합니다.', 'Y', '2024/02/01'),
	('user016', 30, 886, '소리나는 곰인형은 반려동물의 스트레스를 줄이는 데 도움이 되나요?', '놀이를 통해 반려동물의 스트레스를 완화합니다.', 'Y', '2024/02/01'),
	('user017', 30, 887, '소리나는 곰인형은 조작이 간단한가요?', '특별한 조작 없이 반려동물이 직접 사용할 수 있습니다.', 'Y', '2024/02/01'),
	('user018', 30, 888, '소리나는 곰인형은 반려동물이 입으로 물어도 안전한가요?', '무독성 봉제 처리로 안전합니다.', 'Y', '2024/02/01'),
	('user019', 30, 889, '소리나는 곰인형은 반려묘도 사용할 수 있나요?', '반려묘도 쉽게 사용할 수 있도록 경량화되었습니다.', 'Y', '2024/02/01'),
	('user020', 30, 890, '소리나는 곰인형은 쉽게 휴대할 수 있나요?', '컴팩트한 크기로 휴대가 간편합니다.', 'Y', '2024/02/01'),
	('user021', 30, 891, '소리나는 곰인형은 소리를 끌 수 있나요?', '소리 끄기 기능은 없습니다.', 'Y', '2024/02/01'),
	('user022', 30, 892, '소리나는 곰인형은 어떤 연령대의 반려동물에게 적합한가요?', '모든 연령대의 반려동물에게 적합합니다.', 'Y', '2024/02/01'),
	('user023', 30, 893, '소리나는 곰인형은 반려동물이 씹어도 쉽게 찢어지지 않나요?', '튼튼한 봉제로 쉽게 찢어지지 않습니다.', 'Y', '2024/02/01'),
	('user024', 30, 894, '소리나는 곰인형은 소리의 음질이 좋은가요?', '깨끗하고 선명한 소리를 제공합니다.', 'Y', '2024/02/01'),
	('user025', 30, 895, '소리나는 곰인형은 사용 후 관리가 간편한가요?', '간단히 닦아 관리할 수 있습니다.', 'Y', '2024/02/01'),
	('user026', 30, 896, '소리나는 곰인형은 환경 친화적인 소재로 제작되었나요?', '친환경 인증을 받은 소재로 제작되었습니다.', 'Y', '2024/02/01'),
	('user027', 30, 897, '소리나는 곰인형은 고급스러운 디자인인가요?', '심플하면서도 고급스러운 디자인입니다.', 'Y', '2024/02/01'),
	('user028', 30, 898, '소리나는 곰인형은 털이 쉽게 더러워지지 않나요?', '방오 처리된 소재로 쉽게 더러워지지 않습니다.', 'Y', '2024/02/01'),
	('user029', 30, 899, '소리나는 곰인형은 반려동물이 흥미를 잃지 않게 다양한 요소가 포함되었나요?', '소리와 촉감을 결합하여 흥미를 유지합니다.', 'Y', '2024/02/01'),
	('user030', 30, 900, '소리나는 곰인형은 가벼운가요?', '가벼운 무게로 반려동물이 쉽게 가지고 놀 수 있습니다.', 'Y', '2024/02/01');

-- 테이블 happypaws.products_shopping_carts 구조 내보내기
DROP TABLE IF EXISTS `products_shopping_carts`;
CREATE TABLE IF NOT EXISTS `products_shopping_carts` (
  `US_ID` varchar(20) DEFAULT NULL,
  `PR_ID` int(11) DEFAULT NULL,
  `PR_NAME` varchar(255) NOT NULL,
  `PR_THUMBNAIL` text NOT NULL,
  `PR_OPT_NAME` varchar(255) NOT NULL,
  `PR_OPT_PRICE` int(11) NOT NULL,
  `PRSC_NO` int(11) NOT NULL AUTO_INCREMENT,
  `PRSC_QUANTITY` int(11) NOT NULL,
  `PRSC_PRICE` int(11) NOT NULL,
  PRIMARY KEY (`PRSC_NO`)
) ENGINE=InnoDB AUTO_INCREMENT=35 DEFAULT CHARSET=utf8mb4 COLLATE=utf8mb4_general_ci;

-- 테이블 데이터 happypaws.products_shopping_carts:~0 rows (대략적) 내보내기
DELETE FROM `products_shopping_carts`;

-- 테이블 happypaws.products_wishlist 구조 내보내기
DROP TABLE IF EXISTS `products_wishlist`;
CREATE TABLE IF NOT EXISTS `products_wishlist` (
  `US_ID` varchar(20) DEFAULT NULL,
  `PR_ID` int(11) DEFAULT NULL,
  `PR_NAME` varchar(255) NOT NULL,
  `PR_THUMBNAIL` text NOT NULL,
  `PR_OPT_NAME` varchar(255) NOT NULL,
  `PR_OPT_PRICE` int(11) NOT NULL,
  `PRWL_NO` int(11) NOT NULL AUTO_INCREMENT,
  `PRWL_DATE` varchar(100) NOT NULL,
  PRIMARY KEY (`PRWL_NO`),
  UNIQUE KEY `US_ID` (`US_ID`,`PR_ID`,`PR_OPT_NAME`)
) ENGINE=InnoDB AUTO_INCREMENT=5 DEFAULT CHARSET=utf8mb4 COLLATE=utf8mb4_general_ci;

-- 테이블 데이터 happypaws.products_wishlist:~0 rows (대략적) 내보내기
DELETE FROM `products_wishlist`;

-- 테이블 happypaws.product_options 구조 내보내기
DROP TABLE IF EXISTS `product_options`;
CREATE TABLE IF NOT EXISTS `product_options` (
  `PR_ID` int(11) NOT NULL,
  `PR_OPT_ID` int(11) NOT NULL,
  `PR_OPT_NAME` varchar(255) NOT NULL,
  `PR_OPT_STOCK` int(11) NOT NULL,
  `PR_OPT_PRICE` int(11) NOT NULL,
  `PR_OPT_STATUS` enum('available','out_of_stock','discontinued') NOT NULL,
  PRIMARY KEY (`PR_ID`,`PR_OPT_ID`)
) ENGINE=InnoDB DEFAULT CHARSET=utf8mb4 COLLATE=utf8mb4_general_ci;

-- 테이블 데이터 happypaws.product_options:~79 rows (대략적) 내보내기
DELETE FROM `product_options`;
INSERT INTO `product_options` (`PR_ID`, `PR_OPT_ID`, `PR_OPT_NAME`, `PR_OPT_STOCK`, `PR_OPT_PRICE`, `PR_OPT_STATUS`) VALUES
	(1, 1, '2kg', 100, 45000, 'available'),
	(1, 2, '4kg', 80, 80000, 'available'),
	(1, 3, '8kg', 50, 150000, 'available'),
	(2, 1, '2kg', 120, 52000, 'available'),
	(2, 2, '4kg', 90, 95000, 'available'),
	(2, 3, '8kg', 60, 180000, 'available'),
	(3, 1, '1kg', 80, 58000, 'available'),
	(3, 2, '2kg', 60, 110000, 'available'),
	(3, 3, '4kg', 40, 200000, 'available'),
	(4, 1, '소고기맛 200g', 150, 15000, 'available'),
	(4, 2, '연어맛 200g', 150, 15000, 'available'),
	(4, 3, '닭고기맛 200g', 150, 15000, 'available'),
	(5, 1, '초소형견용 (10개입)', 200, 12000, 'available'),
	(5, 2, '소형견용 (10개입)', 200, 15000, 'available'),
	(5, 3, '중대형견용 (10개입)', 180, 18000, 'available'),
	(6, 1, '연어맛 150g', 120, 25000, 'available'),
	(6, 2, '치즈맛 150g', 120, 25000, 'available'),
	(6, 3, '소고기맛 150g', 120, 25000, 'available'),
	(7, 1, '100매', 200, 18900, 'available'),
	(7, 2, '200매', 180, 35000, 'available'),
	(7, 3, '300매', 150, 49000, 'available'),
	(8, 1, '150ml', 100, 16500, 'available'),
	(8, 2, '300ml', 80, 29000, 'available'),
	(9, 1, '120ml', 150, 23000, 'available'),
	(9, 2, '240ml', 120, 42000, 'available'),
	(10, 1, '민트향 100ml', 180, 19900, 'available'),
	(10, 2, '무향 100ml', 180, 19900, 'available'),
	(11, 1, '50매', 200, 35000, 'available'),
	(11, 2, '100매', 180, 65000, 'available'),
	(11, 3, '200매', 150, 120000, 'available'),
	(12, 1, '250ml', 150, 15900, 'available'),
	(12, 2, '500ml', 120, 28000, 'available'),
	(13, 1, '500ml', 100, 32000, 'available'),
	(13, 2, '1L', 80, 58000, 'available'),
	(14, 1, '300ml', 120, 28000, 'available'),
	(14, 2, '500ml', 100, 45000, 'available'),
	(15, 1, '소형견용', 80, 45000, 'available'),
	(15, 2, '중대형견용', 80, 48000, 'available'),
	(15, 3, '장모용', 80, 48000, 'available'),
	(16, 1, '소형견용', 100, 39000, 'available'),
	(16, 2, '중대형견용', 100, 42000, 'available'),
	(17, 1, '250ml', 150, 26000, 'available'),
	(17, 2, '500ml', 120, 45000, 'available'),
	(18, 1, '기본 3종 세트', 50, 89000, 'available'),
	(18, 2, '프리미엄 5종 세트', 30, 150000, 'available'),
	(19, 1, 'S', 100, 45000, 'available'),
	(19, 2, 'M', 100, 45000, 'available'),
	(19, 3, 'L', 100, 45000, 'available'),
	(20, 1, 'S', 120, 25000, 'available'),
	(20, 2, 'M', 120, 25000, 'available'),
	(20, 3, 'L', 120, 25000, 'available'),
	(21, 1, 'S', 100, 32000, 'available'),
	(21, 2, 'M', 100, 32000, 'available'),
	(21, 3, 'L', 100, 32000, 'available'),
	(22, 1, 'S (가슴둘레 30-40cm)', 80, 38000, 'available'),
	(22, 2, 'M (가슴둘레 40-50cm)', 80, 38000, 'available'),
	(22, 3, 'L (가슴둘레 50-60cm)', 80, 38000, 'available'),
	(23, 1, 'S', 60, 42000, 'available'),
	(23, 2, 'M', 60, 42000, 'available'),
	(23, 3, 'L', 60, 42000, 'available'),
	(24, 1, 'S', 100, 28000, 'available'),
	(24, 2, 'M', 100, 28000, 'available'),
	(24, 3, 'L', 100, 28000, 'available'),
	(25, 1, '기본형', 150, 12000, 'available'),
	(25, 2, '깃털 리필형', 120, 15000, 'available'),
	(25, 3, 'LED 장착형', 100, 18000, 'available'),
	(26, 1, '소형 (50x50cm)', 80, 35000, 'available'),
	(26, 2, '대형 (70x70cm)', 60, 45000, 'available'),
	(27, 1, '소형 (30cm)', 120, 15000, 'available'),
	(27, 2, '중형 (50cm)', 120, 18000, 'available'),
	(27, 3, '대형 (70cm)', 100, 22000, 'available'),
	(28, 1, '기본형', 100, 28000, 'available'),
	(28, 2, '고급형 (리모컨 포함)', 80, 35000, 'available'),
	(29, 1, '소형 (지름 5cm)', 147, 16000, 'available'),
	(29, 2, '중형 (지름 8cm)', 148, 19000, 'available'),
	(29, 3, '대형 (지름 12cm)', 118, 23000, 'available'),
	(30, 1, '미니 (15cm)', 191, 19000, 'available'),
	(30, 2, '기본 (25cm)', 177, 25000, 'available'),
	(30, 3, '대형 (40cm)', 148, 35000, 'available'),
	(31, 1, '기본', 100, 100, 'available'),
	(31, 2, '개정판', 50, 1100, 'available'),
	(32, 1, '기본', 100, 10000, 'available'),
	(32, 2, '대형', 50, 11000, 'available');

-- 테이블 happypaws.qna 구조 내보내기
DROP TABLE IF EXISTS `qna`;
CREATE TABLE IF NOT EXISTS `qna` (
  `qna_seq` int(11) NOT NULL AUTO_INCREMENT,
  `qna_id` varchar(20) NOT NULL,
  `qna_title` varchar(255) NOT NULL,
  `qna_content` text NOT NULL,
  `qna_date` varchar(20) NOT NULL,
  `qna_count` int(11) DEFAULT 0,
  `qna_del` varchar(2) DEFAULT 'N',
  PRIMARY KEY (`qna_seq`)
) ENGINE=InnoDB AUTO_INCREMENT=74 DEFAULT CHARSET=utf8mb4 COLLATE=utf8mb4_general_ci;

-- 테이블 데이터 happypaws.qna:~23 rows (대략적) 내보내기
DELETE FROM `qna`;
INSERT INTO `qna` (`qna_seq`, `qna_id`, `qna_title`, `qna_content`, `qna_date`, `qna_count`, `qna_del`) VALUES
	(1, 'test1234', '반려동물 입양 준비 과정', '<p>반려동물을 입양하기 전에 꼭 확인해야 할 사항들을 안내합니다. 가족 구성원의 동의와 생활 환경이 잘 준비되어 있는지 확인해 보세요.</p><p>입양 후에 필요한 물품들도 미리 준비하는 것이 좋습니다. 특히 반려동물이 필요로 하는 필수적인 물품들에 대해 고민해보세요.</p><p>가족과 함께 반려동물을 맞이하는 기쁨을 미리 준비해보세요.</p>', '2024-11-01 10:20:30', 5, 'N'),
	(2, 'user1234', '반려동물용품 추천 리스트', '<p>반려동물을 위한 용품들을 구매할 때 고민이 많으시죠? 필수적으로 준비해야 할 물품 리스트를 작성해 보았습니다.</p><p>물그릇과 밥그릇은 쉽게 뒤집히지 않는 형태로 준비하는 것이 좋습니다. 그리고 반려동물의 편안한 잠자리를 위해 쿠션이나 침대도 필요합니다.</p><p>반려동물의 건강과 행복을 위해 필요한 용품들을 꼼꼼하게 준비해 보세요.</p>', '2024-11-02 14:15:45', 8, 'N'),
	(3, 'user5678', '반려견 입양 첫날 이야기', '<p>오늘은 반려견을 입양한 첫날이었습니다. 처음 우리 집에 온 강아지는 약간 겁을 먹은 듯했지만, 금세 적응하기 시작했어요.</p><p>반려견은 소파 주변을 탐색하고, 간식을 주자 바로 마음을 열고 다가왔습니다. 앞으로 반려견과의 시간이 너무 기대됩니다.</p><p>여러분의 반려동물 입양 첫날은 어떠셨나요?</p>', '2024-11-03 09:45:10', 10, 'N'),
	(4, 'test1234', '고양이 입양 후 첫 번째 밤', '<p>고양이를 입양한 첫날 밤, 고양이는 처음에는 낯설어했지만 금세 집안 구석구석을 탐색하기 시작했습니다.</p><p>특히 창가에서 새소리를 들으며 안정된 모습이 참 보기 좋았습니다. 고양이의 새 환경 적응을 돕기 위해 조용한 공간을 제공해주었습니다.</p><p>처음 입양할 때의 떨림과 설렘이 아직도 생생하네요.</p>', '2024-11-04 18:25:30', 4, 'N'),
	(5, 'user1234', '반려동물의 건강검진 주기', '<p>반려동물의 건강을 위해 정기적인 건강검진은 필수입니다. 일반적으로 반려견과 반려묘의 경우 6개월에서 1년에 한 번 건강검진을 받는 것이 좋습니다.</p><p>특히 어린 반려동물은 더 자주 검진을 받아야 하며, 나이가 든 반려동물도 주기적으로 건강 상태를 체크해 주어야 합니다.</p><p>반려동물의 건강을 책임지는 첫걸음은 바로 정기적인 검진입니다.</p>', '2024-11-05 11:10:00', 12, 'N'),
	(6, 'user5678', '강아지와 함께한 첫 산책', '<p>오늘은 강아지와 첫 산책을 다녀왔어요. 처음이라 긴장한 기색이 역력했지만, 조금씩 적응하면서 산책을 즐기기 시작했답니다.</p><p>다른 강아지들과 마주쳤을 때 흥분하기도 했지만, 잘 달래면서 산책을 마쳤어요. 앞으로도 매일 산책을 다니며 강아지와의 추억을 쌓아가고 싶습니다.</p><p>여러분도 반려견과의 산책을 즐겨보세요!</p>', '2024-11-06 08:55:25', 15, 'N'),
	(7, 'test1234', '고양이와 함께하는 놀이 시간', '<p>고양이와 함께하는 놀이는 고양이의 스트레스를 줄이고 건강을 유지하는 데 매우 중요합니다. 오늘은 새로 장만한 장난감으로 고양이와 신나게 놀아보았습니다.</p><p>특히 공을 던져주면 공을 쫓아다니는 모습이 너무 귀엽더군요. 고양이의 놀이 시간은 하루에 최소 30분 이상 확보해주는 것이 좋습니다.</p><p>여러분의 반려묘는 어떤 놀이를 가장 좋아하나요?</p>', '2024-11-07 13:30:40', 6, 'N'),
	(8, 'user1234', '반려동물과 함께한 첫 가족 사진', '<p>오늘은 가족들과 함께 반려동물과 첫 가족 사진을 찍었어요. 카메라 앞에서 조금 긴장하는 것 같았지만, 몇 번의 촬영 끝에 멋진 사진을 얻을 수 있었답니다.</p><p>특히 반려견이 꼬리를 흔드는 모습이 너무 귀여웠어요. 반려동물과의 추억을 사진으로 남기는 것이 참 좋네요.</p><p>여러분도 반려동물과 함께 사진 찍어보세요!</p>', '2024-11-08 10:05:15', 9, 'N'),
	(9, 'user5678', '고양이의 새로운 숨숨집', '<p>최근에 고양이에게 새로운 숨숨집을 마련해주었어요. 처음엔 낯설어했지만, 금세 그 안에서 시간을 보내기 시작했습니다.</p><p>특히 햇빛이 잘 드는 창가에 숨숨집을 놓아주었더니 고양이가 편안해하며 그곳에서 낮잠을 자더라구요. 반려묘에게 편안한 공간을 제공해주는 것은 정말 중요합니다.</p><p>여러분의 고양이는 어떤 장소를 가장 좋아하나요?</p>', '2024-11-09 17:40:00', 7, 'N'),
	(10, 'test1234', '반려동물의 식습관 관리2', '<p>반려동물의 식습관 관리는 건강 유지에 매우 중요합니다. 오늘은 반려견의 식사량과 급여 시간을 조정해 보았어요.</p><p>규칙적인 시간에 적절한 양을 주는 것이 반려동물의 건강을 유지하는 데 도움이 됩니다. 간식을 주는 것도 중요하지만, 너무 자주 주지 않도록 조심해야 해요.</p><p>여러분의 반려동물은 식습관이 잘 관리되고 있나요?</p>', '2024-11-10 12:30:00', 1, 'N'),
	(11, 'user1234', '강아지와 함께한 첫 물놀이-2-1', '<p>이번 주말에는 강아지와 함께 첫 물놀이를 다녀왔습니다. 처음엔 물을 무서워하던 강아지가 점차 적응하면서 물속에서 노는 것을 즐기기 시작했어요.</p><p>특히 공을 물속에 던져주면 물을 튀기며 신나게 노는 모습이 너무 인상적이었답니다. 반려견과 물놀이를 할 때는 항상 안전에 유의해야 해요.</p><p>여러분의 반려견은 물놀이를 좋아하나요?</p>', '2024-11-11 16:20:45', 1, 'N'),
	(12, 'user5678', '고양이와 함께한 첫 산책 도전', '<p>실내에서만 지내던 고양이와 처음으로 산책을 시도해보았어요. 목줄을 매는 것부터 적응시키는 데 시간이 걸렸지만, 고양이도 점차 밖의 세상에 흥미를 보이기 시작했습니다.</p><p>물론 아직은 산책이 낯설어 보이지만, 새로운 경험을 함께 한다는 것이 기뻤습니다. 천천히 적응해 나가려고 해요.</p><p>여러분도 고양이와 산책을 시도해보세요!</p>', '2024-11-12 09:50:00', 13, 'N'),
	(13, 'test1234', '고양이의 첫 목욕 이야기', '<p>오늘은 고양이와 처음으로 목욕을 했습니다. 고양이가 물을 싫어할까 걱정했지만 의외로 잘 참아주더군요.</p><p>목욕 후 따뜻하게 말려주고, 고양이가 좋아하는 간식을 주며 안정시켰습니다.</p><p>이번 경험으로 고양이와의 신뢰가 더욱 깊어진 것 같습니다.</p><p>여러분의 고양이는 목욕을 어떻게 받아들이나요?</p>', '2024-11-17 15:30:00', 5, 'N'),
	(14, 'user5678', '반려견과의 첫 등산', '<p>오늘은 반려견과 함께 등산을 다녀왔습니다. 처음 높은 곳으로 가는 게 힘들지 않을까 걱정했지만 반려견이 생각보다 잘 걸어주었어요.</p><p>중간중간 쉬는 시간에 물을 충분히 주고 간식도 챙겨줬습니다. 산 정상에 올라선 후에는 경치를 함께 바라보며 특별한 시간을 보냈습니다.</p><p>여러분도 반려견과 함께 자연을 만끽해 보세요!</p>', '2024-11-18 09:00:00', 12, 'N'),
	(15, 'user1234', '고양이의 새로운 장난감2-1', '<p>최근에 고양이를 위해 새로운 장난감을 구입했습니다. 특히 깃털이 달린 낚싯대 장난감을 좋아하더군요.</p><p>고양이가 장난감에 집중하는 모습은 너무 귀여워요. 하루에 30분 이상은 꼭 이 장난감으로 놀아줍니다.</p><p>고양이의 건강과 행복을 위해 매일 조금씩 시간을 내서 함께 놀아주는 것이 중요해요.</p><p>여러분의 고양이는 어떤 장난감을 좋아하나요?</p>', '2024-11-19 13:20:00', 1, 'N'),
	(16, 'test1234', '반려동물과의 첫 캠핑', '<p>이번 주말에는 반려동물과 함께 캠핑을 다녀왔어요. 처음엔 낯설어했지만, 시간이 지나면서 반려견도 캠핑 분위기에 익숙해졌습니다.</p><p>특히 캠프파이어 주변에서 따뜻하게 쉬는 모습이 너무 사랑스러웠어요. 캠핑은 반려동물과의 유대감을 더욱 깊게 해주는 좋은 기회였던 것 같습니다.</p><p>캠핑을 계획 중이시라면 반려동물을 위한 따뜻한 공간을 마련해 주세요.</p>', '2024-11-20 16:45:00', 10, 'N'),
	(17, 'user5678', '고양이의 먹이 급여 방법', '<p>고양이에게 규칙적인 시간에 먹이를 주는 것이 중요하다는 걸 다시 느꼈습니다. 요즘 고양이의 체중이 늘어 고민이 되어 먹이 급여량을 조절하고 있어요.</p><p>하루에 여러 번 소량씩 나누어 주면 고양이의 소화에도 좋고, 과식을 방지할 수 있다고 하네요.</p><p>여러분도 고양이의 식사 습관을 점검해 보세요!</p>', '2024-11-21 08:10:00', 5, 'N'),
	(18, 'user1234', '반려견과의 겨울 산책 준비', '<p>겨울에는 반려견과의 산책 준비가 더 중요해집니다. 특히 발을 보호할 수 있는 신발을 신겨주는 것이 좋아요.</p><p>추운 날씨에 맞게 반려견에게 따뜻한 옷을 입히고, 산책 시간은 평소보다 짧게 유지하는 것이 좋습니다.</p><p>여러분의 반려견은 겨울 산책을 좋아하나요?</p>', '2024-11-22 10:30:00', 2, 'N'),
	(19, 'test1234', '고양이의 스트레스 완화법', '<p>고양이가 가끔 스트레스를 받는 것 같아 최근 스트레스 완화를 위해 캣닢을 사용해 보았습니다.</p><p>고양이가 캣닢에 반응하며 기분 좋게 노는 모습이 너무 귀여웠어요. 스트레스를 줄여주기 위해서는 고양이의 환경을 안정적으로 유지하는 것도 중요합니다.</p><p>여러분의 고양이는 어떤 방법으로 스트레스를 풀고 있나요?</p>', '2024-11-23 14:15:00', 12, 'N'),
	(20, 'user5678', '반려동물과 함께하는 요가', '<p>최근 반려동물과 함께 요가를 시도해 보았어요. 요가 매트 위에서 반려견이 함께 누워 있는 모습이 너무 귀엽더군요.</p><p>특히 스트레칭 동작을 할 때 반려견도 옆에서 따라 하려는 모습이 보기 좋았습니다. 반려동물과의 시간은 이렇게 간단한 운동으로도 충분히 즐거울 수 있습니다.</p><p>여러분도 반려동물과 함께 간단한 운동을 시도해 보세요!</p>', '2024-11-24 11:50:00', 16, 'N'),
	(21, 'user1234', '고양이와의 첫 여행', '<p>고양이와 함께 첫 여행을 떠나 보았습니다. 이동 중에는 캐리어 안에서 고양이가 안정감을 느낄 수 있도록 담요를 깔아주었어요.</p><p>도착한 곳에서는 처음엔 긴장했지만, 금세 주변을 탐색하고 적응하기 시작했습니다. 여행은 고양이와의 새로운 경험을 공유하는 좋은 기회였습니다.</p><p>여러분도 고양이와의 여행을 계획해 보세요!</p>', '2024-11-25 17:05:00', 2, 'N'),
	(22, 'test1234', '반려동물의 털 관리 요령', '<p>반려동물의 털 관리는 매일 조금씩 하는 것이 중요합니다. 특히 털이 많이 빠지는 시기에는 빗질을 자주 해주는 것이 좋아요.</p><p>강아지의 경우 빗질을 통해 피부 자극을 줄이고 털 엉킴을 방지할 수 있습니다. 또한, 고양이도 자주 빗어주면 털 삼킴을 줄일 수 있습니다.</p><p>여러분의 반려동물은 빗질을 좋아하나요?</p>', '2024-11-26 09:40:00', 39, 'N'),
	(70, 'admin', '무뎅인형 이벤트는 언제까지 하나요??', '<p>제목그대로 입니다!</p>', '2024-11-22 11:18:41', 21, 'Y'),
	(71, 'user004', '테스트 질문', '<p>질문 내용</p>', '2024-11-25 15:10:47', 2, 'Y'),
	(72, 'user004', '테스트', '<p>테스트 질문</p><p><br></p><p><img src="/resources/boarduploads/3d10e884-3a8b-4e1c-aac2-9d6dd8979f0c_DataStructure.jpg" style="max-width: 450px; width: 100%;"></p>', '2024-11-25 15:53:48', 1, 'Y'),
	(73, 'admin', '1', '<p>12</p>', '2024-11-25 17:08:11', 1, 'Y');

-- 테이블 happypaws.qna_comment 구조 내보내기
DROP TABLE IF EXISTS `qna_comment`;
CREATE TABLE IF NOT EXISTS `qna_comment` (
  `qna_cmt_seq` int(11) NOT NULL AUTO_INCREMENT,
  `qna_seq` int(11) NOT NULL,
  `qna_cmt_id` varchar(20) NOT NULL,
  `qna_cmt_content` varchar(500) NOT NULL,
  `qna_cmt_date` varchar(20) NOT NULL,
  PRIMARY KEY (`qna_cmt_seq`)
) ENGINE=InnoDB AUTO_INCREMENT=6 DEFAULT CHARSET=utf8mb4 COLLATE=utf8mb4_general_ci;

-- 테이블 데이터 happypaws.qna_comment:~3 rows (대략적) 내보내기
DELETE FROM `qna_comment`;
INSERT INTO `qna_comment` (`qna_cmt_seq`, `qna_seq`, `qna_cmt_id`, `qna_cmt_content`, `qna_cmt_date`) VALUES
	(1, 21, 'user1234', '안녕하세요!!', '2024-11-18 17:48:04'),
	(2, 21, 'test12345', 'ㅎㅎㅎㅎㅎㅎㅎ', '2024-11-19 16:42:39'),
	(4, 21, 'admin', '너무 귀엽네요!!', '2024-11-22 11:15:51'),
	(5, 73, 'admin', '1', '2024-11-25 17:08:18');

-- 테이블 happypaws.users 구조 내보내기
DROP TABLE IF EXISTS `users`;
CREATE TABLE IF NOT EXISTS `users` (
  `US_ID` char(50) NOT NULL,
  `US_SNS` enum('default','naver','kakao') NOT NULL DEFAULT 'default',
  `US_PASSWORD` varchar(70) NOT NULL,
  `US_NAME` varchar(21) NOT NULL,
  `US_NICK` varchar(60) NOT NULL,
  `US_EMAIL` varchar(40) DEFAULT NULL,
  `US_PHONE` varchar(16) DEFAULT NULL,
  `US_ADDRESS` text DEFAULT NULL,
  `US_DATE` date DEFAULT current_timestamp(),
  `US_IS_DEL` enum('Y','N') NOT NULL DEFAULT 'N',
  `us_profile` varchar(255) DEFAULT 'default.jpg',
  `postcode` varchar(20) DEFAULT NULL,
  PRIMARY KEY (`US_ID`,`US_SNS`),
  UNIQUE KEY `US_NICK` (`US_NICK`)
) ENGINE=InnoDB DEFAULT CHARSET=utf8mb4 COLLATE=utf8mb4_general_ci;

-- 테이블 데이터 happypaws.users:~47 rows (대략적) 내보내기
DELETE FROM `users`;
INSERT INTO `users` (`US_ID`, `US_SNS`, `US_PASSWORD`, `US_NAME`, `US_NICK`, `US_EMAIL`, `US_PHONE`, `US_ADDRESS`, `US_DATE`, `US_IS_DEL`, `us_profile`, `postcode`) VALUES
	('3782516695', 'kakao', '81zCPhupYAuUvqMpdWRgow$3hV3ggl6T74ScnLQ6rwcDEKtV3wV+7STb2EdCQP75F0', '강동준', '강동준', 'sks05194@naver.com', '+82 10-5358-9945', NULL, '2024-11-21', 'N', '3782516695.jpg', NULL),
	('3797564548', 'kakao', 'EKEOxA3DYI+R4CkDzib0yQ$1Pi1YH15pU1CPExt3bEGH6zyWnQ0hqHBbnTpwgjoAr4', '비밀이야~!', '아리아나 그란데', 'secret@naver.com', '+82 10-5764-3079', '아메리카', '2024-11-21', 'N', '3797564548.png', ''),
	('43lw9rTUKraNlAqqXnM_-Rj6p23x4bz-_Km9CtTcPy8', 'naver', 's8oN/xCpu8Ojwlt4+Kg2tg$Av/nDNffSpPVb1rM0Dy3/bE0347OxMLev0miTKXDW/4', '이현승', '방랑객', 'lucian1120@naver.com', '010-3372-1681', NULL, '2024-11-18', 'N', '43lw9rTUKraNlAqqXnM_-Rj6p23x4bz-_Km9CtTcPy8.PNG', NULL),
	('admin', 'default', '1NAz7/SBToEGL1XHaQG/yQ$cqgszVysPVGzAiYii+9hXxqO/deiEBgLzhomDUhDfdY', '관리자', '관리자', 'test@naver.com', '', '경기 군포시 건건로 199', '2024-11-08', 'N', 'default.jpg', NULL),
	('choi1234', 'default', 'Q0KUh+hjtCSGQClaOxJyvQ$k5wnF3PrbRncw9ykhn8y9IatxZdy8rXq1W7YR0mO9CY', '최지혁', '카피바라러버', 'test@naver.com', '010-4058-9446', ' ', '2024-11-22', 'N', 'default.jpg', NULL),
	('hAqKbTiM0BMSpQfF0qaz26BCLyAI4-OThJzRGK9ophI', 'naver', 'LPjuQe3UQiBQpcTHN5peOg$IBahJBglNoV4QldYnIgjaxIYozffEZe5YcSapsfYJd8', '김민지', 'mmm', 'mmm307955@gmail.com', '010-5764-3079', NULL, '2024-11-21', 'N', 'hAqKbTiM0BMSpQfF0qaz26BCLyAI4-OThJzRGK9ophI.png', NULL),
	('ikarosala', 'default', 'AZhSwykcPIMxKG+/O0SKsA$hw4JvRHyLk3vMo3JD5+LAdozOldjriGx1fvOsQGTIpA', '조영미', '쌤', 'ikaros_ala@naver.com', '010-2995-2928', '서울 성동구 서울숲길 17 (성수동1가, 성수파크빌)', '2024-11-21', 'N', 'ikarosala.png', '04766'),
	('jisu4175', 'default', 'FlobzPUSdhGhyxzjccKcqw$NpH7bj1xwP2l7K9SrOH35wK0s7Zv8Q3bNVf8Cj6yzUk', '한지수', '한한한', 'a@naver.com', '010-5798-0698', '안양시 어딘가', '2024-11-21', 'N', 'jisu4175.png', ''),
	('kim45678', 'default', 'At+bc7O6B3gBfOZt4usKyA$Myb/2G9ZftVd060yVNE0xOfHmnllibSc6gla1L2nhmU', '홍기민', '민홍', 'k2em@g.com', '010-2426-3748', '경기 안양시 동안구 관양로 11 (비산동, 삼호주택) ', '2024-11-22', 'N', 'default.jpg', NULL),
	('Kitten', 'default', 'DlRxSaLa2ebWsIfYm5L5bg$Vu7zDsPNxWCOe0nIkTmfWQV59k1jSuI9Id3pf3JfwjY', '고먀미', '아기고얌미', 'catty@gmail.com', '010-5764-3079', '서울 종로구 인사동길 12 대일빌딩 15층', '2024-11-19', 'N', 'Kitten.png', NULL),
	('pIboOzoz_M-x-nfXpsE885qRQWVADxPnUV3snnkHiho', 'naver', 'l0qkYr47qriw/qeVV0UVQw$a01mkynuD9RAHZdUjbjlTdOijhqmKgeDIhO+RfiLCAY', '강동준', '태륵사', 'sks05194@naver.com', '010-5358-9945', NULL, '2024-11-08', 'N', 'pIboOzoz_M-x-nfXpsE885qRQWVADxPnUV3snnkHiho.jpg', NULL),
	('test', 'default', 'TG8KSkJf4/MPoDMCh4pdKQ$gxYsdVgwebjxMFDVrL/J0cy4AkZ2IT+f+mkUbnxinyc', '강동준', '테스트', '', '010-5358-9945', '', '2024-11-11', 'N', 'default.jpg', NULL),
	('test123', 'default', 'EiisL7iVx2AHttFUsE6NiQ$JF1d86/h2u9sTrzFiw7Gl1iiSBZ16fyDfPKVsKYUsRU', '테스트', '테스트123', 'test@happypaws.com', '010-5358-9945', '전북특별자치도 고창군 공음면 선동남산길 30-3 (선동리)', '2024-11-25', 'N', 'test123.png', '56462'),
	('test1234', 'default', 'kPucLRYfMMvbpEWULkkiQA$RglZREfQ3eC+5+r9aDAdPwJvGCmf83Qj76FXUgy5mbU', '테스트', '피카츄', 'test@gmail.com', '010-3938-9586', '', '2024-11-06', 'N', 'default2.jpg', NULL),
	('test12345', 'default', 'e2YRekDocxyAP5lYPuYWrQ$1BXhuzeJ3InwOqR+osOsNpIcNeH+oNHwoXPhamieLB8', '무뎅', '무뎅', 'xncnwk@naver.com', '010-3938-9586', '경기 부천시 소사구 경인로10번길 25-44 (송내동)', '2024-11-19', 'N', 'test12345.png', '14743'),
	('testkkk', 'default', 'o6gKbekTPqkF4iBISQx2OA$cTqkm200yFMClcx5NzHsiBbmctk1hFGavsV2Krr8RZ0', '테스트', '테닉스네트임k', 'testkkk@happypaws.kro.kr', '010-5358-9945', '경기 안양시 동안구 시민대로 63 (호계동)', '2024-11-21', 'N', NULL, '14042'),
	('us100', 'default', '1NAz7/SBToEGL1XHaQG/yQ$cqgszVysPVGzAiYii+9hXxqO/deiEBgLzhomDUhDfdY', '사용자100-12', '사용자1010', 'aaaa@example.com', '010-1234-5678', '서울 성북구 아리랑로 3', '2024-11-08', 'N', 'default.jpg', NULL),
	('user001', 'default', '1NAz7/SBToEGL1XHaQG/yQ$cqgszVysPVGzAiYii+9hXxqO/deiEBgLzhomDUhDfdY', '강동준', 'user001', 'user001@hi.com', '010-5358-9945', 'user001', '2024-11-04', 'N', 'default.jpg', NULL),
	('user004', 'default', '1NAz7/SBToEGL1XHaQG/yQ$cqgszVysPVGzAiYii+9hXxqO/deiEBgLzhomDUhDfdY', '박민수', '민수짱7777', 'park@example.com', '010-3333-4444', '대구시 달서구', '2023-10-08', 'N', NULL, NULL),
	('user005', 'default', '1NAz7/SBToEGL1XHaQG/yQ$cqgszVysPVGzAiYii+9hXxqO/deiEBgLzhomDUhDfdY', '최수정', '수정스타', 'choi@example.com', '010-5555-6666', '광주시 북구', '2023-10-09', 'N', 'default.jpg', NULL),
	('user006', 'default', '1NAz7/SBToEGL1XHaQG/yQ$cqgszVysPVGzAiYii+9hXxqO/deiEBgLzhomDUhDfdY', '정영호', '호영이', 'jung@example.com', '010-7777-8888', '울산시 남구', '2023-10-10', 'N', 'default.jpg', NULL),
	('user007', 'default', '1NAz7/SBToEGL1XHaQG/yQ$cqgszVysPVGzAiYii+9hXxqO/deiEBgLzhomDUhDfdY', '송지민', '지미니', 'song@example.com', '010-1234-7890', '대전시 서구', '2023-10-11', 'N', 'default.jpg', NULL),
	('user008', 'default', 'AaGA14jmadNKSQhx5Rkx/A$IexYu8RdcO701m7Xg264onedn5qvyzaqOiQAjzwvc+0', '한지훈', '훈이짱', 'han@example.com', '010-2345-6789', '수원시 팔달구', '2023-10-12', 'N', 'default.jpg', NULL),
	('user009', 'default', '1NAz7/SBToEGL1XHaQG/yQ$cqgszVysPVGzAiYii+9hXxqO/deiEBgLzhomDUhDfdY', '김민정', '정정이', 'kim@example.com', '010-3456-7890', '용인시 기흥구', '2023-10-13', 'N', 'default.jpg', NULL),
	('user010', 'default', '1NAz7/SBToEGL1XHaQG/yQ$cqgszVysPVGzAiYii+9hXxqO/deiEBgLzhomDUhDfdY', '이수현', '수현공주', 'lee@example.com', '010-4567-8901', '서울시 강남구', '2023-10-14', 'N', 'default.jpg', NULL),
	('user011', 'default', '1NAz7/SBToEGL1XHaQG/yQ$cqgszVysPVGzAiYii+9hXxqO/deiEBgLzhomDUhDfdY', '조민지', '조수달', 'jo@example.com', '010-5678-9012', '인천시 연수구', '2023-10-15', 'N', 'default.jpg', NULL),
	('user012', 'default', '1NAz7/SBToEGL1XHaQG/yQ$cqgszVysPVGzAiYii+9hXxqO/deiEBgLzhomDUhDfdY', '황준호', '호짱호', 'hwang@example.com', '010-6789-0123', '대구시 수성구', '2023-10-16', 'N', 'default.jpg', NULL),
	('user013', 'default', '1NAz7/SBToEGL1XHaQG/yQ$cqgszVysPVGzAiYii+9hXxqO/deiEBgLzhomDUhDfdY', '고지훈', '고고', 'ko@example.com', '010-7890-1234', '부천시 원미구', '2023-10-17', 'N', 'default.jpg', NULL),
	('user014', 'default', '1NAz7/SBToEGL1XHaQG/yQ$cqgszVysPVGzAiYii+9hXxqO/deiEBgLzhomDUhDfdY', '서유리', '리리공주', 'seo@example.com', '010-8901-2345', '청주시 상당구', '2023-10-18', 'N', 'default.jpg', NULL),
	('user015', 'default', '1NAz7/SBToEGL1XHaQG/yQ$cqgszVysPVGzAiYii+9hXxqO/deiEBgLzhomDUhDfdY', '신지훈', '훈느님', 'shin@example.com', '010-9012-3456', '전주시 완산구', '2023-10-19', 'N', 'default.jpg', NULL),
	('user016', 'default', '1NAz7/SBToEGL1XHaQG/yQ$cqgszVysPVGzAiYii+9hXxqO/deiEBgLzhomDUhDfdY', '윤지아', '지아링', 'yoon@example.com', '010-1122-3344', '세종시', '2023-10-20', 'N', 'default.jpg', NULL),
	('user017', 'default', '1NAz7/SBToEGL1XHaQG/yQ$cqgszVysPVGzAiYii+9hXxqO/deiEBgLzhomDUhDfdY', '백승환', '백곰', 'baek@example.com', '010-2233-4455', '성남시 분당구', '2023-10-21', 'N', 'default.jpg', NULL),
	('user018', 'default', '1NAz7/SBToEGL1XHaQG/yQ$cqgszVysPVGzAiYii+9hXxqO/deiEBgLzhomDUhDfdY', '차예슬', '예슬빛', 'cha@example.com', '010-3344-5566', '안산시 단원구', '2023-10-22', 'N', 'default.jpg', NULL),
	('user019', 'default', '1NAz7/SBToEGL1XHaQG/yQ$cqgszVysPVGzAiYii+9hXxqO/deiEBgLzhomDUhDfdY', '오서연', '연이킴', 'oh@example.com', '010-4455-6677', '고양시 일산동구', '2023-10-23', 'N', 'default.jpg', NULL),
	('user020', 'default', '1NAz7/SBToEGL1XHaQG/yQ$cqgszVysPVGzAiYii+9hXxqO/deiEBgLzhomDUhDfdY', '문지후', '후기문', 'moon@example.com', '010-5566-7788', '창원시 성산구', '2023-10-24', 'N', 'default.jpg', NULL),
	('user021', 'default', '1NAz7/SBToEGL1XHaQG/yQ$cqgszVysPVGzAiYii+9hXxqO/deiEBgLzhomDUhDfdY', '임하은', '하늘님', 'lim@example.com', '010-6677-8899', '수원시 영통구', '2023-10-25', 'N', 'default.jpg', NULL),
	('user022', 'default', '1NAz7/SBToEGL1XHaQG/yQ$cqgszVysPVGzAiYii+9hXxqO/deiEBgLzhomDUhDfdY', '유동하', '유유동', 'yu@example.com', '010-7788-9900', '안양시 만안구', '2023-10-26', 'N', 'default.jpg', NULL),
	('user023', 'default', '1NAz7/SBToEGL1XHaQG/yQ$cqgszVysPVGzAiYii+9hXxqO/deiEBgLzhomDUhDfdY', '심준혁', '혁신가', 'sim@example.com', '010-8899-0011', '화성시', '2023-10-27', 'N', 'default.jpg', NULL),
	('user024', 'default', '1NAz7/SBToEGL1XHaQG/yQ$cqgszVysPVGzAiYii+9hXxqO/deiEBgLzhomDUhDfdY', '권유진', '유진보', 'kwon@example.com', '010-9900-1122', '성남시 수정구', '2023-10-28', 'N', 'default.jpg', NULL),
	('user025', 'default', '1NAz7/SBToEGL1XHaQG/yQ$cqgszVysPVGzAiYii+9hXxqO/deiEBgLzhomDUhDfdY', '엄태윤', '태하자', 'um@example.com', '010-1111-2233', '남양주시', '2023-10-29', 'N', 'default.jpg', NULL),
	('user026', 'default', '1NAz7/SBToEGL1XHaQG/yQ$cqgszVysPVGzAiYii+9hXxqO/deiEBgLzhomDUhDfdY', '최준영', '영준이', 'choi@example.com', '010-2222-3344', '의정부시', '2023-10-30', 'N', 'default.jpg', NULL),
	('user027', 'default', '1NAz7/SBToEGL1XHaQG/yQ$cqgszVysPVGzAiYii+9hXxqO/deiEBgLzhomDUhDfdY', '조성은', '은성희', 'jo@example.com', '010-3333-4455', '서울시 관악구', '2023-10-31', 'N', 'default.jpg', NULL),
	('user028', 'default', '1NAz7/SBToEGL1XHaQG/yQ$cqgszVysPVGzAiYii+9hXxqO/deiEBgLzhomDUhDfdY', '양지환', '환양이', 'yang@example.com', '010-4444-5566', '서울시 강북구', '2023-11-01', 'N', 'default.jpg', NULL),
	('user029', 'default', '1NAz7/SBToEGL1XHaQG/yQ$cqgszVysPVGzAiYii+9hXxqO/deiEBgLzhomDUhDfdY', '장하윤', '장윤짱', 'jang@example.com', '010-5555-6677', '부산시 중구', '2023-11-02', 'N', 'default.jpg', NULL),
	('user030', 'default', '1NAz7/SBToEGL1XHaQG/yQ$cqgszVysPVGzAiYii+9hXxqO/deiEBgLzhomDUhDfdY', '정하영', '영하별', 'jung@example.com', '010-6666-7788', '서울시 마포구', '2023-11-03', 'N', 'default.jpg', NULL),
	('user1234', 'default', '1NAz7/SBToEGL1XHaQG/yQ$cqgszVysPVGzAiYii+9hXxqO/deiEBgLzhomDUhDfdY', '사용자', '스타★', 'test@naver.com', '010-3938-9586', '경기 성남시 분당구 대왕판교로 477 (판교동, 낙생고등학교)', '2024-11-01', 'N', 'user1234.png', '13480'),
	('user5678', 'default', 'PsHZUosqY+q64tWdgAwvqw$NeFU7b08L6ujG9Peunfp0QFZXQq/BftQ591PkcscQfc', '파이리', '야돈', '', '010-1234-9586', '', '2024-11-08', 'N', '야돈.jpg', NULL),
	('user9876', 'default', 'p6RVnCVzq5W6vmRE52alug$GbM7BCRQfGjKhDwRotm0PTKdt5vnnLqNGErNCx5iOfs', '유저9876', '에이팜주인', 'user9876@naver.com', '010-3372-1681', ' ', '2024-11-22', 'N', 'default.jpg', NULL);

-- 뷰 happypaws.vw_active_products 구조 내보내기
DROP VIEW IF EXISTS `vw_active_products`;
-- VIEW 종속성 오류를 극복하기 위해 임시 테이블을 생성합니다.
CREATE TABLE `vw_active_products` (
	`PR_ID` INT(11) NOT NULL,
	`PR_NAME` VARCHAR(255) NOT NULL COLLATE 'utf8mb4_general_ci',
	`PR_DESC` VARCHAR(1000) NOT NULL COLLATE 'utf8mb4_general_ci',
	`PR_DETAIL_DESC` TEXT NOT NULL COLLATE 'utf8mb4_general_ci',
	`PR_UP_DATE` VARCHAR(100) NOT NULL COLLATE 'utf8mb4_general_ci',
	`PR_STATUS` ENUM('available','out_of_stock','discontinued') NOT NULL COLLATE 'utf8mb4_general_ci',
	`PR_CATEGORY` VARCHAR(20) NOT NULL COLLATE 'utf8mb4_general_ci',
	`PR_THUMBNAIL` TEXT NOT NULL COLLATE 'utf8mb4_general_ci',
	`PR_PRICE` INT(11) NOT NULL
) ENGINE=MyISAM;

-- 뷰 happypaws.vw_active_products_comments 구조 내보내기
DROP VIEW IF EXISTS `vw_active_products_comments`;
-- VIEW 종속성 오류를 극복하기 위해 임시 테이블을 생성합니다.
CREATE TABLE `vw_active_products_comments` (
	`US_ID` VARCHAR(20) NULL COLLATE 'utf8mb4_general_ci',
	`PR_ID` INT(11) NULL,
	`PR_OPT_ID` INT(11) NOT NULL,
	`PR_OPT_NAME` VARCHAR(255) NOT NULL COLLATE 'utf8mb4_general_ci',
	`PROR_ITEM_ID` INT(11) NOT NULL,
	`PROR_MASTER_ID` INT(11) NOT NULL,
	`PRC_NO` INT(11) NOT NULL,
	`PRC_DESC` VARCHAR(2000) NOT NULL COLLATE 'utf8mb4_general_ci',
	`PRC_IMAGE` TEXT NOT NULL COLLATE 'utf8mb4_general_ci',
	`PRC_RATING` TINYINT(4) NOT NULL,
	`PRC_START_DATE` VARCHAR(100) NOT NULL COLLATE 'utf8mb4_general_ci',
	`PRC_STATUS` ENUM('Y','N') NOT NULL COLLATE 'utf8mb4_general_ci',
	`PRC_REVIEW_DEADLINE` VARCHAR(100) NOT NULL COLLATE 'utf8mb4_general_ci'
) ENGINE=MyISAM;

-- 뷰 happypaws.vw_active_products_qna 구조 내보내기
DROP VIEW IF EXISTS `vw_active_products_qna`;
-- VIEW 종속성 오류를 극복하기 위해 임시 테이블을 생성합니다.
CREATE TABLE `vw_active_products_qna` (
	`US_ID` VARCHAR(20) NULL COLLATE 'utf8mb4_general_ci',
	`PR_ID` INT(11) NULL,
	`PRQ_NO` INT(11) NOT NULL,
	`PRQ_DESC` VARCHAR(500) NOT NULL COLLATE 'utf8mb4_general_ci',
	`PRQ_COMMENTS` VARCHAR(500) NULL COLLATE 'utf8mb4_general_ci',
	`PRQ_STATUS` ENUM('Y','N') NOT NULL COLLATE 'utf8mb4_general_ci',
	`PRQ_DATE` VARCHAR(100) NOT NULL COLLATE 'utf8mb4_general_ci'
) ENGINE=MyISAM;

-- 임시 테이블을 제거하고 최종 VIEW 구조를 생성
DROP TABLE IF EXISTS `vw_active_products`;
CREATE ALGORITHM=UNDEFINED SQL SECURITY DEFINER VIEW `vw_active_products` AS SELECT * FROM PRODUCTS
WHERE PR_STATUS IN ('available','out_of_stock') ;

-- 임시 테이블을 제거하고 최종 VIEW 구조를 생성
DROP TABLE IF EXISTS `vw_active_products_comments`;
CREATE ALGORITHM=UNDEFINED SQL SECURITY DEFINER VIEW `vw_active_products_comments` AS SELECT * FROM PRODUCTS_COMMENTS 
WHERE PRC_STATUS = 'Y' ;

-- 임시 테이블을 제거하고 최종 VIEW 구조를 생성
DROP TABLE IF EXISTS `vw_active_products_qna`;
CREATE ALGORITHM=UNDEFINED SQL SECURITY DEFINER VIEW `vw_active_products_qna` AS SELECT * FROM PRODUCTS_QNA
WHERE PRQ_STATUS = 'Y' ;

/*!40103 SET TIME_ZONE=IFNULL(@OLD_TIME_ZONE, 'system') */;
/*!40101 SET SQL_MODE=IFNULL(@OLD_SQL_MODE, '') */;
/*!40014 SET FOREIGN_KEY_CHECKS=IFNULL(@OLD_FOREIGN_KEY_CHECKS, 1) */;
/*!40101 SET CHARACTER_SET_CLIENT=@OLD_CHARACTER_SET_CLIENT */;
/*!40111 SET SQL_NOTES=IFNULL(@OLD_SQL_NOTES, 1) */;
